model,comparison,precision,host_cache_total_bytes,device_total_bytes,concurrency,context_tokens,p50_latency_ns,p95_latency_ns,p99_latency_ns,tokens_per_sec,mean_bytes_per_token,link_util_pct,quant_util_pct,bottleneck,cap_total_logical_kv_bytes,cap_physical_device_bytes,cap_hot_cache_bytes,cap_effective_capacity_ratio,cap_sequences_fit,cap_sequences_requested,cap_failure_reason,link_p50_wait_ns,link_p95_wait_ns,link_p99_wait_ns,link_requests,device_p50_wait_ns,device_p95_wait_ns,device_p99_wait_ns,device_requests,quant_p50_wait_ns,quant_p95_wait_ns,quant_p99_wait_ns,quant_requests,max_simultaneous_fetches,mean_miss_burst_blocks,max_miss_burst_blocks,calib_hit_rate,calib_precision,calib_recall,calib_working_set_blocks,model_compute_floor_ns,incremental_kv_p99_ns,hidden_under_compute_fraction,sim_version,backend,trace_hash8,config_hash8,completion_checksum
SmolLM2-135M,full-scan-cxl,fp16,67108864,549755813888,512,131072,0,0,0,0,1516637184.00,0,0,n/a,0,0,0,0,0,512,n/a,0,0,0,0,0,0,0,0,0,0,0,0,0,0,0,0,0,0,0,15673981.19,n/a,n/a,phase6.4-legacy,in-memory,0ce8b676,accffd77,b6e65061
SmolLM2-135M,compressed-full-scan-cxl,fp16,67108864,549755813888,512,131072,0,0,0,0,806721906.38,0,0,n/a,0,0,0,0,0,512,n/a,0,0,0,0,0,0,0,0,0,0,0,0,0,0,0,0,0,0,0,15673981.19,n/a,n/a,phase6.4-legacy,in-memory,0ce8b676,accffd77,d6979be4
SmolLM2-135M,compressed-full-scan-cxl,all-q8,67108864,549755813888,512,131072,0,0,0,0,806721906.38,0,0,n/a,0,0,0,0,0,512,n/a,0,0,0,0,0,0,0,0,0,0,0,0,0,0,0,0,0,0,0,15673981.19,n/a,n/a,phase6.4-legacy,in-memory,0ce8b676,accffd77,a433d14c
SmolLM2-135M,full-scan-cxl,safe-mixed,67108864,549755813888,512,131072,0,0,0,0,1516637184.00,0,0,n/a,0,0,0,0,0,512,n/a,0,0,0,0,0,0,0,0,0,0,0,0,0,0,0,0,0,0,0,15673981.19,n/a,n/a,phase6.4-legacy,in-memory,0ce8b676,accffd77,b6ca299a
SmolLM2-135M,full-scan-cxl,all-q8,67108864,549755813888,512,131072,0,0,0,0,1516637184.00,0,0,n/a,0,0,0,0,0,512,n/a,0,0,0,0,0,0,0,0,0,0,0,0,0,0,0,0,0,0,0,15673981.19,n/a,n/a,phase6.4-legacy,in-memory,0ce8b676,accffd77,ae6556bf
SmolLM2-135M,compressed-full-scan-cxl,safe-mixed,67108864,549755813888,512,131072,0,0,0,0,806721906.38,0,0,n/a,0,0,0,0,0,512,n/a,0,0,0,0,0,0,0,0,0,0,0,0,0,0,0,0,0,0,0,15673981.19,n/a,n/a,phase6.4-legacy,in-memory,0ce8b676,accffd77,09e12eba
SmolLM2-135M,exact-no-prefetch,fp16,67108864,549755813888,512,131072,15673981.19,15673981.19,15673981.19,0.00,3379164.57,81.54,38.19,device_capacity,1546993532928,1546993532928,67108864,0.3554,0,512,device,6273484.92,12098547.56,12900990.50,23586304,0.00,0.00,0.00,23586304,0.00,0.00,0.00,23586304,1,1169.068,1373.660,0.0000,0.0000,0.0000,0.000,15673981.19,n/a,n/a,phase6.4-legacy,in-memory,0ce8b676,accffd77,2b4090aa
SmolLM2-135M,exact-no-prefetch,fp16,268435456,549755813888,512,131072,15673981.19,15673981.19,15673981.19,0.00,3379164.57,81.54,38.19,device_capacity,1546993532928,1546993532928,268435456,0.3554,0,512,device,6273484.92,12098547.56,12900990.50,23586304,0.00,0.00,0.00,23586304,0.00,0.00,0.00,23586304,1,1169.068,1373.660,0.0000,0.0000,0.0000,0.000,15673981.19,n/a,n/a,phase6.4-legacy,in-memory,0ce8b676,accffd77,fea24a7e
SmolLM2-135M,exact-no-prefetch,fp16,67108864,1099511627776,512,131072,15673981.19,15673981.19,15673981.19,0.00,6801025.89,81.60,38.22,device_capacity,1546993532928,1546993532928,67108864,0.7107,0,512,device,6278525.08,12105387.27,12903663.77,47434752,0.00,0.00,0.00,47434752,0.00,0.00,0.00,47434752,1,1169.952,1373.660,0.0000,0.0000,0.0000,0.000,15673981.19,n/a,n/a,phase6.4-legacy,in-memory,0ce8b676,accffd77,23267410
SmolLM2-135M,exact-no-prefetch,fp16,67108864,2199023255552,512,131072,15673981.19,15673981.19,15673981.19,32665.60,9587506.55,81.63,38.23,link,1546993532928,1546993532928,67108864,1.4215,512,512,host_cache_degraded,6280750.15,12109243.54,12906639.69,66846720,0.00,0.00,0.00,66846720,0.00,0.00,0.00,66846720,1,1170.350,1373.660,0.0000,0.0000,0.0000,0.000,15673981.19,n/a,n/a,phase6.4-legacy,in-memory,0ce8b676,accffd77,1402fa57
SmolLM2-135M,exact-no-prefetch,fp16,268435456,1099511627776,512,131072,15673981.19,15673981.19,15673981.19,0.00,6801025.89,81.60,38.22,device_capacity,1546993532928,1546993532928,268435456,0.7107,0,512,device,6278525.08,12105387.27,12903663.77,47434752,0.00,0.00,0.00,47434752,0.00,0.00,0.00,47434752,1,1169.952,1373.660,0.0000,0.0000,0.0000,0.000,15673981.19,n/a,n/a,phase6.4-legacy,in-memory,0ce8b676,accffd77,6a9c23b0
SmolLM2-135M,exact-no-prefetch,fp16,268435456,2199023255552,512,131072,15673981.19,15673981.19,15673981.19,32665.60,9587506.55,81.63,38.23,link,1546993532928,1546993532928,268435456,1.4215,512,512,host_cache_degraded,6280750.15,12109243.54,12906639.69,66846720,0.00,0.00,0.00,66846720,0.00,0.00,0.00,66846720,1,1170.350,1373.660,0.0000,0.0000,0.0000,0.000,15673981.19,n/a,n/a,phase6.4-legacy,in-memory,0ce8b676,accffd77,adfab5e7
SmolLM2-135M,exact-no-prefetch,fp16,1073741824,549755813888,512,131072,15673981.19,15673981.19,15673981.19,0.00,3379164.57,81.54,38.19,device_capacity,1546993532928,1546993532928,1073741824,0.3554,0,512,device,6273484.92,12098547.56,12900990.50,23586304,0.00,0.00,0.00,23586304,0.00,0.00,0.00,23586304,1,1169.068,1373.660,0.0000,0.0000,0.0000,0.000,15673981.19,n/a,n/a,phase6.4-legacy,in-memory,0ce8b676,accffd77,f37e8ccb
SmolLM2-135M,exact-no-prefetch,fp16,1073741824,1099511627776,512,131072,15673981.19,15673981.19,15673981.19,0.00,6801025.89,81.60,38.22,device_capacity,1546993532928,1546993532928,1073741824,0.7107,0,512,device,6278525.08,12105387.27,12903663.77,47434752,0.00,0.00,0.00,47434752,0.00,0.00,0.00,47434752,1,1169.952,1373.660,0.0000,0.0000,0.0000,0.000,15673981.19,n/a,n/a,phase6.4-legacy,in-memory,0ce8b676,accffd77,1e49f8e3
SmolLM2-135M,exact-no-prefetch,fp16,1073741824,2199023255552,512,131072,15673981.19,15673981.19,15673981.19,32665.60,9587506.55,81.63,38.23,link,1546993532928,1546993532928,1073741824,1.4215,512,512,host_cache_degraded,6280750.15,12109243.54,12906639.69,66846720,0.00,0.00,0.00,66846720,0.00,0.00,0.00,66846720,1,1170.350,1373.660,0.0000,0.0000,0.0000,0.000,15673981.19,n/a,n/a,phase6.4-legacy,in-memory,0ce8b676,accffd77,afd8c456
SmolLM2-135M,exact-no-prefetch,fp16,4294967296,549755813888,512,131072,15673981.19,15673981.19,15673981.19,0.00,3155930.45,76.16,35.67,device_capacity,1546993532928,1546993532928,4294967296,0.3554,0,512,device,5833681.52,11394665.67,12226046.83,23586304,0.00,0.00,0.00,23586304,0.00,0.00,0.00,23586304,1,1091.837,1315.952,0.0603,0.0000,0.0000,0.000,15673981.19,n/a,n/a,phase6.4-legacy,in-memory,0ce8b676,accffd77,f5b3b9e8
SmolLM2-135M,exact-no-prefetch,fp16,4294967296,1099511627776,512,131072,15673981.19,15673981.19,15673981.19,0.00,6382020.88,76.58,35.86,device_capacity,1546993532928,1546993532928,4294967296,0.7107,0,512,device,5877106.29,11419253.12,12237024.96,47434752,0.00,0.00,0.00,47434752,0.00,0.00,0.00,47434752,1,1097.872,1315.952,0.0603,0.0000,0.0000,0.000,15673981.19,n/a,n/a,phase6.4-legacy,in-memory,0ce8b676,accffd77,3896189b
SmolLM2-135M,exact-no-prefetch,fp16,4294967296,2199023255552,512,131072,15673981.19,15673981.19,15673981.19,32665.60,9009846.15,76.71,35.93,link,1546993532928,1546993532928,4294967296,1.4215,512,512,host_cache_degraded,5890709.50,11429152.94,12243309.25,66846720,0.00,0.00,0.00,66846720,0.00,0.00,0.00,66846720,1,1099.835,1315.952,0.0603,0.0000,0.0000,0.000,15673981.19,n/a,n/a,phase6.4-legacy,in-memory,0ce8b676,accffd77,1849841f
SmolLM2-135M,exact-no-prefetch,fp16,8589934592,549755813888,512,131072,15673981.19,15673981.19,15673981.19,0.00,3113010.60,75.12,35.18,device_capacity,1546993532928,1546993532928,8589934592,0.3554,0,512,device,5764668.50,11313276.33,12144299.75,23533056,0.00,0.00,0.00,23533056,0.00,0.00,0.00,23533056,1,1079.425,1308.739,0.0687,0.0000,0.0000,0.000,15673981.19,n/a,n/a,phase6.4-legacy,in-memory,0ce8b676,accffd77,5983187a
SmolLM2-135M,exact-no-prefetch,fp16,8589934592,1099511627776,512,131072,15673981.19,15673981.19,15673981.19,0.00,6318008.79,75.81,35.50,device_capacity,1546993532928,1546993532928,8589934592,0.7107,0,512,device,5823292.94,11342483.79,12159100.77,47381504,0.00,0.00,0.00,47381504,0.00,0.00,0.00,47381504,1,1088.082,1308.739,0.0687,0.0000,0.0000,0.000,15673981.19,n/a,n/a,phase6.4-legacy,in-memory,0ce8b676,accffd77,0f513c6f
SmolLM2-135M,exact-no-prefetch,fp16,8589934592,2199023255552,512,131072,15673981.19,15673981.19,15673981.19,32665.60,8928666.76,76.02,35.60,link,1546993532928,1546993532928,8589934592,1.4215,512,512,host_cache_degraded,5841050.27,11353655.56,12166560.04,66793472,0.00,0.00,0.00,66793472,0.00,0.00,0.00,66793472,1,1090.794,1308.739,0.0687,0.0000,0.0000,0.000,15673981.19,n/a,n/a,phase6.4-legacy,in-memory,0ce8b676,accffd77,619534b1
SmolLM2-135M,exact-no-prefetch,all-q8,67108864,549755813888,512,131072,15673981.19,15673981.19,15673981.19,0.00,3398212.47,43.42,20.32,device_capacity,1546993532928,822868900493,67108864,0.6681,0,512,device,3341029.85,6442254.90,6867962.71,44572672,0.00,0.00,0.00,44572672,0.00,0.00,0.00,44572672,1,1169.700,1373.620,0.0000,0.0000,0.0000,0.000,15673981.19,n/a,n/a,phase6.4-legacy,in-memory,0ce8b676,accffd77,d197a0f0
SmolLM2-135M,exact-no-prefetch,all-q8,67108864,1099511627776,512,131072,15673981.19,15673981.19,15673981.19,32665.60,5099065.29,43.45,20.33,link,1546993532928,822868900493,67108864,1.3362,512,512,host_cache_degraded,3342898.81,6444993.29,6869253.04,66846720,0.00,0.00,0.00,66846720,0.00,0.00,0.00,66846720,1,1170.316,1373.620,0.0000,0.0000,0.0000,0.000,15673981.19,n/a,n/a,phase6.4-legacy,in-memory,0ce8b676,accffd77,2e8d8782
SmolLM2-135M,exact-no-prefetch,all-q8,67108864,2199023255552,512,131072,15673981.19,15673981.19,15673981.19,32665.60,5099065.29,43.45,20.33,link,1546993532928,822868900493,67108864,2.6724,512,512,host_cache_degraded,3342898.81,6444993.29,6869253.04,66846720,0.00,0.00,0.00,66846720,0.00,0.00,0.00,66846720,1,1170.316,1373.620,0.0000,0.0000,0.0000,0.000,15673981.19,n/a,n/a,phase6.4-legacy,in-memory,0ce8b676,accffd77,e7e2ff62
SmolLM2-135M,exact-no-prefetch,all-q8,268435456,549755813888,512,131072,15673981.19,15673981.19,15673981.19,0.00,3398212.47,43.42,20.32,device_capacity,1546993532928,822868900493,268435456,0.6681,0,512,device,3341029.85,6442254.90,6867962.71,44572672,0.00,0.00,0.00,44572672,0.00,0.00,0.00,44572672,1,1169.700,1373.620,0.0000,0.0000,0.0000,0.000,15673981.19,n/a,n/a,phase6.4-legacy,in-memory,0ce8b676,accffd77,f56cb496
SmolLM2-135M,exact-no-prefetch,all-q8,268435456,1099511627776,512,131072,15673981.19,15673981.19,15673981.19,32665.60,5099065.29,43.45,20.33,link,1546993532928,822868900493,268435456,1.3362,512,512,host_cache_degraded,3342898.81,6444993.29,6869253.04,66846720,0.00,0.00,0.00,66846720,0.00,0.00,0.00,66846720,1,1170.316,1373.620,0.0000,0.0000,0.0000,0.000,15673981.19,n/a,n/a,phase6.4-legacy,in-memory,0ce8b676,accffd77,5f93b125
SmolLM2-135M,exact-no-prefetch,all-q8,268435456,2199023255552,512,131072,15673981.19,15673981.19,15673981.19,32665.60,5099065.29,43.45,20.33,link,1546993532928,822868900493,268435456,2.6724,512,512,host_cache_degraded,3342898.81,6444993.29,6869253.04,66846720,0.00,0.00,0.00,66846720,0.00,0.00,0.00,66846720,1,1170.316,1373.620,0.0000,0.0000,0.0000,0.000,15673981.19,n/a,n/a,phase6.4-legacy,in-memory,0ce8b676,accffd77,3061ac0f
SmolLM2-135M,exact-no-prefetch,all-q8,1073741824,549755813888,512,131072,15673981.19,15673981.19,15673981.19,0.00,3398212.47,43.42,20.32,device_capacity,1546993532928,822868900493,1073741824,0.6681,0,512,device,3341029.85,6442254.90,6867962.71,44572672,0.00,0.00,0.00,44572672,0.00,0.00,0.00,44572672,1,1169.700,1373.620,0.0000,0.0000,0.0000,0.000,15673981.19,n/a,n/a,phase6.4-legacy,in-memory,0ce8b676,accffd77,41aac973
SmolLM2-135M,exact-no-prefetch,all-q8,1073741824,1099511627776,512,131072,15673981.19,15673981.19,15673981.19,32665.60,5099065.29,43.45,20.33,link,1546993532928,822868900493,1073741824,1.3362,512,512,host_cache_degraded,3342898.81,6444993.29,6869253.04,66846720,0.00,0.00,0.00,66846720,0.00,0.00,0.00,66846720,1,1170.316,1373.620,0.0000,0.0000,0.0000,0.000,15673981.19,n/a,n/a,phase6.4-legacy,in-memory,0ce8b676,accffd77,f528c105
SmolLM2-135M,exact-no-prefetch,all-q8,1073741824,2199023255552,512,131072,15673981.19,15673981.19,15673981.19,32665.60,5099065.29,43.45,20.33,link,1546993532928,822868900493,1073741824,2.6724,512,512,host_cache_degraded,3342898.81,6444993.29,6869253.04,66846720,0.00,0.00,0.00,66846720,0.00,0.00,0.00,66846720,1,1170.316,1373.620,0.0000,0.0000,0.0000,0.000,15673981.19,n/a,n/a,phase6.4-legacy,in-memory,0ce8b676,accffd77,e1cd6ae4
SmolLM2-135M,exact-no-prefetch,all-q8,4294967296,549755813888,512,131072,15673981.19,15673981.19,15673981.19,0.00,3157068.36,40.35,18.88,device_capacity,1546993532928,822868900493,4294967296,0.6681,0,512,device,3097695.08,6036349.21,6472383.21,44534272,0.00,0.00,0.00,44534272,0.00,0.00,0.00,44534272,1,1087.632,1308.700,0.0684,0.0000,0.0000,0.000,15673981.19,n/a,n/a,phase6.4-legacy,in-memory,0ce8b676,accffd77,2e0b4f5f
SmolLM2-135M,exact-no-prefetch,all-q8,4294967296,1099511627776,512,131072,15673981.19,15673981.19,15673981.19,32665.60,4750398.27,40.48,18.94,link,1546993532928,822868900493,4294967296,1.3362,512,512,host_cache_degraded,3109341.19,6043181.25,6475689.27,66808320,0.00,0.00,0.00,66808320,0.00,0.00,0.00,66808320,1,1090.918,1308.700,0.0684,0.0000,0.0000,0.000,15673981.19,n/a,n/a,phase6.4-legacy,in-memory,0ce8b676,accffd77,dc69cf63
SmolLM2-135M,exact-no-prefetch,all-q8,4294967296,2199023255552,512,131072,15673981.19,15673981.19,15673981.19,32665.60,4750398.27,40.48,18.94,link,1546993532928,822868900493,4294967296,2.6724,512,512,host_cache_degraded,3109341.19,6043181.25,6475689.27,66808320,0.00,0.00,0.00,66808320,0.00,0.00,0.00,66808320,1,1090.918,1308.700,0.0684,0.0000,0.0000,0.000,15673981.19,n/a,n/a,phase6.4-legacy,in-memory,0ce8b676,accffd77,c88c6482
SmolLM2-135M,exact-no-prefetch,all-q8,8589934592,549755813888,512,131072,15673981.19,15673981.19,15673981.19,0.00,3129229.88,39.99,18.71,device_capacity,1546993532928,822868900493,8589934592,0.6681,0,512,device,3089707.33,6036778.83,6472655.25,44292096,0.00,0.00,0.00,44292096,0.00,0.00,0.00,44292096,1,1083.936,1308.700,0.0738,0.0000,0.0000,0.000,15673981.19,n/a,n/a,phase6.4-legacy,in-memory,0ce8b676,accffd77,fe029a55
SmolLM2-135M,exact-no-prefetch,all-q8,8589934592,1099511627776,512,131072,15673981.19,15673981.19,15673981.19,32665.60,4722553.41,40.24,18.83,link,1546993532928,822868900493,8589934592,1.3362,512,512,host_cache_degraded,3104189.29,6043477.62,6475878.54,66566144,0.00,0.00,0.00,66566144,0.00,0.00,0.00,66566144,1,1088.469,1308.700,0.0738,0.0000,0.0000,0.000,15673981.19,n/a,n/a,phase6.4-legacy,in-memory,0ce8b676,accffd77,68d2a5d9
SmolLM2-135M,exact-no-prefetch,all-q8,8589934592,2199023255552,512,131072,15673981.19,15673981.19,15673981.19,32665.60,4722553.41,40.24,18.83,link,1546993532928,822868900493,8589934592,2.6724,512,512,host_cache_degraded,3104189.29,6043477.62,6475878.54,66566144,0.00,0.00,0.00,66566144,0.00,0.00,0.00,66566144,1,1088.469,1308.700,0.0738,0.0000,0.0000,0.000,15673981.19,n/a,n/a,phase6.4-legacy,in-memory,0ce8b676,accffd77,7c370e38
SmolLM2-135M,exact-no-prefetch,safe-mixed,67108864,549755813888,512,131072,15673981.19,15673981.19,15673981.19,0.00,3398212.47,43.42,20.32,device_capacity,1546993532928,822868900493,67108864,0.6681,0,512,device,3341029.85,6442254.90,6867962.71,44572672,0.00,0.00,0.00,44572672,0.00,0.00,0.00,44572672,1,1169.700,1373.620,0.0000,0.0000,0.0000,0.000,15673981.19,n/a,n/a,phase6.4-legacy,in-memory,0ce8b676,accffd77,1e587ed3
SmolLM2-135M,exact-no-prefetch,safe-mixed,67108864,1099511627776,512,131072,15673981.19,15673981.19,15673981.19,32665.60,5099065.29,43.45,20.33,link,1546993532928,822868900493,67108864,1.3362,512,512,host_cache_degraded,3342898.81,6444993.29,6869253.04,66846720,0.00,0.00,0.00,66846720,0.00,0.00,0.00,66846720,1,1170.316,1373.620,0.0000,0.0000,0.0000,0.000,15673981.19,n/a,n/a,phase6.4-legacy,in-memory,0ce8b676,accffd77,5c8d1ec9
SmolLM2-135M,exact-no-prefetch,safe-mixed,67108864,2199023255552,512,131072,15673981.19,15673981.19,15673981.19,32665.60,5099065.29,43.45,20.33,link,1546993532928,822868900493,67108864,2.6724,512,512,host_cache_degraded,3342898.81,6444993.29,6869253.04,66846720,0.00,0.00,0.00,66846720,0.00,0.00,0.00,66846720,1,1170.316,1373.620,0.0000,0.0000,0.0000,0.000,15673981.19,n/a,n/a,phase6.4-legacy,in-memory,0ce8b676,accffd77,95e26629
SmolLM2-135M,exact-no-prefetch,safe-mixed,268435456,549755813888,512,131072,15673981.19,15673981.19,15673981.19,0.00,3398212.47,43.42,20.32,device_capacity,1546993532928,822868900493,268435456,0.6681,0,512,device,3341029.85,6442254.90,6867962.71,44572672,0.00,0.00,0.00,44572672,0.00,0.00,0.00,44572672,1,1169.700,1373.620,0.0000,0.0000,0.0000,0.000,15673981.19,n/a,n/a,phase6.4-legacy,in-memory,0ce8b676,accffd77,2aaef3eb
SmolLM2-135M,exact-no-prefetch,safe-mixed,268435456,1099511627776,512,131072,15673981.19,15673981.19,15673981.19,32665.60,5099065.29,43.45,20.33,link,1546993532928,822868900493,268435456,1.3362,512,512,host_cache_degraded,3342898.81,6444993.29,6869253.04,66846720,0.00,0.00,0.00,66846720,0.00,0.00,0.00,66846720,1,1170.316,1373.620,0.0000,0.0000,0.0000,0.000,15673981.19,n/a,n/a,phase6.4-legacy,in-memory,0ce8b676,accffd77,c5cd7e0b
SmolLM2-135M,exact-no-prefetch,safe-mixed,268435456,2199023255552,512,131072,15673981.19,15673981.19,15673981.19,32665.60,5099065.29,43.45,20.33,link,1546993532928,822868900493,268435456,2.6724,512,512,host_cache_degraded,3342898.81,6444993.29,6869253.04,66846720,0.00,0.00,0.00,66846720,0.00,0.00,0.00,66846720,1,1170.316,1373.620,0.0000,0.0000,0.0000,0.000,15673981.19,n/a,n/a,phase6.4-legacy,in-memory,0ce8b676,accffd77,aa3f6321
SmolLM2-135M,exact-no-prefetch,safe-mixed,1073741824,549755813888,512,131072,15673981.19,15673981.19,15673981.19,0.00,3398212.47,43.42,20.32,device_capacity,1546993532928,822868900493,1073741824,0.6681,0,512,device,3341029.85,6442254.90,6867962.71,44572672,0.00,0.00,0.00,44572672,0.00,0.00,0.00,44572672,1,1169.700,1373.620,0.0000,0.0000,0.0000,0.000,15673981.19,n/a,n/a,phase6.4-legacy,in-memory,0ce8b676,accffd77,3383c539
SmolLM2-135M,exact-no-prefetch,safe-mixed,1073741824,1099511627776,512,131072,15673981.19,15673981.19,15673981.19,32665.60,5099065.29,43.45,20.33,link,1546993532928,822868900493,1073741824,1.3362,512,512,host_cache_degraded,3342898.81,6444993.29,6869253.04,66846720,0.00,0.00,0.00,66846720,0.00,0.00,0.00,66846720,1,1170.316,1373.620,0.0000,0.0000,0.0000,0.000,15673981.19,n/a,n/a,phase6.4-legacy,in-memory,0ce8b676,accffd77,f5f48d56
SmolLM2-135M,exact-no-prefetch,safe-mixed,1073741824,2199023255552,512,131072,15673981.19,15673981.19,15673981.19,32665.60,5099065.29,43.45,20.33,link,1546993532928,822868900493,1073741824,2.6724,512,512,host_cache_degraded,3342898.81,6444993.29,6869253.04,66846720,0.00,0.00,0.00,66846720,0.00,0.00,0.00,66846720,1,1170.316,1373.620,0.0000,0.0000,0.0000,0.000,15673981.19,n/a,n/a,phase6.4-legacy,in-memory,0ce8b676,accffd77,e11126b7
SmolLM2-135M,exact-no-prefetch,safe-mixed,4294967296,549755813888,512,131072,15673981.19,15673981.19,15673981.19,0.00,3157068.36,40.35,18.88,device_capacity,1546993532928,822868900493,4294967296,0.6681,0,512,device,3097695.08,6036349.21,6472383.21,44534272,0.00,0.00,0.00,44534272,0.00,0.00,0.00,44534272,1,1087.632,1308.700,0.0684,0.0000,0.0000,0.000,15673981.19,n/a,n/a,phase6.4-legacy,in-memory,0ce8b676,accffd77,5c224315
SmolLM2-135M,exact-no-prefetch,safe-mixed,4294967296,1099511627776,512,131072,15673981.19,15673981.19,15673981.19,32665.60,4750398.27,40.48,18.94,link,1546993532928,822868900493,4294967296,1.3362,512,512,host_cache_degraded,3109341.19,6043181.25,6475689.27,66808320,0.00,0.00,0.00,66808320,0.00,0.00,0.00,66808320,1,1090.918,1308.700,0.0684,0.0000,0.0000,0.000,15673981.19,n/a,n/a,phase6.4-legacy,in-memory,0ce8b676,accffd77,dcb58330
SmolLM2-135M,exact-no-prefetch,safe-mixed,4294967296,2199023255552,512,131072,15673981.19,15673981.19,15673981.19,32665.60,4750398.27,40.48,18.94,link,1546993532928,822868900493,4294967296,2.6724,512,512,host_cache_degraded,3109341.19,6043181.25,6475689.27,66808320,0.00,0.00,0.00,66808320,0.00,0.00,0.00,66808320,1,1090.918,1308.700,0.0684,0.0000,0.0000,0.000,15673981.19,n/a,n/a,phase6.4-legacy,in-memory,0ce8b676,accffd77,c85028d1
SmolLM2-135M,exact-no-prefetch,safe-mixed,8589934592,549755813888,512,131072,15673981.19,15673981.19,15673981.19,0.00,3129229.88,39.99,18.71,device_capacity,1546993532928,822868900493,8589934592,0.6681,0,512,device,3089707.33,6036778.83,6472655.25,44292096,0.00,0.00,0.00,44292096,0.00,0.00,0.00,44292096,1,1083.936,1308.700,0.0738,0.0000,0.0000,0.000,15673981.19,n/a,n/a,phase6.4-legacy,in-memory,0ce8b676,accffd77,8c2b961f
SmolLM2-135M,exact-no-prefetch,safe-mixed,8589934592,1099511627776,512,131072,15673981.19,15673981.19,15673981.19,32665.60,4722553.41,40.24,18.83,link,1546993532928,822868900493,8589934592,1.3362,512,512,host_cache_degraded,3104189.29,6043477.62,6475878.54,66566144,0.00,0.00,0.00,66566144,0.00,0.00,0.00,66566144,1,1088.469,1308.700,0.0738,0.0000,0.0000,0.000,15673981.19,n/a,n/a,phase6.4-legacy,in-memory,0ce8b676,accffd77,680ee98a
SmolLM2-135M,exact-no-prefetch,safe-mixed,8589934592,2199023255552,512,131072,15673981.19,15673981.19,15673981.19,32665.60,4722553.41,40.24,18.83,link,1546993532928,822868900493,8589934592,2.6724,512,512,host_cache_degraded,3104189.29,6043477.62,6475878.54,66566144,0.00,0.00,0.00,66566144,0.00,0.00,0.00,66566144,1,1088.469,1308.700,0.0738,0.0000,0.0000,0.000,15673981.19,n/a,n/a,phase6.4-legacy,in-memory,0ce8b676,accffd77,7ceb426b
SmolLM2-135M,exact-predictor,fp16,67108864,549755813888,512,131072,15673981.19,15673981.19,15673981.19,0.00,3379164.57,81.54,38.19,device_capacity,1546993532928,1546993532928,67108864,0.3554,0,512,device,6273484.92,12098547.56,12900990.50,23586304,0.00,0.00,0.00,23586304,0.00,0.00,0.00,23586304,1,1169.068,1373.660,0.0000,0.5526,0.8291,19.500,15673981.19,n/a,n/a,phase6.4-legacy,in-memory,0ce8b676,accffd77,5da66d77
SmolLM2-135M,exact-predictor,fp16,67108864,1099511627776,512,131072,15673981.19,15673981.19,15673981.19,0.00,6801025.89,81.60,38.22,device_capacity,1546993532928,1546993532928,67108864,0.7107,0,512,device,6278525.08,12105387.27,12903663.77,47434752,0.00,0.00,0.00,47434752,0.00,0.00,0.00,47434752,1,1169.952,1373.660,0.0000,0.5526,0.8291,19.500,15673981.19,n/a,n/a,phase6.4-legacy,in-memory,0ce8b676,accffd77,e09bb839
SmolLM2-135M,exact-predictor,fp16,67108864,2199023255552,512,131072,15673981.19,15673981.19,15673981.19,32665.60,9587506.55,81.63,38.23,link,1546993532928,1546993532928,67108864,1.4215,512,512,host_cache_degraded,6280750.15,12109243.54,12906639.69,66846720,0.00,0.00,0.00,66846720,0.00,0.00,0.00,66846720,1,1170.350,1373.660,0.0000,0.5526,0.8291,19.500,15673981.19,n/a,n/a,phase6.4-legacy,in-memory,0ce8b676,accffd77,106646aa
SmolLM2-135M,exact-predictor,fp16,268435456,549755813888,512,131072,15673981.19,15673981.19,15673981.19,0.00,3379164.57,81.54,38.19,device_capacity,1546993532928,1546993532928,268435456,0.3554,0,512,device,6273484.92,12098547.56,12900990.50,23586304,0.00,0.00,0.00,23586304,0.00,0.00,0.00,23586304,1,1169.068,1373.660,0.0000,0.5526,0.8291,19.500,15673981.19,n/a,n/a,phase6.4-legacy,in-memory,0ce8b676,accffd77,62d8492f
SmolLM2-135M,exact-predictor,fp16,268435456,1099511627776,512,131072,15673981.19,15673981.19,15673981.19,0.00,6801025.89,81.60,38.22,device_capacity,1546993532928,1546993532928,268435456,0.7107,0,512,device,6278525.08,12105387.27,12903663.77,47434752,0.00,0.00,0.00,47434752,0.00,0.00,0.00,47434752,1,1169.952,1373.660,0.0000,0.5526,0.8291,19.500,15673981.19,n/a,n/a,phase6.4-legacy,in-memory,0ce8b676,accffd77,d0d9e857
SmolLM2-135M,exact-predictor,fp16,268435456,2199023255552,512,131072,15673981.19,15673981.19,15673981.19,32665.60,9587506.55,81.63,38.23,link,1546993532928,1546993532928,268435456,1.4215,512,512,host_cache_degraded,6280750.15,12109243.54,12906639.69,66846720,0.00,0.00,0.00,66846720,0.00,0.00,0.00,66846720,1,1170.350,1373.660,0.0000,0.5526,0.8291,19.500,15673981.19,n/a,n/a,phase6.4-legacy,in-memory,0ce8b676,accffd77,c9ae76cf
SmolLM2-135M,exact-predictor,fp16,1073741824,549755813888,512,131072,15673981.19,15673981.19,15673981.19,0.00,3379164.57,81.54,38.19,device_capacity,1546993532928,1546993532928,1073741824,0.3554,0,512,device,6273484.92,12098547.56,12900990.50,23586304,0.00,0.00,0.00,23586304,0.00,0.00,0.00,23586304,1,1169.068,1373.660,0.0000,0.5526,0.8291,19.500,15673981.19,n/a,n/a,phase6.4-legacy,in-memory,0ce8b676,accffd77,28ecede1
SmolLM2-135M,exact-predictor,fp16,1073741824,1099511627776,512,131072,15673981.19,15673981.19,15673981.19,0.00,6801025.89,81.60,38.22,device_capacity,1546993532928,1546993532928,1073741824,0.7107,0,512,device,6278525.08,12105387.27,12903663.77,47434752,0.00,0.00,0.00,47434752,0.00,0.00,0.00,47434752,1,1169.952,1373.660,0.0000,0.5526,0.8291,19.500,15673981.19,n/a,n/a,phase6.4-legacy,in-memory,0ce8b676,accffd77,b5ecd675
SmolLM2-135M,exact-predictor,fp16,1073741824,2199023255552,512,131072,15673981.19,15673981.19,15673981.19,32665.60,9587506.55,81.63,38.23,link,1546993532928,1546993532928,1073741824,1.4215,512,512,host_cache_degraded,6280750.15,12109243.54,12906639.69,66846720,0.00,0.00,0.00,66846720,0.00,0.00,0.00,66846720,1,1170.350,1373.660,0.0000,0.5526,0.8291,19.500,15673981.19,n/a,n/a,phase6.4-legacy,in-memory,0ce8b676,accffd77,4a40766f
SmolLM2-135M,exact-predictor,fp16,4294967296,549755813888,512,131072,15673981.19,15673981.19,15673981.19,0.00,3155930.45,76.16,35.67,device_capacity,1546993532928,1546993532928,4294967296,0.3554,0,512,device,5833681.52,11394665.67,12226046.83,23586304,0.00,0.00,0.00,23586304,0.00,0.00,0.00,23586304,1,1091.837,1315.952,0.0603,0.5526,0.8291,19.500,15673981.19,n/a,n/a,phase6.4-legacy,in-memory,0ce8b676,accffd77,8a8d51a6
SmolLM2-135M,exact-predictor,fp16,4294967296,1099511627776,512,131072,15673981.19,15673981.19,15673981.19,0.00,6382020.88,76.58,35.86,device_capacity,1546993532928,1546993532928,4294967296,0.7107,0,512,device,5877106.29,11419253.12,12237024.96,47434752,0.00,0.00,0.00,47434752,0.00,0.00,0.00,47434752,1,1097.872,1315.952,0.0603,0.5526,0.8291,19.500,15673981.19,n/a,n/a,phase6.4-legacy,in-memory,0ce8b676,accffd77,eb14f09b
SmolLM2-135M,exact-predictor,fp16,4294967296,2199023255552,512,131072,15673981.19,15673981.19,15673981.19,32665.60,9009846.15,76.71,35.93,link,1546993532928,1546993532928,4294967296,1.4215,512,512,host_cache_degraded,5890709.50,11429152.94,12243309.25,66846720,0.00,0.00,0.00,66846720,0.00,0.00,0.00,66846720,1,1099.835,1315.952,0.0603,0.5526,0.8291,19.500,15673981.19,n/a,n/a,phase6.4-legacy,in-memory,0ce8b676,accffd77,45f71e1b
SmolLM2-135M,exact-predictor,fp16,8589934592,549755813888,512,131072,15673981.19,15673981.19,15673981.19,0.00,3113010.60,75.12,35.18,device_capacity,1546993532928,1546993532928,8589934592,0.3554,0,512,device,5764668.50,11313276.33,12144299.75,23533056,0.00,0.00,0.00,23533056,0.00,0.00,0.00,23533056,1,1079.425,1308.739,0.0687,0.5526,0.8291,19.500,15673981.19,n/a,n/a,phase6.4-legacy,in-memory,0ce8b676,accffd77,9420936f
SmolLM2-135M,exact-predictor,fp16,8589934592,1099511627776,512,131072,15673981.19,15673981.19,15673981.19,0.00,6318008.79,75.81,35.50,device_capacity,1546993532928,1546993532928,8589934592,0.7107,0,512,device,5823292.94,11342483.79,12159100.77,47381504,0.00,0.00,0.00,47381504,0.00,0.00,0.00,47381504,1,1088.082,1308.739,0.0687,0.5526,0.8291,19.500,15673981.19,n/a,n/a,phase6.4-legacy,in-memory,0ce8b676,accffd77,51f301ba
SmolLM2-135M,exact-predictor,fp16,8589934592,2199023255552,512,131072,15673981.19,15673981.19,15673981.19,32665.60,8928666.76,76.02,35.60,link,1546993532928,1546993532928,8589934592,1.4215,512,512,host_cache_degraded,5841050.27,11353655.56,12166560.04,66793472,0.00,0.00,0.00,66793472,0.00,0.00,0.00,66793472,1,1090.794,1308.739,0.0687,0.5526,0.8291,19.500,15673981.19,n/a,n/a,phase6.4-legacy,in-memory,0ce8b676,accffd77,74e04c44
SmolLM2-135M,exact-predictor,all-q8,67108864,549755813888,512,131072,15673981.19,15673981.19,15673981.19,0.00,3398212.47,43.42,20.32,device_capacity,1546993532928,822868900493,67108864,0.6681,0,512,device,3341029.85,6442254.90,6867962.71,44572672,0.00,0.00,0.00,44572672,0.00,0.00,0.00,44572672,1,1169.700,1373.620,0.0000,0.5526,0.8291,19.500,15673981.19,n/a,n/a,phase6.4-legacy,in-memory,0ce8b676,accffd77,5ea3b4e7
SmolLM2-135M,exact-predictor,all-q8,67108864,1099511627776,512,131072,15673981.19,15673981.19,15673981.19,32665.60,5099065.29,43.45,20.33,link,1546993532928,822868900493,67108864,1.3362,512,512,host_cache_degraded,3342898.81,6444993.29,6869253.04,66846720,0.00,0.00,0.00,66846720,0.00,0.00,0.00,66846720,1,1170.316,1373.620,0.0000,0.5526,0.8291,19.500,15673981.19,n/a,n/a,phase6.4-legacy,in-memory,0ce8b676,accffd77,ad5f514d
SmolLM2-135M,exact-predictor,all-q8,67108864,2199023255552,512,131072,15673981.19,15673981.19,15673981.19,32665.60,5099065.29,43.45,20.33,link,1546993532928,822868900493,67108864,2.6724,512,512,host_cache_degraded,3342898.81,6444993.29,6869253.04,66846720,0.00,0.00,0.00,66846720,0.00,0.00,0.00,66846720,1,1170.316,1373.620,0.0000,0.5526,0.8291,19.500,15673981.19,n/a,n/a,phase6.4-legacy,in-memory,0ce8b676,accffd77,0d9cdc4d
SmolLM2-135M,exact-predictor,all-q8,268435456,549755813888,512,131072,15673981.19,15673981.19,15673981.19,0.00,3398212.47,43.42,20.32,device_capacity,1546993532928,822868900493,268435456,0.6681,0,512,device,3341029.85,6442254.90,6867962.71,44572672,0.00,0.00,0.00,44572672,0.00,0.00,0.00,44572672,1,1169.700,1373.620,0.0000,0.5526,0.8291,19.500,15673981.19,n/a,n/a,phase6.4-legacy,in-memory,0ce8b676,accffd77,e496d4ec
SmolLM2-135M,exact-predictor,all-q8,268435456,1099511627776,512,131072,15673981.19,15673981.19,15673981.19,32665.60,5099065.29,43.45,20.33,link,1546993532928,822868900493,268435456,1.3362,512,512,host_cache_degraded,3342898.81,6444993.29,6869253.04,66846720,0.00,0.00,0.00,66846720,0.00,0.00,0.00,66846720,1,1170.316,1373.620,0.0000,0.5526,0.8291,19.500,15673981.19,n/a,n/a,phase6.4-legacy,in-memory,0ce8b676,accffd77,420e8f69
SmolLM2-135M,exact-predictor,all-q8,268435456,2199023255552,512,131072,15673981.19,15673981.19,15673981.19,32665.60,5099065.29,43.45,20.33,link,1546993532928,822868900493,268435456,2.6724,512,512,host_cache_degraded,3342898.81,6444993.29,6869253.04,66846720,0.00,0.00,0.00,66846720,0.00,0.00,0.00,66846720,1,1170.316,1373.620,0.0000,0.5526,0.8291,19.500,15673981.19,n/a,n/a,phase6.4-legacy,in-memory,0ce8b676,accffd77,99dab4a2
SmolLM2-135M,exact-predictor,all-q8,1073741824,549755813888,512,131072,15673981.19,15673981.19,15673981.19,0.00,3398212.47,43.42,20.32,device_capacity,1546993532928,822868900493,1073741824,0.6681,0,512,device,3341029.85,6442254.90,6867962.71,44572672,0.00,0.00,0.00,44572672,0.00,0.00,0.00,44572672,1,1169.700,1373.620,0.0000,0.5526,0.8291,19.500,15673981.19,n/a,n/a,phase6.4-legacy,in-memory,0ce8b676,accffd77,d29f4db7
SmolLM2-135M,exact-predictor,all-q8,1073741824,1099511627776,512,131072,15673981.19,15673981.19,15673981.19,32665.60,5099065.29,43.45,20.33,link,1546993532928,822868900493,1073741824,1.3362,512,512,host_cache_degraded,3342898.81,6444993.29,6869253.04,66846720,0.00,0.00,0.00,66846720,0.00,0.00,0.00,66846720,1,1170.316,1373.620,0.0000,0.5526,0.8291,19.500,15673981.19,n/a,n/a,phase6.4-legacy,in-memory,0ce8b676,accffd77,466d0277
SmolLM2-135M,exact-predictor,all-q8,1073741824,2199023255552,512,131072,15673981.19,15673981.19,15673981.19,32665.60,5099065.29,43.45,20.33,link,1546993532928,822868900493,1073741824,2.6724,512,512,host_cache_degraded,3342898.81,6444993.29,6869253.04,66846720,0.00,0.00,0.00,66846720,0.00,0.00,0.00,66846720,1,1170.316,1373.620,0.0000,0.5526,0.8291,19.500,15673981.19,n/a,n/a,phase6.4-legacy,in-memory,0ce8b676,accffd77,91743532
SmolLM2-135M,exact-predictor,all-q8,4294967296,549755813888,512,131072,15673981.19,15673981.19,15673981.19,0.00,3157068.36,40.35,18.88,device_capacity,1546993532928,822868900493,4294967296,0.6681,0,512,device,3097695.08,6036349.21,6472383.21,44534272,0.00,0.00,0.00,44534272,0.00,0.00,0.00,44534272,1,1087.632,1308.700,0.0684,0.5526,0.8291,19.500,15673981.19,n/a,n/a,phase6.4-legacy,in-memory,0ce8b676,accffd77,e02880d2
SmolLM2-135M,exact-predictor,all-q8,4294967296,1099511627776,512,131072,15673981.19,15673981.19,15673981.19,32665.60,4750398.27,40.48,18.94,link,1546993532928,822868900493,4294967296,1.3362,512,512,host_cache_degraded,3109341.19,6043181.25,6475689.27,66808320,0.00,0.00,0.00,66808320,0.00,0.00,0.00,66808320,1,1090.918,1308.700,0.0684,0.5526,0.8291,19.500,15673981.19,n/a,n/a,phase6.4-legacy,in-memory,0ce8b676,accffd77,e2958714
SmolLM2-135M,exact-predictor,all-q8,4294967296,2199023255552,512,131072,15673981.19,15673981.19,15673981.19,32665.60,4750398.27,40.48,18.94,link,1546993532928,822868900493,4294967296,2.6724,512,512,host_cache_degraded,3109341.19,6043181.25,6475689.27,66808320,0.00,0.00,0.00,66808320,0.00,0.00,0.00,66808320,1,1090.918,1308.700,0.0684,0.5526,0.8291,19.500,15673981.19,n/a,n/a,phase6.4-legacy,in-memory,0ce8b676,accffd77,358cb051
SmolLM2-135M,exact-predictor,all-q8,8589934592,549755813888,512,131072,15673981.19,15673981.19,15673981.19,0.00,3129229.88,39.99,18.71,device_capacity,1546993532928,822868900493,8589934592,0.6681,0,512,device,3089707.33,6036778.83,6472655.25,44292096,0.00,0.00,0.00,44292096,0.00,0.00,0.00,44292096,1,1083.936,1308.700,0.0738,0.5526,0.8291,19.500,15673981.19,n/a,n/a,phase6.4-legacy,in-memory,0ce8b676,accffd77,002d6019
SmolLM2-135M,exact-predictor,all-q8,8589934592,1099511627776,512,131072,15673981.19,15673981.19,15673981.19,32665.60,4722553.41,40.24,18.83,link,1546993532928,822868900493,8589934592,1.3362,512,512,host_cache_degraded,3104189.29,6043477.62,6475878.54,66566144,0.00,0.00,0.00,66566144,0.00,0.00,0.00,66566144,1,1088.469,1308.700,0.0738,0.5526,0.8291,19.500,15673981.19,n/a,n/a,phase6.4-legacy,in-memory,0ce8b676,accffd77,c99566ec
SmolLM2-135M,exact-predictor,all-q8,8589934592,2199023255552,512,131072,15673981.19,15673981.19,15673981.19,32665.60,4722553.41,40.24,18.83,link,1546993532928,822868900493,8589934592,2.6724,512,512,host_cache_degraded,3104189.29,6043477.62,6475878.54,66566144,0.00,0.00,0.00,66566144,0.00,0.00,0.00,66566144,1,1088.469,1308.700,0.0738,0.5526,0.8291,19.500,15673981.19,n/a,n/a,phase6.4-legacy,in-memory,0ce8b676,accffd77,1e8c51a9
SmolLM2-135M,exact-predictor,safe-mixed,67108864,549755813888,512,131072,15673981.19,15673981.19,15673981.19,0.00,3398212.47,43.42,20.32,device_capacity,1546993532928,822868900493,67108864,0.6681,0,512,device,3341029.85,6442254.90,6867962.71,44572672,0.00,0.00,0.00,44572672,0.00,0.00,0.00,44572672,1,1169.700,1373.620,0.0000,0.5526,0.8291,19.500,15673981.19,n/a,n/a,phase6.4-legacy,in-memory,0ce8b676,accffd77,04161ce8
SmolLM2-135M,exact-predictor,safe-mixed,67108864,1099511627776,512,131072,15673981.19,15673981.19,15673981.19,32665.60,5099065.29,43.45,20.33,link,1546993532928,822868900493,67108864,1.3362,512,512,host_cache_degraded,3342898.81,6444993.29,6869253.04,66846720,0.00,0.00,0.00,66846720,0.00,0.00,0.00,66846720,1,1170.316,1373.620,0.0000,0.5526,0.8291,19.500,15673981.19,n/a,n/a,phase6.4-legacy,in-memory,0ce8b676,accffd77,d4162933
SmolLM2-135M,exact-predictor,safe-mixed,67108864,2199023255552,512,131072,15673981.19,15673981.19,15673981.19,32665.60,5099065.29,43.45,20.33,link,1546993532928,822868900493,67108864,2.6724,512,512,host_cache_degraded,3342898.81,6444993.29,6869253.04,66846720,0.00,0.00,0.00,66846720,0.00,0.00,0.00,66846720,1,1170.316,1373.620,0.0000,0.5526,0.8291,19.500,15673981.19,n/a,n/a,phase6.4-legacy,in-memory,0ce8b676,accffd77,74d5a433
SmolLM2-135M,exact-predictor,safe-mixed,268435456,549755813888,512,131072,15673981.19,15673981.19,15673981.19,0.00,3398212.47,43.42,20.32,device_capacity,1546993532928,822868900493,268435456,0.6681,0,512,device,3341029.85,6442254.90,6867962.71,44572672,0.00,0.00,0.00,44572672,0.00,0.00,0.00,44572672,1,1169.700,1373.620,0.0000,0.5526,0.8291,19.500,15673981.19,n/a,n/a,phase6.4-legacy,in-memory,0ce8b676,accffd77,bb03b94c
SmolLM2-135M,exact-predictor,safe-mixed,268435456,1099511627776,512,131072,15673981.19,15673981.19,15673981.19,32665.60,5099065.29,43.45,20.33,link,1546993532928,822868900493,268435456,1.3362,512,512,host_cache_degraded,3342898.81,6444993.29,6869253.04,66846720,0.00,0.00,0.00,66846720,0.00,0.00,0.00,66846720,1,1170.316,1373.620,0.0000,0.5526,0.8291,19.500,15673981.19,n/a,n/a,phase6.4-legacy,in-memory,0ce8b676,accffd77,ad6c5b56
SmolLM2-135M,exact-predictor,safe-mixed,268435456,2199023255552,512,131072,15673981.19,15673981.19,15673981.19,32665.60,5099065.29,43.45,20.33,link,1546993532928,822868900493,268435456,2.6724,512,512,host_cache_degraded,3342898.81,6444993.29,6869253.04,66846720,0.00,0.00,0.00,66846720,0.00,0.00,0.00,66846720,1,1170.316,1373.620,0.0000,0.5526,0.8291,19.500,15673981.19,n/a,n/a,phase6.4-legacy,in-memory,0ce8b676,accffd77,76b8609d
SmolLM2-135M,exact-predictor,safe-mixed,1073741824,549755813888,512,131072,15673981.19,15673981.19,15673981.19,0.00,3398212.47,43.42,20.32,device_capacity,1546993532928,822868900493,1073741824,0.6681,0,512,device,3341029.85,6442254.90,6867962.71,44572672,0.00,0.00,0.00,44572672,0.00,0.00,0.00,44572672,1,1169.700,1373.620,0.0000,0.5526,0.8291,19.500,15673981.19,n/a,n/a,phase6.4-legacy,in-memory,0ce8b676,accffd77,4f9bb32e
SmolLM2-135M,exact-predictor,safe-mixed,1073741824,1099511627776,512,131072,15673981.19,15673981.19,15673981.19,32665.60,5099065.29,43.45,20.33,link,1546993532928,822868900493,1073741824,1.3362,512,512,host_cache_degraded,3342898.81,6444993.29,6869253.04,66846720,0.00,0.00,0.00,66846720,0.00,0.00,0.00,66846720,1,1170.316,1373.620,0.0000,0.5526,0.8291,19.500,15673981.19,n/a,n/a,phase6.4-legacy,in-memory,0ce8b676,accffd77,9f0dd1e4
SmolLM2-135M,exact-predictor,safe-mixed,1073741824,2199023255552,512,131072,15673981.19,15673981.19,15673981.19,32665.60,5099065.29,43.45,20.33,link,1546993532928,822868900493,1073741824,2.6724,512,512,host_cache_degraded,3342898.81,6444993.29,6869253.04,66846720,0.00,0.00,0.00,66846720,0.00,0.00,0.00,66846720,1,1170.316,1373.620,0.0000,0.5526,0.8291,19.500,15673981.19,n/a,n/a,phase6.4-legacy,in-memory,0ce8b676,accffd77,4814e6a1
SmolLM2-135M,exact-predictor,safe-mixed,4294967296,549755813888,512,131072,15673981.19,15673981.19,15673981.19,0.00,3157068.36,40.35,18.88,device_capacity,1546993532928,822868900493,4294967296,0.6681,0,512,device,3097695.08,6036349.21,6472383.21,44534272,0.00,0.00,0.00,44534272,0.00,0.00,0.00,44534272,1,1087.632,1308.700,0.0684,0.5526,0.8291,19.500,15673981.19,n/a,n/a,phase6.4-legacy,in-memory,0ce8b676,accffd77,7d2c7e4b
SmolLM2-135M,exact-predictor,safe-mixed,4294967296,1099511627776,512,131072,15673981.19,15673981.19,15673981.19,32665.60,4750398.27,40.48,18.94,link,1546993532928,822868900493,4294967296,1.3362,512,512,host_cache_degraded,3109341.19,6043181.25,6475689.27,66808320,0.00,0.00,0.00,66808320,0.00,0.00,0.00,66808320,1,1090.918,1308.700,0.0684,0.5526,0.8291,19.500,15673981.19,n/a,n/a,phase6.4-legacy,in-memory,0ce8b676,accffd77,3bf55487
SmolLM2-135M,exact-predictor,safe-mixed,4294967296,2199023255552,512,131072,15673981.19,15673981.19,15673981.19,32665.60,4750398.27,40.48,18.94,link,1546993532928,822868900493,4294967296,2.6724,512,512,host_cache_degraded,3109341.19,6043181.25,6475689.27,66808320,0.00,0.00,0.00,66808320,0.00,0.00,0.00,66808320,1,1090.918,1308.700,0.0684,0.5526,0.8291,19.500,15673981.19,n/a,n/a,phase6.4-legacy,in-memory,0ce8b676,accffd77,ecec63c2
SmolLM2-135M,exact-predictor,safe-mixed,8589934592,549755813888,512,131072,15673981.19,15673981.19,15673981.19,0.00,3129229.88,39.99,18.71,device_capacity,1546993532928,822868900493,8589934592,0.6681,0,512,device,3089707.33,6036778.83,6472655.25,44292096,0.00,0.00,0.00,44292096,0.00,0.00,0.00,44292096,1,1083.936,1308.700,0.0738,0.5526,0.8291,19.500,15673981.19,n/a,n/a,phase6.4-legacy,in-memory,0ce8b676,accffd77,9d299e80
SmolLM2-135M,exact-predictor,safe-mixed,8589934592,1099511627776,512,131072,15673981.19,15673981.19,15673981.19,32665.60,4722553.41,40.24,18.83,link,1546993532928,822868900493,8589934592,1.3362,512,512,host_cache_degraded,3104189.29,6043477.62,6475878.54,66566144,0.00,0.00,0.00,66566144,0.00,0.00,0.00,66566144,1,1088.469,1308.700,0.0738,0.5526,0.8291,19.500,15673981.19,n/a,n/a,phase6.4-legacy,in-memory,0ce8b676,accffd77,10f5b57f
SmolLM2-135M,exact-predictor,safe-mixed,8589934592,2199023255552,512,131072,15673981.19,15673981.19,15673981.19,32665.60,4722553.41,40.24,18.83,link,1546993532928,822868900493,8589934592,2.6724,512,512,host_cache_degraded,3104189.29,6043477.62,6475878.54,66566144,0.00,0.00,0.00,66566144,0.00,0.00,0.00,66566144,1,1088.469,1308.700,0.0738,0.5526,0.8291,19.500,15673981.19,n/a,n/a,phase6.4-legacy,in-memory,0ce8b676,accffd77,c7ec823a
SmolLM2-135M,exact-predictor-prefetch,fp16,67108864,549755813888,512,131072,32181309.76,33565917.79,33814465.53,0.00,8435569.78,100.00,46.84,device_capacity,1546993532928,1546993532928,67108864,0.3554,0,512,device,31780572.32,33148904.79,33395191.20,47172608,0.00,0.00,0.00,47172608,0.00,0.00,0.00,47172608,1,1166.340,1372.590,0.0014,0.5526,0.8291,19.500,15673981.19,n/a,n/a,phase6.4-legacy,in-memory,0ce8b676,accffd77,521dfa36
SmolLM2-135M,exact-predictor-prefetch,fp16,67108864,1099511627776,512,131072,32228854.83,33583257.53,33828495.58,0.00,16991191.63,100.00,46.84,device_capacity,1546993532928,1546993532928,67108864,0.7107,0,512,device,31827587.12,33165898.25,33409017.95,94869504,0.00,0.00,0.00,94869504,0.00,0.00,0.00,94869504,1,1168.077,1372.630,0.0014,0.5526,0.8291,19.500,15673981.19,n/a,n/a,phase6.4-legacy,in-memory,0ce8b676,accffd77,0f9df7f7
SmolLM2-135M,exact-predictor-prefetch,fp16,67108864,2199023255552,512,131072,32249005.78,33590338.27,33834080.95,16017.00,23958210.21,100.00,46.84,link,1546993532928,1546993532928,67108864,1.4215,512,512,host_cache_degraded,31847639.94,33172844.09,33414600.02,133693440,0.00,0.00,0.00,133693440,0.00,0.00,0.00,133693440,1,1168.717,1372.630,0.0014,0.5526,0.8291,19.500,15673981.19,n/a,n/a,phase6.4-legacy,in-memory,0ce8b676,accffd77,0ee18dbb
SmolLM2-135M,exact-predictor-prefetch,fp16,268435456,549755813888,512,131072,30447250.55,31955359.91,32364933.24,0.00,7967140.83,100.00,46.84,device_capacity,1546993532928,1546993532928,268435456,0.3554,0,512,device,30113933.05,31595791.70,31989627.47,47172608,0.00,0.00,0.00,47172608,0.00,0.00,6839.91,47172608,1,1005.494,1240.617,0.1312,0.5526,0.8291,19.500,15673981.19,n/a,n/a,phase6.4-legacy,in-memory,0ce8b676,accffd77,30e677a0
SmolLM2-135M,exact-predictor-prefetch,fp16,268435456,1099511627776,512,131072,30560090.05,32039897.22,32459983.54,0.00,16090638.29,100.00,46.84,device_capacity,1546993532928,1546993532928,268435456,0.7107,0,512,device,30223577.28,31676786.93,32080743.81,94869504,0.00,0.00,0.00,94869504,0.00,0.00,3144.91,94869504,1,1014.224,1240.725,0.1312,0.5526,0.8291,19.500,15673981.19,n/a,n/a,phase6.4-legacy,in-memory,0ce8b676,accffd77,a13c19b1
SmolLM2-135M,exact-predictor-prefetch,fp16,268435456,2199023255552,512,131072,30598380.12,32062293.11,32487055.20,16900.24,22705256.38,100.00,46.84,link,1546993532928,1546993532928,268435456,1.4215,512,512,host_cache_degraded,30261193.10,31698307.77,32106960.56,133693440,0.00,0.00,0.00,133693440,0.00,0.00,1933.00,133693440,1,1016.785,1240.725,0.1312,0.5526,0.8291,19.500,15673981.19,n/a,n/a,phase6.4-legacy,in-memory,0ce8b676,accffd77,79aa022a
SmolLM2-135M,exact-predictor-prefetch,fp16,1073741824,549755813888,512,131072,21322899.29,22850277.93,23379306.85,0.00,5580184.15,99.98,46.82,device_capacity,1546993532928,1546993532928,1073741824,0.3554,0,512,device,21044786.35,22569353.52,23103280.53,47172096,0.00,93837.01,97591.62,47172096,0.00,132622.03,135462.64,47172096,1,193.853,932.578,0.8292,0.5526,0.8291,19.500,15673981.19,n/a,n/a,phase6.4-legacy,in-memory,0ce8b676,accffd77,24e5df40
SmolLM2-135M,exact-predictor-prefetch,fp16,1073741824,1099511627776,512,131072,21410142.67,22889851.79,23433887.75,0.00,11274343.32,99.99,46.82,device_capacity,1546993532928,1546993532928,1073741824,0.7107,0,512,device,21131765.57,22609962.47,23158361.06,94868992,0.00,93396.74,97081.05,94868992,0.00,132544.20,135361.21,94868992,1,198.442,932.578,0.8292,0.5526,0.8291,19.500,15673981.19,n/a,n/a,phase6.4-legacy,in-memory,0ce8b676,accffd77,59379960
SmolLM2-135M,exact-predictor-prefetch,fp16,1073741824,2199023255552,512,131072,21438806.30,22904436.25,23450808.75,24105.62,15912190.92,99.99,46.82,link,1546993532928,1546993532928,1073741824,1.4215,512,512,host_cache_degraded,21160273.19,22625074.07,23175460.77,133692928,0.00,93263.67,96918.09,133692928,0.00,132537.59,135343.49,133692928,1,199.881,932.578,0.8292,0.5526,0.8291,19.500,15673981.19,n/a,n/a,phase6.4-legacy,in-memory,0ce8b676,accffd77,28a25a17
SmolLM2-135M,exact-predictor-prefetch,fp16,4294967296,549755813888,512,131072,20717819.84,22306844.81,22837792.52,0.00,5397536.15,99.74,46.70,device_capacity,1546993532928,1546993532928,4294967296,0.3554,0,512,device,20448707.11,22034564.14,22570136.74,47172096,0.00,90093.92,93874.62,47172096,0.00,128433.73,131333.39,47172096,1,192.084,921.270,0.8298,0.5526,0.8291,19.500,15673981.19,n/a,n/a,phase6.4-legacy,in-memory,0ce8b676,accffd77,8e12e3bd
SmolLM2-135M,exact-predictor-prefetch,fp16,4294967296,1099511627776,512,131072,20817983.70,22345176.96,22890566.93,0.00,10936790.21,99.87,46.77,device_capacity,1546993532928,1546993532928,4294967296,0.7107,0,512,device,20548665.14,22074186.39,22623651.38,94868992,0.00,89685.28,93384.79,94868992,0.00,128358.36,131231.76,94868992,1,197.543,921.270,0.8298,0.5526,0.8291,19.500,15673981.19,n/a,n/a,phase6.4-legacy,in-memory,0ce8b676,accffd77,c314fd5e
SmolLM2-135M,exact-predictor-prefetch,fp16,4294967296,2199023255552,512,131072,20850779.61,22358974.64,22907901.67,24807.57,15448835.62,99.91,46.78,link,1546993532928,1546993532928,4294967296,1.4215,512,512,host_cache_degraded,20581297.96,22088582.43,22640858.83,133692928,0.00,89563.30,93230.83,133692928,0.00,128356.24,131216.57,133692928,1,199.233,921.270,0.8298,0.5526,0.8291,19.500,15673981.19,n/a,n/a,phase6.4-legacy,in-memory,0ce8b676,accffd77,24ad2cf9
SmolLM2-135M,exact-predictor-prefetch,fp16,8589934592,549755813888,512,131072,20531889.52,22148654.62,22679508.27,0.00,5320882.49,99.33,46.51,device_capacity,1546993532928,1546993532928,8589934592,0.3554,0,512,device,20272515.93,21880368.17,22415661.71,46973440,0.00,89147.24,92922.85,46973440,0.00,127240.60,130141.86,46973440,1,190.767,921.270,0.8304,0.5526,0.8291,19.500,15673981.19,n/a,n/a,phase6.4-legacy,in-memory,0ce8b676,accffd77,61a54579
SmolLM2-135M,exact-predictor-prefetch,fp16,8589934592,1099511627776,512,131072,20643905.60,22186411.95,22731520.23,0.00,10815544.14,99.67,46.67,device_capacity,1546993532928,1546993532928,8589934592,0.7107,0,512,device,20380606.45,21918673.34,22467568.14,94670336,0.00,88684.70,92392.76,94670336,0.00,127167.91,130041.62,94670336,1,196.895,921.270,0.8304,0.5526,0.8291,19.500,15673981.19,n/a,n/a,phase6.4-legacy,in-memory,0ce8b676,accffd77,ada8cb33
SmolLM2-135M,exact-predictor-prefetch,fp16,8589934592,2199023255552,512,131072,20680346.69,22200034.36,22748588.56,25026.94,15291326.81,99.77,46.72,link,1546993532928,1546993532928,8589934592,1.4215,512,512,host_cache_degraded,20415939.16,21932765.53,22484409.93,133494272,0.00,88546.45,92223.62,133494272,0.00,127167.03,130027.11,133494272,1,198.772,921.270,0.8304,0.5526,0.8291,19.500,15673981.19,n/a,n/a,phase6.4-legacy,in-memory,0ce8b676,accffd77,09aaa050
SmolLM2-135M,exact-predictor-prefetch,all-q8,67108864,549755813888,512,131072,17073327.82,17798707.23,17939271.49,0.00,8450420.38,99.71,46.68,device_capacity,1546993532928,822868900493,67108864,0.6681,0,512,device,16861741.59,17578316.13,17716713.01,89145344,0.00,0.00,0.00,89145344,0.00,0.00,0.00,89145344,1,1154.571,1359.193,0.0119,0.5526,0.8291,19.500,15673981.19,n/a,n/a,phase6.4-legacy,in-memory,0ce8b676,accffd77,9aee8568
SmolLM2-135M,exact-predictor-prefetch,all-q8,67108864,1099511627776,512,131072,17092190.67,17806380.05,17945488.24,30142.34,12687617.27,99.72,46.68,link,1546993532928,822868900493,67108864,1.3362,512,512,host_cache_degraded,16880374.43,17585742.12,17722556.20,133693440,0.00,0.00,0.00,133693440,0.00,0.00,0.00,133693440,1,1156.404,1359.193,0.0119,0.5526,0.8291,19.500,15673981.19,n/a,n/a,phase6.4-legacy,in-memory,0ce8b676,accffd77,5e7bac25
SmolLM2-135M,exact-predictor-prefetch,all-q8,67108864,2199023255552,512,131072,17092190.67,17806380.05,17945488.24,30142.34,12687617.27,99.72,46.68,link,1546993532928,822868900493,67108864,2.6724,512,512,host_cache_degraded,16880374.43,17585742.12,17722556.20,133693440,0.00,0.00,0.00,133693440,0.00,0.00,0.00,133693440,1,1156.404,1359.193,0.0119,0.5526,0.8291,19.500,15673981.19,n/a,n/a,phase6.4-legacy,in-memory,0ce8b676,accffd77,db4f3fda
SmolLM2-135M,exact-predictor-prefetch,all-q8,268435456,549755813888,512,131072,15673981.19,15673981.19,15673981.19,0.00,5899319.75,75.40,35.28,device_capacity,1546993532928,822868900493,268435456,0.6681,0,512,device,5803228.81,11311490.17,12204509.25,89144832,0.00,45892.63,49374.11,89144832,0.00,67841.63,69383.57,89144832,1,278.314,952.129,0.7592,0.5526,0.8291,19.500,15673981.19,n/a,n/a,phase6.4-legacy,in-memory,0ce8b676,accffd77,07f88bf4
SmolLM2-135M,exact-predictor-prefetch,all-q8,268435456,1099511627776,512,131072,15673981.19,15673981.19,15673981.19,32665.59,8869184.72,75.59,35.37,link,1546993532928,822868900493,268435456,1.3362,512,512,host_cache_degraded,5818559.19,11333355.33,12219802.52,133692928,0.00,45627.65,49148.37,133692928,0.00,67784.61,69329.53,133692928,1,281.758,952.129,0.7592,0.5526,0.8291,19.500,15673981.19,n/a,n/a,phase6.4-legacy,in-memory,0ce8b676,accffd77,7cc7fcbb
SmolLM2-135M,exact-predictor-prefetch,all-q8,268435456,2199023255552,512,131072,15673981.19,15673981.19,15673981.19,32665.59,8869184.72,75.59,35.37,link,1546993532928,822868900493,268435456,2.6724,512,512,host_cache_degraded,5818559.19,11333355.33,12219802.52,133692928,0.00,45627.65,49148.37,133692928,0.00,67784.61,69329.53,133692928,1,281.758,952.129,0.7592,0.5526,0.8291,19.500,15673981.19,n/a,n/a,phase6.4-legacy,in-memory,0ce8b676,accffd77,c2f7da2a
SmolLM2-135M,exact-predictor-prefetch,all-q8,1073741824,549755813888,512,131072,15673981.19,15673981.19,15673981.19,0.00,5582636.68,71.36,33.39,device_capacity,1546993532928,822868900493,1073741824,0.6681,0,512,device,5494882.54,10673863.15,11462050.86,89144832,0.00,48907.11,50935.70,89144832,0.00,69892.65,71454.84,89144832,1,197.760,921.243,0.8294,0.5526,0.8291,19.500,15673981.19,n/a,n/a,phase6.4-legacy,in-memory,0ce8b676,accffd77,57b5a54c
SmolLM2-135M,exact-predictor-prefetch,all-q8,1073741824,1099511627776,512,131072,15673981.19,15673981.19,15673981.19,32665.60,8391999.67,71.53,33.46,link,1546993532928,822868900493,1073741824,1.3362,512,512,host_cache_degraded,5509919.23,10690479.75,11472338.44,133692928,0.00,48833.05,50840.28,133692928,0.00,69881.49,71435.37,133692928,1,199.684,921.243,0.8294,0.5526,0.8291,19.500,15673981.19,n/a,n/a,phase6.4-legacy,in-memory,0ce8b676,accffd77,975dfe25
SmolLM2-135M,exact-predictor-prefetch,all-q8,1073741824,2199023255552,512,131072,15673981.19,15673981.19,15673981.19,32665.60,8391999.67,71.53,33.46,link,1546993532928,822868900493,1073741824,2.6724,512,512,host_cache_degraded,5509919.23,10690479.75,11472338.44,133692928,0.00,48833.05,50840.28,133692928,0.00,69881.49,71435.37,133692928,1,199.684,921.243,0.8294,0.5526,0.8291,19.500,15673981.19,n/a,n/a,phase6.4-legacy,in-memory,0ce8b676,accffd77,69aeb1be
SmolLM2-135M,exact-predictor-prefetch,all-q8,4294967296,549755813888,512,131072,15673981.19,15673981.19,15673981.19,0.00,5403024.92,69.07,32.31,device_capacity,1546993532928,822868900493,4294967296,0.6681,0,512,device,5321459.15,10387776.40,11182239.08,88976384,0.00,46985.79,49014.17,88976384,0.00,67618.86,69171.24,88976384,1,196.413,921.243,0.8303,0.5526,0.8291,19.500,15673981.19,n/a,n/a,phase6.4-legacy,in-memory,0ce8b676,accffd77,e281b847
SmolLM2-135M,exact-predictor-prefetch,all-q8,4294967296,1099511627776,512,131072,15673981.19,15673981.19,15673981.19,32665.60,8135071.09,69.34,32.44,link,1546993532928,822868900493,4294967296,1.3362,512,512,host_cache_degraded,5343167.94,10406429.79,11193713.33,133524480,0.00,46900.19,48906.36,133524480,0.00,67609.98,69153.67,133524480,1,198.785,921.243,0.8303,0.5526,0.8291,19.500,15673981.19,n/a,n/a,phase6.4-legacy,in-memory,0ce8b676,accffd77,674f4db1
SmolLM2-135M,exact-predictor-prefetch,all-q8,4294967296,2199023255552,512,131072,15673981.19,15673981.19,15673981.19,32665.60,8135071.09,69.34,32.44,link,1546993532928,822868900493,4294967296,2.6724,512,512,host_cache_degraded,5343167.94,10406429.79,11193713.33,133524480,0.00,46900.19,48906.36,133524480,0.00,67609.98,69153.67,133524480,1,198.785,921.243,0.8303,0.5526,0.8291,19.500,15673981.19,n/a,n/a,phase6.4-legacy,in-memory,0ce8b676,accffd77,99bc022a
SmolLM2-135M,exact-predictor-prefetch,all-q8,8589934592,549755813888,512,131072,15673981.19,15673981.19,15673981.19,0.00,5368178.76,68.62,32.10,device_capacity,1546993532928,822868900493,8589934592,0.6681,0,512,device,5325949.81,10390700.56,11184229.65,88401920,0.00,47024.35,49074.26,88401920,0.00,67625.80,69175.18,88401920,1,196.375,921.243,0.8310,0.5526,0.8291,19.500,15673981.19,n/a,n/a,phase6.4-legacy,in-memory,0ce8b676,accffd77,886dbc04
SmolLM2-135M,exact-predictor-prefetch,all-q8,8589934592,1099511627776,512,131072,15673981.19,15673981.19,15673981.19,32665.60,8100156.76,69.04,32.30,link,1546993532928,822868900493,8589934592,1.3362,512,512,host_cache_degraded,5346201.67,10408447.79,11195024.10,132950016,0.00,46925.01,48946.92,132950016,0.00,67614.50,69156.25,132950016,1,198.768,921.243,0.8310,0.5526,0.8291,19.500,15673981.19,n/a,n/a,phase6.4-legacy,in-memory,0ce8b676,accffd77,621d520b
SmolLM2-135M,exact-predictor-prefetch,all-q8,8589934592,2199023255552,512,131072,15673981.19,15673981.19,15673981.19,32665.60,8100156.76,69.04,32.30,link,1546993532928,822868900493,8589934592,2.6724,512,512,host_cache_degraded,5346201.67,10408447.79,11195024.10,132950016,0.00,46925.01,48946.92,132950016,0.00,67614.50,69156.25,132950016,1,198.768,921.243,0.8310,0.5526,0.8291,19.500,15673981.19,n/a,n/a,phase6.4-legacy,in-memory,0ce8b676,accffd77,9cee1d90
SmolLM2-135M,exact-predictor-prefetch,safe-mixed,67108864,549755813888,512,131072,17073327.82,17798707.23,17939271.49,0.00,8450420.38,99.71,46.68,device_capacity,1546993532928,822868900493,67108864,0.6681,0,512,device,16861741.59,17578316.13,17716713.01,89145344,0.00,0.00,0.00,89145344,0.00,0.00,0.00,89145344,1,1154.571,1359.193,0.0119,0.5526,0.8291,19.500,15673981.19,n/a,n/a,phase6.4-legacy,in-memory,0ce8b676,accffd77,58b3cd56
SmolLM2-135M,exact-predictor-prefetch,safe-mixed,67108864,1099511627776,512,131072,17092190.67,17806380.05,17945488.24,30142.34,12687617.27,99.72,46.68,link,1546993532928,822868900493,67108864,1.3362,512,512,host_cache_degraded,16880374.43,17585742.12,17722556.20,133693440,0.00,0.00,0.00,133693440,0.00,0.00,0.00,133693440,1,1156.404,1359.193,0.0119,0.5526,0.8291,19.500,15673981.19,n/a,n/a,phase6.4-legacy,in-memory,0ce8b676,accffd77,5aebc20b
SmolLM2-135M,exact-predictor-prefetch,safe-mixed,67108864,2199023255552,512,131072,17092190.67,17806380.05,17945488.24,30142.34,12687617.27,99.72,46.68,link,1546993532928,822868900493,67108864,2.6724,512,512,host_cache_degraded,16880374.43,17585742.12,17722556.20,133693440,0.00,0.00,0.00,133693440,0.00,0.00,0.00,133693440,1,1156.404,1359.193,0.0119,0.5526,0.8291,19.500,15673981.19,n/a,n/a,phase6.4-legacy,in-memory,0ce8b676,accffd77,dfdf51f4
SmolLM2-135M,exact-predictor-prefetch,safe-mixed,268435456,549755813888,512,131072,15673981.19,15673981.19,15673981.19,0.00,5899319.75,75.40,35.28,device_capacity,1546993532928,822868900493,268435456,0.6681,0,512,device,5803228.81,11311490.17,12204509.25,89144832,0.00,45892.63,49374.11,89144832,0.00,67841.63,69383.57,89144832,1,278.314,952.129,0.7592,0.5526,0.8291,19.500,15673981.19,n/a,n/a,phase6.4-legacy,in-memory,0ce8b676,accffd77,a6f5ca17
SmolLM2-135M,exact-predictor-prefetch,safe-mixed,268435456,1099511627776,512,131072,15673981.19,15673981.19,15673981.19,32665.59,8869184.72,75.59,35.37,link,1546993532928,822868900493,268435456,1.3362,512,512,host_cache_degraded,5818559.19,11333355.33,12219802.52,133692928,0.00,45627.65,49148.37,133692928,0.00,67784.61,69329.53,133692928,1,281.758,952.129,0.7592,0.5526,0.8291,19.500,15673981.19,n/a,n/a,phase6.4-legacy,in-memory,0ce8b676,accffd77,522bf693
SmolLM2-135M,exact-predictor-prefetch,safe-mixed,268435456,2199023255552,512,131072,15673981.19,15673981.19,15673981.19,32665.59,8869184.72,75.59,35.37,link,1546993532928,822868900493,268435456,2.6724,512,512,host_cache_degraded,5818559.19,11333355.33,12219802.52,133692928,0.00,45627.65,49148.37,133692928,0.00,67784.61,69329.53,133692928,1,281.758,952.129,0.7592,0.5526,0.8291,19.500,15673981.19,n/a,n/a,phase6.4-legacy,in-memory,0ce8b676,accffd77,ec1bd002
SmolLM2-135M,exact-predictor-prefetch,safe-mixed,1073741824,549755813888,512,131072,15673981.19,15673981.19,15673981.19,0.00,5582636.68,71.36,33.39,device_capacity,1546993532928,822868900493,1073741824,0.6681,0,512,device,5494882.54,10673863.15,11462050.86,89144832,0.00,48907.11,50935.70,89144832,0.00,69892.65,71454.84,89144832,1,197.760,921.243,0.8294,0.5526,0.8291,19.500,15673981.19,n/a,n/a,phase6.4-legacy,in-memory,0ce8b676,accffd77,233dd568
SmolLM2-135M,exact-predictor-prefetch,safe-mixed,1073741824,1099511627776,512,131072,15673981.19,15673981.19,15673981.19,32665.60,8391999.67,71.53,33.46,link,1546993532928,822868900493,1073741824,1.3362,512,512,host_cache_degraded,5509919.23,10690479.75,11472338.44,133692928,0.00,48833.05,50840.28,133692928,0.00,69881.49,71435.37,133692928,1,199.684,921.243,0.8294,0.5526,0.8291,19.500,15673981.19,n/a,n/a,phase6.4-legacy,in-memory,0ce8b676,accffd77,2ad5977d
SmolLM2-135M,exact-predictor-prefetch,safe-mixed,1073741824,2199023255552,512,131072,15673981.19,15673981.19,15673981.19,32665.60,8391999.67,71.53,33.46,link,1546993532928,822868900493,1073741824,2.6724,512,512,host_cache_degraded,5509919.23,10690479.75,11472338.44,133692928,0.00,48833.05,50840.28,133692928,0.00,69881.49,71435.37,133692928,1,199.684,921.243,0.8294,0.5526,0.8291,19.500,15673981.19,n/a,n/a,phase6.4-legacy,in-memory,0ce8b676,accffd77,d426d8e6
SmolLM2-135M,exact-predictor-prefetch,safe-mixed,4294967296,549755813888,512,131072,15673981.19,15673981.19,15673981.19,0.00,5403024.92,69.07,32.31,device_capacity,1546993532928,822868900493,4294967296,0.6681,0,512,device,5321459.15,10387776.40,11182239.08,88976384,0.00,46985.79,49014.17,88976384,0.00,67618.86,69171.24,88976384,1,196.413,921.243,0.8303,0.5526,0.8291,19.500,15673981.19,n/a,n/a,phase6.4-legacy,in-memory,0ce8b676,accffd77,9609c863
SmolLM2-135M,exact-predictor-prefetch,safe-mixed,4294967296,1099511627776,512,131072,15673981.19,15673981.19,15673981.19,32665.60,8135071.09,69.34,32.44,link,1546993532928,822868900493,4294967296,1.3362,512,512,host_cache_degraded,5343167.94,10406429.79,11193713.33,133524480,0.00,46900.19,48906.36,133524480,0.00,67609.98,69153.67,133524480,1,198.785,921.243,0.8303,0.5526,0.8291,19.500,15673981.19,n/a,n/a,phase6.4-legacy,in-memory,0ce8b676,accffd77,dac724e9
SmolLM2-135M,exact-predictor-prefetch,safe-mixed,4294967296,2199023255552,512,131072,15673981.19,15673981.19,15673981.19,32665.60,8135071.09,69.34,32.44,link,1546993532928,822868900493,4294967296,2.6724,512,512,host_cache_degraded,5343167.94,10406429.79,11193713.33,133524480,0.00,46900.19,48906.36,133524480,0.00,67609.98,69153.67,133524480,1,198.785,921.243,0.8303,0.5526,0.8291,19.500,15673981.19,n/a,n/a,phase6.4-legacy,in-memory,0ce8b676,accffd77,24346b72
SmolLM2-135M,exact-predictor-prefetch,safe-mixed,8589934592,549755813888,512,131072,15673981.19,15673981.19,15673981.19,0.00,5368178.76,68.62,32.10,device_capacity,1546993532928,822868900493,8589934592,0.6681,0,512,device,5325949.81,10390700.56,11184229.65,88401920,0.00,47024.35,49074.26,88401920,0.00,67625.80,69175.18,88401920,1,196.375,921.243,0.8310,0.5526,0.8291,19.500,15673981.19,n/a,n/a,phase6.4-legacy,in-memory,0ce8b676,accffd77,fce5cc20
SmolLM2-135M,exact-predictor-prefetch,safe-mixed,8589934592,1099511627776,512,131072,15673981.19,15673981.19,15673981.19,32665.60,8100156.76,69.04,32.30,link,1546993532928,822868900493,8589934592,1.3362,512,512,host_cache_degraded,5346201.67,10408447.79,11195024.10,132950016,0.00,46925.01,48946.92,132950016,0.00,67614.50,69156.25,132950016,1,198.768,921.243,0.8310,0.5526,0.8291,19.500,15673981.19,n/a,n/a,phase6.4-legacy,in-memory,0ce8b676,accffd77,df953b53
SmolLM2-135M,exact-predictor-prefetch,safe-mixed,8589934592,2199023255552,512,131072,15673981.19,15673981.19,15673981.19,32665.60,8100156.76,69.04,32.30,link,1546993532928,822868900493,8589934592,2.6724,512,512,host_cache_degraded,5346201.67,10408447.79,11195024.10,132950016,0.00,46925.01,48946.92,132950016,0.00,67614.50,69156.25,132950016,1,198.768,921.243,0.8310,0.5526,0.8291,19.500,15673981.19,n/a,n/a,phase6.4-legacy,in-memory,0ce8b676,accffd77,216674c8
SmolLM2-135M,exact-predictor-coalescing,fp16,67108864,549755813888,512,131072,32181309.76,33565917.79,33814465.53,0.00,8435569.78,100.00,46.84,device_capacity,1546993532928,1546993532928,67108864,0.3554,0,512,device,31780572.32,33148904.79,33395191.20,47172608,0.00,0.00,0.00,47172608,0.00,0.00,0.00,47172608,1,1166.340,1372.590,0.0014,0.5526,0.8291,19.500,15673981.19,n/a,n/a,phase6.4-legacy,in-memory,0ce8b676,accffd77,c27ab741
SmolLM2-135M,exact-predictor-coalescing,fp16,67108864,1099511627776,512,131072,32228854.83,33583257.53,33828495.58,0.00,16991191.63,100.00,46.84,device_capacity,1546993532928,1546993532928,67108864,0.7107,0,512,device,31827587.12,33165898.25,33409017.95,94869504,0.00,0.00,0.00,94869504,0.00,0.00,0.00,94869504,1,1168.077,1372.630,0.0014,0.5526,0.8291,19.500,15673981.19,n/a,n/a,phase6.4-legacy,in-memory,0ce8b676,accffd77,678eb58c
SmolLM2-135M,exact-predictor-coalescing,fp16,67108864,2199023255552,512,131072,32249005.78,33590338.27,33834080.95,16017.00,23958210.21,100.00,46.84,link,1546993532928,1546993532928,67108864,1.4215,512,512,host_cache_degraded,31847639.94,33172844.09,33414600.02,133693440,0.00,0.00,0.00,133693440,0.00,0.00,0.00,133693440,1,1168.717,1372.630,0.0014,0.5526,0.8291,19.500,15673981.19,n/a,n/a,phase6.4-legacy,in-memory,0ce8b676,accffd77,dfee4a2b
SmolLM2-135M,exact-predictor-coalescing,fp16,268435456,549755813888,512,131072,30447250.55,31955359.91,32364933.24,0.00,7967140.83,100.00,46.84,device_capacity,1546993532928,1546993532928,268435456,0.3554,0,512,device,30113933.05,31595791.70,31989627.47,47172608,0.00,0.00,0.00,47172608,0.00,0.00,6839.91,47172608,1,1005.494,1240.617,0.1312,0.5526,0.8291,19.500,15673981.19,n/a,n/a,phase6.4-legacy,in-memory,0ce8b676,accffd77,2eb39c20
SmolLM2-135M,exact-predictor-coalescing,fp16,268435456,1099511627776,512,131072,30560090.05,32039897.22,32459983.54,0.00,16090638.29,100.00,46.84,device_capacity,1546993532928,1546993532928,268435456,0.7107,0,512,device,30223577.28,31676786.93,32080743.81,94869504,0.00,0.00,0.00,94869504,0.00,0.00,3144.91,94869504,1,1014.224,1240.725,0.1312,0.5526,0.8291,19.500,15673981.19,n/a,n/a,phase6.4-legacy,in-memory,0ce8b676,accffd77,ad67a45f
SmolLM2-135M,exact-predictor-coalescing,fp16,268435456,2199023255552,512,131072,30598380.12,32062293.11,32487055.20,16900.24,22705256.38,100.00,46.84,link,1546993532928,1546993532928,268435456,1.4215,512,512,host_cache_degraded,30261193.10,31698307.77,32106960.56,133693440,0.00,0.00,0.00,133693440,0.00,0.00,1933.00,133693440,1,1016.785,1240.725,0.1312,0.5526,0.8291,19.500,15673981.19,n/a,n/a,phase6.4-legacy,in-memory,0ce8b676,accffd77,d04940e6
SmolLM2-135M,exact-predictor-coalescing,fp16,1073741824,549755813888,512,131072,21322899.29,22850277.93,23379306.85,0.00,5580184.15,99.98,46.82,device_capacity,1546993532928,1546993532928,1073741824,0.3554,0,512,device,21044786.35,22569353.52,23103280.53,47172096,0.00,93837.01,97591.62,47172096,0.00,132622.03,135462.64,47172096,1,193.853,932.578,0.8292,0.5526,0.8291,19.500,15673981.19,n/a,n/a,phase6.4-legacy,in-memory,0ce8b676,accffd77,b69eb299
SmolLM2-135M,exact-predictor-coalescing,fp16,1073741824,1099511627776,512,131072,21410142.67,22889851.79,23433887.75,0.00,11274343.32,99.99,46.82,device_capacity,1546993532928,1546993532928,1073741824,0.7107,0,512,device,21131765.57,22609962.47,23158361.06,94868992,0.00,93396.74,97081.05,94868992,0.00,132544.20,135361.21,94868992,1,198.442,932.578,0.8292,0.5526,0.8291,19.500,15673981.19,n/a,n/a,phase6.4-legacy,in-memory,0ce8b676,accffd77,3ace68a8
SmolLM2-135M,exact-predictor-coalescing,fp16,1073741824,2199023255552,512,131072,21438806.30,22904436.25,23450808.75,24105.62,15912190.92,99.99,46.82,link,1546993532928,1546993532928,1073741824,1.4215,512,512,host_cache_degraded,21160273.19,22625074.07,23175460.77,133692928,0.00,93263.67,96918.09,133692928,0.00,132537.59,135343.49,133692928,1,199.881,932.578,0.8292,0.5526,0.8291,19.500,15673981.19,n/a,n/a,phase6.4-legacy,in-memory,0ce8b676,accffd77,a877a21c
SmolLM2-135M,exact-predictor-coalescing,fp16,4294967296,549755813888,512,131072,20717819.84,22306844.81,22837792.52,0.00,5397536.15,99.74,46.70,device_capacity,1546993532928,1546993532928,4294967296,0.3554,0,512,device,20448707.11,22034564.14,22570136.74,47172096,0.00,90093.92,93874.62,47172096,0.00,128433.73,131333.39,47172096,1,192.084,921.270,0.8298,0.5526,0.8291,19.500,15673981.19,n/a,n/a,phase6.4-legacy,in-memory,0ce8b676,accffd77,1c698e64
SmolLM2-135M,exact-predictor-coalescing,fp16,4294967296,1099511627776,512,131072,20817983.70,22345176.96,22890566.93,0.00,10936790.21,99.87,46.77,device_capacity,1546993532928,1546993532928,4294967296,0.7107,0,512,device,20548665.14,22074186.39,22623651.38,94868992,0.00,89685.28,93384.79,94868992,0.00,128358.36,131231.76,94868992,1,197.543,921.270,0.8298,0.5526,0.8291,19.500,15673981.19,n/a,n/a,phase6.4-legacy,in-memory,0ce8b676,accffd77,a0ed0c96
SmolLM2-135M,exact-predictor-coalescing,fp16,4294967296,2199023255552,512,131072,20850779.61,22358974.64,22907901.67,24807.57,15448835.62,99.91,46.78,link,1546993532928,1546993532928,4294967296,1.4215,512,512,host_cache_degraded,20581297.96,22088582.43,22640858.83,133692928,0.00,89563.30,93230.83,133692928,0.00,128356.24,131216.57,133692928,1,199.233,921.270,0.8298,0.5526,0.8291,19.500,15673981.19,n/a,n/a,phase6.4-legacy,in-memory,0ce8b676,accffd77,a478d4f2
SmolLM2-135M,exact-predictor-coalescing,fp16,8589934592,549755813888,512,131072,20531889.52,22148654.62,22679508.27,0.00,5320882.49,99.33,46.51,device_capacity,1546993532928,1546993532928,8589934592,0.3554,0,512,device,20272515.93,21880368.17,22415661.71,46973440,0.00,89147.24,92922.85,46973440,0.00,127240.60,130141.86,46973440,1,190.767,921.270,0.8304,0.5526,0.8291,19.500,15673981.19,n/a,n/a,phase6.4-legacy,in-memory,0ce8b676,accffd77,f3de28a0
SmolLM2-135M,exact-predictor-coalescing,fp16,8589934592,1099511627776,512,131072,20643905.60,22186411.95,22731520.23,0.00,10815544.14,99.67,46.67,device_capacity,1546993532928,1546993532928,8589934592,0.7107,0,512,device,20380606.45,21918673.34,22467568.14,94670336,0.00,88684.70,92392.76,94670336,0.00,127167.91,130041.62,94670336,1,196.895,921.270,0.8304,0.5526,0.8291,19.500,15673981.19,n/a,n/a,phase6.4-legacy,in-memory,0ce8b676,accffd77,ce513afb
SmolLM2-135M,exact-predictor-coalescing,fp16,8589934592,2199023255552,512,131072,20680346.69,22200034.36,22748588.56,25026.94,15291326.81,99.77,46.72,link,1546993532928,1546993532928,8589934592,1.4215,512,512,host_cache_degraded,20415939.16,21932765.53,22484409.93,133494272,0.00,88546.45,92223.62,133494272,0.00,127167.03,130027.11,133494272,1,198.772,921.270,0.8304,0.5526,0.8291,19.500,15673981.19,n/a,n/a,phase6.4-legacy,in-memory,0ce8b676,accffd77,897f585b
SmolLM2-135M,exact-predictor-coalescing,all-q8,67108864,549755813888,512,131072,17073327.82,17798707.23,17939271.49,0.00,8450420.38,99.71,46.68,device_capacity,1546993532928,822868900493,67108864,0.6681,0,512,device,16861741.59,17578316.13,17716713.01,89145344,0.00,0.00,0.00,89145344,0.00,0.00,0.00,89145344,1,1154.571,1359.193,0.0119,0.5526,0.8291,19.500,15673981.19,n/a,n/a,phase6.4-legacy,in-memory,0ce8b676,accffd77,0a89c81f
SmolLM2-135M,exact-predictor-coalescing,all-q8,67108864,1099511627776,512,131072,17092190.67,17806380.05,17945488.24,30142.34,12687617.27,99.72,46.68,link,1546993532928,822868900493,67108864,1.3362,512,512,host_cache_degraded,16880374.43,17585742.12,17722556.20,133693440,0.00,0.00,0.00,133693440,0.00,0.00,0.00,133693440,1,1156.404,1359.193,0.0119,0.5526,0.8291,19.500,15673981.19,n/a,n/a,phase6.4-legacy,in-memory,0ce8b676,accffd77,8f746bb5
SmolLM2-135M,exact-predictor-coalescing,all-q8,67108864,2199023255552,512,131072,17092190.67,17806380.05,17945488.24,30142.34,12687617.27,99.72,46.68,link,1546993532928,822868900493,67108864,2.6724,512,512,host_cache_degraded,16880374.43,17585742.12,17722556.20,133693440,0.00,0.00,0.00,133693440,0.00,0.00,0.00,133693440,1,1156.404,1359.193,0.0119,0.5526,0.8291,19.500,15673981.19,n/a,n/a,phase6.4-legacy,in-memory,0ce8b676,accffd77,0a40f84a
SmolLM2-135M,exact-predictor-coalescing,all-q8,268435456,549755813888,512,131072,15673981.19,15673981.19,15673981.19,0.00,5899319.75,75.40,35.28,device_capacity,1546993532928,822868900493,268435456,0.6681,0,512,device,5803228.81,11311490.17,12204509.25,89144832,0.00,45892.63,49374.11,89144832,0.00,67841.63,69383.57,89144832,1,278.314,952.129,0.7592,0.5526,0.8291,19.500,15673981.19,n/a,n/a,phase6.4-legacy,in-memory,0ce8b676,accffd77,73b987f2
SmolLM2-135M,exact-predictor-coalescing,all-q8,268435456,1099511627776,512,131072,15673981.19,15673981.19,15673981.19,32665.59,8869184.72,75.59,35.37,link,1546993532928,822868900493,268435456,1.3362,512,512,host_cache_degraded,5818559.19,11333355.33,12219802.52,133692928,0.00,45627.65,49148.37,133692928,0.00,67784.61,69329.53,133692928,1,281.758,952.129,0.7592,0.5526,0.8291,19.500,15673981.19,n/a,n/a,phase6.4-legacy,in-memory,0ce8b676,accffd77,45d735db
SmolLM2-135M,exact-predictor-coalescing,all-q8,268435456,2199023255552,512,131072,15673981.19,15673981.19,15673981.19,32665.59,8869184.72,75.59,35.37,link,1546993532928,822868900493,268435456,2.6724,512,512,host_cache_degraded,5818559.19,11333355.33,12219802.52,133692928,0.00,45627.65,49148.37,133692928,0.00,67784.61,69329.53,133692928,1,281.758,952.129,0.7592,0.5526,0.8291,19.500,15673981.19,n/a,n/a,phase6.4-legacy,in-memory,0ce8b676,accffd77,fbe7134a
SmolLM2-135M,exact-predictor-coalescing,all-q8,1073741824,549755813888,512,131072,15673981.19,15673981.19,15673981.19,0.00,5582636.68,71.36,33.39,device_capacity,1546993532928,822868900493,1073741824,0.6681,0,512,device,5494882.54,10673863.15,11462050.86,89144832,0.00,48907.11,50935.70,89144832,0.00,69892.65,71454.84,89144832,1,197.760,921.243,0.8294,0.5526,0.8291,19.500,15673981.19,n/a,n/a,phase6.4-legacy,in-memory,0ce8b676,accffd77,08593aa0
SmolLM2-135M,exact-predictor-coalescing,all-q8,1073741824,1099511627776,512,131072,15673981.19,15673981.19,15673981.19,32665.60,8391999.67,71.53,33.46,link,1546993532928,822868900493,1073741824,1.3362,512,512,host_cache_degraded,5509919.23,10690479.75,11472338.44,133692928,0.00,48833.05,50840.28,133692928,0.00,69881.49,71435.37,133692928,1,199.684,921.243,0.8294,0.5526,0.8291,19.500,15673981.19,n/a,n/a,phase6.4-legacy,in-memory,0ce8b676,accffd77,1018d686
SmolLM2-135M,exact-predictor-coalescing,all-q8,1073741824,2199023255552,512,131072,15673981.19,15673981.19,15673981.19,32665.60,8391999.67,71.53,33.46,link,1546993532928,822868900493,1073741824,2.6724,512,512,host_cache_degraded,5509919.23,10690479.75,11472338.44,133692928,0.00,48833.05,50840.28,133692928,0.00,69881.49,71435.37,133692928,1,199.684,921.243,0.8294,0.5526,0.8291,19.500,15673981.19,n/a,n/a,phase6.4-legacy,in-memory,0ce8b676,accffd77,eeeb991d
SmolLM2-135M,exact-predictor-coalescing,all-q8,4294967296,549755813888,512,131072,15673981.19,15673981.19,15673981.19,0.00,5403024.92,69.07,32.31,device_capacity,1546993532928,822868900493,4294967296,0.6681,0,512,device,5321459.15,10387776.40,11182239.08,88976384,0.00,46985.79,49014.17,88976384,0.00,67618.86,69171.24,88976384,1,196.413,921.243,0.8303,0.5526,0.8291,19.500,15673981.19,n/a,n/a,phase6.4-legacy,in-memory,0ce8b676,accffd77,bd6d27ab
SmolLM2-135M,exact-predictor-coalescing,all-q8,4294967296,1099511627776,512,131072,15673981.19,15673981.19,15673981.19,32665.60,8135071.09,69.34,32.44,link,1546993532928,822868900493,4294967296,1.3362,512,512,host_cache_degraded,5343167.94,10406429.79,11193713.33,133524480,0.00,46900.19,48906.36,133524480,0.00,67609.98,69153.67,133524480,1,198.785,921.243,0.8303,0.5526,0.8291,19.500,15673981.19,n/a,n/a,phase6.4-legacy,in-memory,0ce8b676,accffd77,e00a6512
SmolLM2-135M,exact-predictor-coalescing,all-q8,4294967296,2199023255552,512,131072,15673981.19,15673981.19,15673981.19,32665.60,8135071.09,69.34,32.44,link,1546993532928,822868900493,4294967296,2.6724,512,512,host_cache_degraded,5343167.94,10406429.79,11193713.33,133524480,0.00,46900.19,48906.36,133524480,0.00,67609.98,69153.67,133524480,1,198.785,921.243,0.8303,0.5526,0.8291,19.500,15673981.19,n/a,n/a,phase6.4-legacy,in-memory,0ce8b676,accffd77,1ef92a89
SmolLM2-135M,exact-predictor-coalescing,all-q8,8589934592,549755813888,512,131072,15673981.19,15673981.19,15673981.19,0.00,5368178.76,68.62,32.10,device_capacity,1546993532928,822868900493,8589934592,0.6681,0,512,device,5325949.81,10390700.56,11184229.65,88401920,0.00,47024.35,49074.26,88401920,0.00,67625.80,69175.18,88401920,1,196.375,921.243,0.8310,0.5526,0.8291,19.500,15673981.19,n/a,n/a,phase6.4-legacy,in-memory,0ce8b676,accffd77,d78123e8
SmolLM2-135M,exact-predictor-coalescing,all-q8,8589934592,1099511627776,512,131072,15673981.19,15673981.19,15673981.19,32665.60,8100156.76,69.04,32.30,link,1546993532928,822868900493,8589934592,1.3362,512,512,host_cache_degraded,5346201.67,10408447.79,11195024.10,132950016,0.00,46925.01,48946.92,132950016,0.00,67614.50,69156.25,132950016,1,198.768,921.243,0.8310,0.5526,0.8291,19.500,15673981.19,n/a,n/a,phase6.4-legacy,in-memory,0ce8b676,accffd77,e5587aa8
SmolLM2-135M,exact-predictor-coalescing,all-q8,8589934592,2199023255552,512,131072,15673981.19,15673981.19,15673981.19,32665.60,8100156.76,69.04,32.30,link,1546993532928,822868900493,8589934592,2.6724,512,512,host_cache_degraded,5346201.67,10408447.79,11195024.10,132950016,0.00,46925.01,48946.92,132950016,0.00,67614.50,69156.25,132950016,1,198.768,921.243,0.8310,0.5526,0.8291,19.500,15673981.19,n/a,n/a,phase6.4-legacy,in-memory,0ce8b676,accffd77,1bab3533
SmolLM2-135M,exact-predictor-coalescing,safe-mixed,67108864,549755813888,512,131072,17073327.82,17798707.23,17939271.49,0.00,8450420.38,99.71,46.68,device_capacity,1546993532928,822868900493,67108864,0.6681,0,512,device,16861741.59,17578316.13,17716713.01,89145344,0.00,0.00,0.00,89145344,0.00,0.00,0.00,89145344,1,1154.571,1359.193,0.0119,0.5526,0.8291,19.500,15673981.19,n/a,n/a,phase6.4-legacy,in-memory,0ce8b676,accffd77,0caa25c4
SmolLM2-135M,exact-predictor-coalescing,safe-mixed,67108864,1099511627776,512,131072,17092190.67,17806380.05,17945488.24,30142.34,12687617.27,99.72,46.68,link,1546993532928,822868900493,67108864,1.3362,512,512,host_cache_degraded,16880374.43,17585742.12,17722556.20,133693440,0.00,0.00,0.00,133693440,0.00,0.00,0.00,133693440,1,1156.404,1359.193,0.0119,0.5526,0.8291,19.500,15673981.19,n/a,n/a,phase6.4-legacy,in-memory,0ce8b676,accffd77,05075de7
SmolLM2-135M,exact-predictor-coalescing,safe-mixed,67108864,2199023255552,512,131072,17092190.67,17806380.05,17945488.24,30142.34,12687617.27,99.72,46.68,link,1546993532928,822868900493,67108864,2.6724,512,512,host_cache_degraded,16880374.43,17585742.12,17722556.20,133693440,0.00,0.00,0.00,133693440,0.00,0.00,0.00,133693440,1,1156.404,1359.193,0.0119,0.5526,0.8291,19.500,15673981.19,n/a,n/a,phase6.4-legacy,in-memory,0ce8b676,accffd77,8033ce18
SmolLM2-135M,exact-predictor-coalescing,safe-mixed,268435456,549755813888,512,131072,15673981.19,15673981.19,15673981.19,0.00,5899319.75,75.40,35.28,device_capacity,1546993532928,822868900493,268435456,0.6681,0,512,device,5803228.81,11311490.17,12204509.25,89144832,0.00,45892.63,49374.11,89144832,0.00,67841.63,69383.57,89144832,1,278.314,952.129,0.7592,0.5526,0.8291,19.500,15673981.19,n/a,n/a,phase6.4-legacy,in-memory,0ce8b676,accffd77,348ea7ce
SmolLM2-135M,exact-predictor-coalescing,safe-mixed,268435456,1099511627776,512,131072,15673981.19,15673981.19,15673981.19,32665.59,8869184.72,75.59,35.37,link,1546993532928,822868900493,268435456,1.3362,512,512,host_cache_degraded,5818559.19,11333355.33,12219802.52,133692928,0.00,45627.65,49148.37,133692928,0.00,67784.61,69329.53,133692928,1,281.758,952.129,0.7592,0.5526,0.8291,19.500,15673981.19,n/a,n/a,phase6.4-legacy,in-memory,0ce8b676,accffd77,e2b43606
SmolLM2-135M,exact-predictor-coalescing,safe-mixed,268435456,2199023255552,512,131072,15673981.19,15673981.19,15673981.19,32665.59,8869184.72,75.59,35.37,link,1546993532928,822868900493,268435456,2.6724,512,512,host_cache_degraded,5818559.19,11333355.33,12219802.52,133692928,0.00,45627.65,49148.37,133692928,0.00,67784.61,69329.53,133692928,1,281.758,952.129,0.7592,0.5526,0.8291,19.500,15673981.19,n/a,n/a,phase6.4-legacy,in-memory,0ce8b676,accffd77,5c841097
SmolLM2-135M,exact-predictor-coalescing,safe-mixed,1073741824,549755813888,512,131072,15673981.19,15673981.19,15673981.19,0.00,5582636.68,71.36,33.39,device_capacity,1546993532928,822868900493,1073741824,0.6681,0,512,device,5494882.54,10673863.15,11462050.86,89144832,0.00,48907.11,50935.70,89144832,0.00,69892.65,71454.84,89144832,1,197.760,921.243,0.8294,0.5526,0.8291,19.500,15673981.19,n/a,n/a,phase6.4-legacy,in-memory,0ce8b676,accffd77,40c424a0
SmolLM2-135M,exact-predictor-coalescing,safe-mixed,1073741824,1099511627776,512,131072,15673981.19,15673981.19,15673981.19,32665.60,8391999.67,71.53,33.46,link,1546993532928,822868900493,1073741824,1.3362,512,512,host_cache_degraded,5509919.23,10690479.75,11472338.44,133692928,0.00,48833.05,50840.28,133692928,0.00,69881.49,71435.37,133692928,1,199.684,921.243,0.8294,0.5526,0.8291,19.500,15673981.19,n/a,n/a,phase6.4-legacy,in-memory,0ce8b676,accffd77,bd879b0d
SmolLM2-135M,exact-predictor-coalescing,safe-mixed,1073741824,2199023255552,512,131072,15673981.19,15673981.19,15673981.19,32665.60,8391999.67,71.53,33.46,link,1546993532928,822868900493,1073741824,2.6724,512,512,host_cache_degraded,5509919.23,10690479.75,11472338.44,133692928,0.00,48833.05,50840.28,133692928,0.00,69881.49,71435.37,133692928,1,199.684,921.243,0.8294,0.5526,0.8291,19.500,15673981.19,n/a,n/a,phase6.4-legacy,in-memory,0ce8b676,accffd77,4374d496
SmolLM2-135M,exact-predictor-coalescing,safe-mixed,4294967296,549755813888,512,131072,15673981.19,15673981.19,15673981.19,0.00,5403024.92,69.07,32.31,device_capacity,1546993532928,822868900493,4294967296,0.6681,0,512,device,5321459.15,10387776.40,11182239.08,88976384,0.00,46985.79,49014.17,88976384,0.00,67618.86,69171.24,88976384,1,196.413,921.243,0.8303,0.5526,0.8291,19.500,15673981.19,n/a,n/a,phase6.4-legacy,in-memory,0ce8b676,accffd77,f5f039ab
SmolLM2-135M,exact-predictor-coalescing,safe-mixed,4294967296,1099511627776,512,131072,15673981.19,15673981.19,15673981.19,32665.60,8135071.09,69.34,32.44,link,1546993532928,822868900493,4294967296,1.3362,512,512,host_cache_degraded,5343167.94,10406429.79,11193713.33,133524480,0.00,46900.19,48906.36,133524480,0.00,67609.98,69153.67,133524480,1,198.785,921.243,0.8303,0.5526,0.8291,19.500,15673981.19,n/a,n/a,phase6.4-legacy,in-memory,0ce8b676,accffd77,4d952899
SmolLM2-135M,exact-predictor-coalescing,safe-mixed,4294967296,2199023255552,512,131072,15673981.19,15673981.19,15673981.19,32665.60,8135071.09,69.34,32.44,link,1546993532928,822868900493,4294967296,2.6724,512,512,host_cache_degraded,5343167.94,10406429.79,11193713.33,133524480,0.00,46900.19,48906.36,133524480,0.00,67609.98,69153.67,133524480,1,198.785,921.243,0.8303,0.5526,0.8291,19.500,15673981.19,n/a,n/a,phase6.4-legacy,in-memory,0ce8b676,accffd77,b3666702
SmolLM2-135M,exact-predictor-coalescing,safe-mixed,8589934592,549755813888,512,131072,15673981.19,15673981.19,15673981.19,0.00,5368178.76,68.62,32.10,device_capacity,1546993532928,822868900493,8589934592,0.6681,0,512,device,5325949.81,10390700.56,11184229.65,88401920,0.00,47024.35,49074.26,88401920,0.00,67625.80,69175.18,88401920,1,196.375,921.243,0.8310,0.5526,0.8291,19.500,15673981.19,n/a,n/a,phase6.4-legacy,in-memory,0ce8b676,accffd77,9f1c3de8
SmolLM2-135M,exact-predictor-coalescing,safe-mixed,8589934592,1099511627776,512,131072,15673981.19,15673981.19,15673981.19,32665.60,8100156.76,69.04,32.30,link,1546993532928,822868900493,8589934592,1.3362,512,512,host_cache_degraded,5346201.67,10408447.79,11195024.10,132950016,0.00,46925.01,48946.92,132950016,0.00,67614.50,69156.25,132950016,1,198.768,921.243,0.8310,0.5526,0.8291,19.500,15673981.19,n/a,n/a,phase6.4-legacy,in-memory,0ce8b676,accffd77,48c73723
SmolLM2-135M,exact-predictor-coalescing,safe-mixed,8589934592,2199023255552,512,131072,15673981.19,15673981.19,15673981.19,32665.60,8100156.76,69.04,32.30,link,1546993532928,822868900493,8589934592,2.6724,512,512,host_cache_degraded,5346201.67,10408447.79,11195024.10,132950016,0.00,46925.01,48946.92,132950016,0.00,67614.50,69156.25,132950016,1,198.768,921.243,0.8310,0.5526,0.8291,19.500,15673981.19,n/a,n/a,phase6.4-legacy,in-memory,0ce8b676,accffd77,b63478b8
SmolLM2-135M,oracle,fp16,67108864,549755813888,512,131072,25759359.91,27180663.19,27889044.59,0.00,6757874.98,100.00,46.83,device_capacity,1546993532928,1546993532928,67108864,0.3554,0,512,device,25383166.82,26784868.87,27485556.20,47172608,0.00,0.00,0.00,47172608,0.00,0.00,0.00,47172608,1,1168.987,1373.660,0.0000,1.0000,1.0000,12.998,15673981.19,n/a,n/a,phase6.4-legacy,in-memory,0ce8b676,accffd77,d341b3b0
SmolLM2-135M,oracle,fp16,67108864,1099511627776,512,131072,25776669.15,27170999.85,27856968.66,0.00,13601463.79,100.00,46.83,device_capacity,1546993532928,1546993532928,67108864,0.7107,0,512,device,25400188.71,26775284.71,27453199.97,94869504,0.00,0.00,0.00,94869504,0.00,0.00,0.00,94869504,1,1169.900,1373.660,0.0000,1.0000,1.0000,12.998,15673981.19,n/a,n/a,phase6.4-legacy,in-memory,0ce8b676,accffd77,08570ccd
SmolLM2-135M,oracle,fp16,67108864,2199023255552,512,131072,25787953.73,27164011.69,27840836.57,20009.70,19174314.18,100.00,46.83,link,1546993532928,1546993532928,67108864,1.4215,512,512,host_cache_degraded,25411346.55,26768264.84,27437267.90,133693440,0.00,0.00,0.00,133693440,0.00,0.00,0.00,133693440,1,1170.307,1373.660,0.0000,1.0000,1.0000,12.998,15673981.19,n/a,n/a,phase6.4-legacy,in-memory,0ce8b676,accffd77,6ec94917
SmolLM2-135M,oracle,fp16,268435456,549755813888,512,131072,20826924.19,23310572.51,24571413.01,0.00,5409845.15,99.70,46.69,device_capacity,1546993532928,1546993532928,268435456,0.3554,0,512,device,20580045.60,23014648.48,24256872.84,47172608,0.00,0.00,0.00,47172608,0.00,9685.68,45907.93,47172608,1,703.087,1170.651,0.3965,1.0000,1.0000,12.998,15673981.19,n/a,n/a,phase6.4-legacy,in-memory,0ce8b676,accffd77,53a38b1a
SmolLM2-135M,oracle,fp16,268435456,1099511627776,512,131072,20860735.24,23256818.15,24418396.30,0.00,10898918.08,99.72,46.69,device_capacity,1546993532928,1546993532928,268435456,0.7107,0,512,device,20613708.15,22961643.73,24105293.16,94869504,0.00,0.00,0.00,94869504,0.00,9515.39,43272.28,94869504,1,705.373,1170.651,0.3965,1.0000,1.0000,12.998,15673981.19,n/a,n/a,phase6.4-legacy,in-memory,0ce8b676,accffd77,3b672713
SmolLM2-135M,oracle,fp16,268435456,2199023255552,512,131072,20879662.33,23224744.81,24317085.79,24888.50,15370447.37,99.73,46.70,link,1546993532928,1546993532928,268435456,1.4215,512,512,host_cache_degraded,20632271.26,22930169.76,24006000.63,133693440,0.00,0.00,0.00,133693440,0.00,9614.25,42977.40,133693440,1,706.320,1170.651,0.3965,1.0000,1.0000,12.998,15673981.19,n/a,n/a,phase6.4-legacy,in-memory,0ce8b676,accffd77,f4628259
SmolLM2-135M,oracle,fp16,1073741824,549755813888,512,131072,15673981.19,15673981.19,15673981.19,0.00,3343295.75,80.67,37.78,device_capacity,1546993532928,1546993532928,1073741824,0.3554,0,512,device,6203259.75,11990870.06,12812610.79,23586304,0.00,0.00,0.00,23586304,0.00,0.00,0.00,23586304,1,0.000,0.000,1.0000,1.0000,1.0000,12.998,15673981.19,n/a,n/a,phase6.4-legacy,in-memory,0ce8b676,accffd77,0c30efda
SmolLM2-135M,oracle,fp16,1073741824,1099511627776,512,131072,15673981.19,15673981.19,15673981.19,0.00,6736732.75,80.83,37.86,device_capacity,1546993532928,1546993532928,1073741824,0.7107,0,512,device,6216787.58,12005222.10,12818013.94,47434752,0.00,0.00,0.00,47434752,0.00,0.00,0.00,47434752,1,0.000,0.000,1.0000,1.0000,1.0000,12.998,15673981.19,n/a,n/a,phase6.4-legacy,in-memory,0ce8b676,accffd77,70f2fc52
SmolLM2-135M,oracle,fp16,1073741824,2199023255552,512,131072,15673981.19,15673981.19,15673981.19,32665.60,9500377.83,80.89,37.88,link,1546993532928,1546993532928,1073741824,1.4215,512,512,none,6221599.21,12011489.90,12822189.85,66846720,0.00,0.00,0.00,66846720,0.00,0.00,0.00,66846720,1,0.000,0.000,1.0000,1.0000,1.0000,12.998,15673981.19,n/a,n/a,phase6.4-legacy,in-memory,0ce8b676,accffd77,119ed49d
SmolLM2-135M,oracle,fp16,4294967296,549755813888,512,131072,15673981.19,15673981.19,15673981.19,0.00,3176514.30,76.65,35.90,device_capacity,1546993532928,1546993532928,4294967296,0.3554,0,512,device,5871965.60,11466545.25,12300462.42,23586304,0.00,0.00,0.00,23586304,0.00,0.00,0.00,23586304,1,0.000,0.000,1.0000,1.0000,1.0000,12.998,15673981.19,n/a,n/a,phase6.4-legacy,in-memory,0ce8b676,accffd77,42e7c278
SmolLM2-135M,oracle,fp16,4294967296,1099511627776,512,131072,15673981.19,15673981.19,15673981.19,0.00,6423068.15,77.07,36.09,device_capacity,1546993532928,1546993532928,4294967296,0.7107,0,512,device,5915210.29,11490911.52,12311159.15,47434752,0.00,0.00,0.00,47434752,0.00,0.00,0.00,47434752,1,0.000,0.000,1.0000,1.0000,1.0000,12.998,15673981.19,n/a,n/a,phase6.4-legacy,in-memory,0ce8b676,accffd77,4f6c4ec4
SmolLM2-135M,oracle,fp16,4294967296,2199023255552,512,131072,15673981.19,15673981.19,15673981.19,32665.60,9067549.74,77.20,36.16,link,1546993532928,1546993532928,4294967296,1.4215,512,512,none,5928788.42,11500672.27,12317344.02,66846720,0.00,0.00,0.00,66846720,0.00,0.00,0.00,66846720,1,0.000,0.000,1.0000,1.0000,1.0000,12.998,15673981.19,n/a,n/a,phase6.4-legacy,in-memory,0ce8b676,accffd77,19bbfef3
SmolLM2-135M,oracle,fp16,8589934592,549755813888,512,131072,15673981.19,15673981.19,15673981.19,0.00,3113454.89,75.13,35.19,device_capacity,1546993532928,1546993532928,8589934592,0.3554,0,512,device,5763981.54,11313170.56,12144276.69,23539712,0.00,0.00,0.00,23539712,0.00,0.00,0.00,23539712,1,3.366,6.183,1.0000,1.0000,1.0000,12.998,15673981.19,n/a,n/a,phase6.4-legacy,in-memory,0ce8b676,accffd77,6201d04b
SmolLM2-135M,oracle,fp16,8589934592,1099511627776,512,131072,15673981.19,15673981.19,15673981.19,0.00,6318453.09,75.81,35.51,device_capacity,1546993532928,1546993532928,8589934592,0.7107,0,512,device,5822932.96,11342432.10,12159078.50,47388160,0.00,0.00,0.00,47388160,0.00,0.00,0.00,47388160,1,3.366,6.183,1.0000,1.0000,1.0000,12.998,15673981.19,n/a,n/a,phase6.4-legacy,in-memory,0ce8b676,accffd77,59e73195
SmolLM2-135M,oracle,fp16,8589934592,2199023255552,512,131072,15673981.19,15673981.19,15673981.19,32665.60,8929111.06,76.03,35.60,link,1546993532928,1546993532928,8589934592,1.4215,512,512,none,5840789.15,11353616.75,12166546.52,66800128,0.00,0.00,0.00,66800128,0.00,0.00,0.00,66800128,1,3.366,6.183,1.0000,1.0000,1.0000,12.998,15673981.19,n/a,n/a,phase6.4-legacy,in-memory,0ce8b676,accffd77,e600422e
SmolLM2-135M,oracle,all-q8,67108864,549755813888,512,131072,15673981.19,15673981.19,15673981.19,0.00,6795929.48,86.84,40.64,device_capacity,1546993532928,822868900493,67108864,0.6681,0,512,device,6734845.71,12939248.75,13792893.65,89145344,0.00,0.00,0.00,89145344,0.00,0.00,0.00,89145344,1,1169.606,1373.620,0.0001,1.0000,1.0000,12.998,15673981.19,n/a,n/a,phase6.4-legacy,in-memory,0ce8b676,accffd77,e034a9d3
SmolLM2-135M,oracle,all-q8,67108864,1099511627776,512,131072,15673981.19,15673981.19,15673981.19,32665.60,10197569.48,86.89,40.66,link,1546993532928,822868900493,67108864,1.3362,512,512,host_cache_degraded,6738782.94,12944693.96,13795287.54,133693440,0.00,0.00,0.00,133693440,0.00,0.00,0.00,133693440,1,1170.246,1373.620,0.0001,1.0000,1.0000,12.998,15673981.19,n/a,n/a,phase6.4-legacy,in-memory,0ce8b676,accffd77,d4a059ca
SmolLM2-135M,oracle,all-q8,67108864,2199023255552,512,131072,15673981.19,15673981.19,15673981.19,32665.60,10197569.48,86.89,40.66,link,1546993532928,822868900493,67108864,2.6724,512,512,host_cache_degraded,6738782.94,12944693.96,13795287.54,133693440,0.00,0.00,0.00,133693440,0.00,0.00,0.00,133693440,1,1170.246,1373.620,0.0001,1.0000,1.0000,12.998,15673981.19,n/a,n/a,phase6.4-legacy,in-memory,0ce8b676,accffd77,85037e98
SmolLM2-135M,oracle,all-q8,268435456,549755813888,512,131072,15673981.19,15673981.19,15673981.19,0.00,3395208.00,43.38,20.30,device_capacity,1546993532928,822868900493,268435456,0.6681,0,512,device,3337710.29,6438998.67,6866598.02,44572672,0.00,0.00,0.00,44572672,0.00,0.00,0.00,44572672,1,0.000,0.000,1.0000,1.0000,1.0000,12.998,15673981.19,n/a,n/a,phase6.4-legacy,in-memory,0ce8b676,accffd77,df6b8bb3
SmolLM2-135M,oracle,all-q8,268435456,1099511627776,512,131072,15673981.19,15673981.19,15673981.19,32665.60,5094982.66,43.41,20.32,link,1546993532928,822868900493,268435456,1.3362,512,512,none,3339896.98,6441931.83,6867923.87,66846720,0.00,0.00,0.00,66846720,0.00,0.00,0.00,66846720,1,0.000,0.000,1.0000,1.0000,1.0000,12.998,15673981.19,n/a,n/a,phase6.4-legacy,in-memory,0ce8b676,accffd77,0acb3b6f
SmolLM2-135M,oracle,all-q8,268435456,2199023255552,512,131072,15673981.19,15673981.19,15673981.19,32665.60,5094982.66,43.41,20.32,link,1546993532928,822868900493,268435456,2.6724,512,512,none,3339896.98,6441931.83,6867923.87,66846720,0.00,0.00,0.00,66846720,0.00,0.00,0.00,66846720,1,0.000,0.000,1.0000,1.0000,1.0000,12.998,15673981.19,n/a,n/a,phase6.4-legacy,in-memory,0ce8b676,accffd77,94f56a1c
SmolLM2-135M,oracle,all-q8,1073741824,549755813888,512,131072,15673981.19,15673981.19,15673981.19,0.00,3325266.49,42.49,19.89,device_capacity,1546993532928,822868900493,1073741824,0.6681,0,512,device,3265694.08,6322538.71,6766863.52,44572672,0.00,0.00,0.00,44572672,0.00,0.00,0.00,44572672,1,0.000,0.000,1.0000,1.0000,1.0000,12.998,15673981.19,n/a,n/a,phase6.4-legacy,in-memory,0ce8b676,accffd77,ddeda851
SmolLM2-135M,oracle,all-q8,1073741824,1099511627776,512,131072,15673981.19,15673981.19,15673981.19,32665.60,4994146.18,42.55,19.91,link,1546993532928,822868900493,1073741824,1.3362,512,512,none,3271383.13,6327689.15,6768702.23,66846720,0.00,0.00,0.00,66846720,0.00,0.00,0.00,66846720,1,0.000,0.000,1.0000,1.0000,1.0000,12.998,15673981.19,n/a,n/a,phase6.4-legacy,in-memory,0ce8b676,accffd77,3db22d4d
SmolLM2-135M,oracle,all-q8,1073741824,2199023255552,512,131072,15673981.19,15673981.19,15673981.19,32665.60,4994146.18,42.55,19.91,link,1546993532928,822868900493,1073741824,2.6724,512,512,none,3271383.13,6327689.15,6768702.23,66846720,0.00,0.00,0.00,66846720,0.00,0.00,0.00,66846720,1,0.000,0.000,1.0000,1.0000,1.0000,12.998,15673981.19,n/a,n/a,phase6.4-legacy,in-memory,0ce8b676,accffd77,e5ef19d6
SmolLM2-135M,oracle,all-q8,4294967296,549755813888,512,131072,15673981.19,15673981.19,15673981.19,0.00,3157227.16,40.35,18.88,device_capacity,1546993532928,822868900493,4294967296,0.6681,0,512,device,3097404.81,6036282.62,6472343.15,44539392,0.00,0.00,0.00,44539392,0.00,0.00,0.00,44539392,1,6.819,13.395,1.0000,1.0000,1.0000,12.998,15673981.19,n/a,n/a,phase6.4-legacy,in-memory,0ce8b676,accffd77,a0ff87e5
SmolLM2-135M,oracle,all-q8,4294967296,1099511627776,512,131072,15673981.19,15673981.19,15673981.19,32665.60,4750557.06,40.48,18.94,link,1546993532928,822868900493,4294967296,1.3362,512,512,none,3109139.88,6043137.13,6475659.21,66813440,0.00,0.00,0.00,66813440,0.00,0.00,0.00,66813440,1,6.819,13.395,1.0000,1.0000,1.0000,12.998,15673981.19,n/a,n/a,phase6.4-legacy,in-memory,0ce8b676,accffd77,6c89666a
SmolLM2-135M,oracle,all-q8,4294967296,2199023255552,512,131072,15673981.19,15673981.19,15673981.19,32665.60,4750557.06,40.48,18.94,link,1546993532928,822868900493,4294967296,2.6724,512,512,none,3109139.88,6043137.13,6475659.21,66813440,0.00,0.00,0.00,66813440,0.00,0.00,0.00,66813440,1,6.819,13.395,1.0000,1.0000,1.0000,12.998,15673981.19,n/a,n/a,phase6.4-legacy,in-memory,0ce8b676,accffd77,0b8c7192
SmolLM2-135M,oracle,all-q8,8589934592,549755813888,512,131072,15673981.19,15673981.19,15673981.19,0.00,3129525.19,39.99,18.72,device_capacity,1546993532928,822868900493,8589934592,0.6681,0,512,device,3086403.25,6036222.33,6472402.63,44354048,0.00,0.00,0.00,44354048,0.00,0.00,0.00,44354048,1,13.448,81.393,1.0000,1.0000,1.0000,12.998,15673981.19,n/a,n/a,phase6.4-legacy,in-memory,0ce8b676,accffd77,3344f1e6
SmolLM2-135M,oracle,all-q8,8589934592,1099511627776,512,131072,15673981.19,15673981.19,15673981.19,32665.60,4722848.72,40.24,18.83,link,1546993532928,822868900493,8589934592,1.3362,512,512,none,3102068.33,6043121.50,6475714.40,66628096,0.00,0.00,0.00,66628096,0.00,0.00,0.00,66628096,1,13.448,81.393,1.0000,1.0000,1.0000,12.998,15673981.19,n/a,n/a,phase6.4-legacy,in-memory,0ce8b676,accffd77,4cc78a18
SmolLM2-135M,oracle,all-q8,8589934592,2199023255552,512,131072,15673981.19,15673981.19,15673981.19,32665.60,4722848.72,40.24,18.83,link,1546993532928,822868900493,8589934592,2.6724,512,512,none,3102068.33,6043121.50,6475714.40,66628096,0.00,0.00,0.00,66628096,0.00,0.00,0.00,66628096,1,13.448,81.393,1.0000,1.0000,1.0000,12.998,15673981.19,n/a,n/a,phase6.4-legacy,in-memory,0ce8b676,accffd77,ffc6f521
SmolLM2-135M,oracle,safe-mixed,67108864,549755813888,512,131072,15673981.19,15673981.19,15673981.19,0.00,6795929.48,86.84,40.64,device_capacity,1546993532928,822868900493,67108864,0.6681,0,512,device,6734845.71,12939248.75,13792893.65,89145344,0.00,0.00,0.00,89145344,0.00,0.00,0.00,89145344,1,1169.606,1373.620,0.0001,1.0000,1.0000,12.998,15673981.19,n/a,n/a,phase6.4-legacy,in-memory,0ce8b676,accffd77,9e01f880
SmolLM2-135M,oracle,safe-mixed,67108864,1099511627776,512,131072,15673981.19,15673981.19,15673981.19,32665.60,10197569.48,86.89,40.66,link,1546993532928,822868900493,67108864,1.3362,512,512,host_cache_degraded,6738782.94,12944693.96,13795287.54,133693440,0.00,0.00,0.00,133693440,0.00,0.00,0.00,133693440,1,1170.246,1373.620,0.0001,1.0000,1.0000,12.998,15673981.19,n/a,n/a,phase6.4-legacy,in-memory,0ce8b676,accffd77,76834663
SmolLM2-135M,oracle,safe-mixed,67108864,2199023255552,512,131072,15673981.19,15673981.19,15673981.19,32665.60,10197569.48,86.89,40.66,link,1546993532928,822868900493,67108864,2.6724,512,512,host_cache_degraded,6738782.94,12944693.96,13795287.54,133693440,0.00,0.00,0.00,133693440,0.00,0.00,0.00,133693440,1,1170.246,1373.620,0.0001,1.0000,1.0000,12.998,15673981.19,n/a,n/a,phase6.4-legacy,in-memory,0ce8b676,accffd77,27206131
SmolLM2-135M,oracle,safe-mixed,268435456,549755813888,512,131072,15673981.19,15673981.19,15673981.19,0.00,3395208.00,43.38,20.30,device_capacity,1546993532928,822868900493,268435456,0.6681,0,512,device,3337710.29,6438998.67,6866598.02,44572672,0.00,0.00,0.00,44572672,0.00,0.00,0.00,44572672,1,0.000,0.000,1.0000,1.0000,1.0000,12.998,15673981.19,n/a,n/a,phase6.4-legacy,in-memory,0ce8b676,accffd77,2e644e69
SmolLM2-135M,oracle,safe-mixed,268435456,1099511627776,512,131072,15673981.19,15673981.19,15673981.19,32665.60,5094982.66,43.41,20.32,link,1546993532928,822868900493,268435456,1.3362,512,512,none,3339896.98,6441931.83,6867923.87,66846720,0.00,0.00,0.00,66846720,0.00,0.00,0.00,66846720,1,0.000,0.000,1.0000,1.0000,1.0000,12.998,15673981.19,n/a,n/a,phase6.4-legacy,in-memory,0ce8b676,accffd77,11282e1c
SmolLM2-135M,oracle,safe-mixed,268435456,2199023255552,512,131072,15673981.19,15673981.19,15673981.19,32665.60,5094982.66,43.41,20.32,link,1546993532928,822868900493,268435456,2.6724,512,512,none,3339896.98,6441931.83,6867923.87,66846720,0.00,0.00,0.00,66846720,0.00,0.00,0.00,66846720,1,0.000,0.000,1.0000,1.0000,1.0000,12.998,15673981.19,n/a,n/a,phase6.4-legacy,in-memory,0ce8b676,accffd77,8f167f6f
SmolLM2-135M,oracle,safe-mixed,1073741824,549755813888,512,131072,15673981.19,15673981.19,15673981.19,0.00,3325266.49,42.49,19.89,device_capacity,1546993532928,822868900493,1073741824,0.6681,0,512,device,3265694.08,6322538.71,6766863.52,44572672,0.00,0.00,0.00,44572672,0.00,0.00,0.00,44572672,1,0.000,0.000,1.0000,1.0000,1.0000,12.998,15673981.19,n/a,n/a,phase6.4-legacy,in-memory,0ce8b676,accffd77,4d3442f4
SmolLM2-135M,oracle,safe-mixed,1073741824,1099511627776,512,131072,15673981.19,15673981.19,15673981.19,32665.60,4994146.18,42.55,19.91,link,1546993532928,822868900493,1073741824,1.3362,512,512,none,3271383.13,6327689.15,6768702.23,66846720,0.00,0.00,0.00,66846720,0.00,0.00,0.00,66846720,1,0.000,0.000,1.0000,1.0000,1.0000,12.998,15673981.19,n/a,n/a,phase6.4-legacy,in-memory,0ce8b676,accffd77,547df870
SmolLM2-135M,oracle,safe-mixed,1073741824,2199023255552,512,131072,15673981.19,15673981.19,15673981.19,32665.60,4994146.18,42.55,19.91,link,1546993532928,822868900493,1073741824,2.6724,512,512,none,3271383.13,6327689.15,6768702.23,66846720,0.00,0.00,0.00,66846720,0.00,0.00,0.00,66846720,1,0.000,0.000,1.0000,1.0000,1.0000,12.998,15673981.19,n/a,n/a,phase6.4-legacy,in-memory,0ce8b676,accffd77,8c20cceb
SmolLM2-135M,oracle,safe-mixed,4294967296,549755813888,512,131072,15673981.19,15673981.19,15673981.19,0.00,3157227.16,40.35,18.88,device_capacity,1546993532928,822868900493,4294967296,0.6681,0,512,device,3097404.81,6036282.62,6472343.15,44539392,0.00,0.00,0.00,44539392,0.00,0.00,0.00,44539392,1,6.819,13.395,1.0000,1.0000,1.0000,12.998,15673981.19,n/a,n/a,phase6.4-legacy,in-memory,0ce8b676,accffd77,06d30968
SmolLM2-135M,oracle,safe-mixed,4294967296,1099511627776,512,131072,15673981.19,15673981.19,15673981.19,32665.60,4750557.06,40.48,18.94,link,1546993532928,822868900493,4294967296,1.3362,512,512,none,3109139.88,6043137.13,6475659.21,66813440,0.00,0.00,0.00,66813440,0.00,0.00,0.00,66813440,1,6.819,13.395,1.0000,1.0000,1.0000,12.998,15673981.19,n/a,n/a,phase6.4-legacy,in-memory,0ce8b676,accffd77,3488e5ae
SmolLM2-135M,oracle,safe-mixed,4294967296,2199023255552,512,131072,15673981.19,15673981.19,15673981.19,32665.60,4750557.06,40.48,18.94,link,1546993532928,822868900493,4294967296,2.6724,512,512,none,3109139.88,6043137.13,6475659.21,66813440,0.00,0.00,0.00,66813440,0.00,0.00,0.00,66813440,1,6.819,13.395,1.0000,1.0000,1.0000,12.998,15673981.19,n/a,n/a,phase6.4-legacy,in-memory,0ce8b676,accffd77,538df256
SmolLM2-135M,oracle,safe-mixed,8589934592,549755813888,512,131072,15673981.19,15673981.19,15673981.19,0.00,3129525.19,39.99,18.72,device_capacity,1546993532928,822868900493,8589934592,0.6681,0,512,device,3086403.25,6036222.33,6472402.63,44354048,0.00,0.00,0.00,44354048,0.00,0.00,0.00,44354048,1,13.448,81.393,1.0000,1.0000,1.0000,12.998,15673981.19,n/a,n/a,phase6.4-legacy,in-memory,0ce8b676,accffd77,a0eb22f5
SmolLM2-135M,oracle,safe-mixed,8589934592,1099511627776,512,131072,15673981.19,15673981.19,15673981.19,32665.60,4722848.72,40.24,18.83,link,1546993532928,822868900493,8589934592,1.3362,512,512,none,3102068.33,6043121.50,6475714.40,66628096,0.00,0.00,0.00,66628096,0.00,0.00,0.00,66628096,1,13.448,81.393,1.0000,1.0000,1.0000,12.998,15673981.19,n/a,n/a,phase6.4-legacy,in-memory,0ce8b676,accffd77,d0968d32
SmolLM2-135M,oracle,safe-mixed,8589934592,2199023255552,512,131072,15673981.19,15673981.19,15673981.19,32665.60,4722848.72,40.24,18.83,link,1546993532928,822868900493,8589934592,2.6724,512,512,none,3102068.33,6043121.50,6475714.40,66628096,0.00,0.00,0.00,66628096,0.00,0.00,0.00,66628096,1,13.448,81.393,1.0000,1.0000,1.0000,12.998,15673981.19,n/a,n/a,phase6.4-legacy,in-memory,0ce8b676,accffd77,6397f20b
SmolLM2-360M,full-scan-cxl,fp16,67108864,549755813888,512,131072,0,0,0,0,2695629824.00,0,0,n/a,0,0,0,0,0,512,n/a,0,0,0,0,0,0,0,0,0,0,0,0,0,0,0,0,0,0,0,40983606.56,n/a,n/a,phase6.4-legacy,in-memory,0ce8b676,accffd77,aac018e1
SmolLM2-360M,full-scan-cxl,all-q8,67108864,549755813888,512,131072,0,0,0,0,2695629824.00,0,0,n/a,0,0,0,0,0,512,n/a,0,0,0,0,0,0,0,0,0,0,0,0,0,0,0,0,0,0,0,40983606.56,n/a,n/a,phase6.4-legacy,in-memory,0ce8b676,accffd77,f158c462
SmolLM2-360M,full-scan-cxl,safe-mixed,67108864,549755813888,512,131072,0,0,0,0,2695629824.00,0,0,n/a,0,0,0,0,0,512,n/a,0,0,0,0,0,0,0,0,0,0,0,0,0,0,0,0,0,0,0,40983606.56,n/a,n/a,phase6.4-legacy,in-memory,0ce8b676,accffd77,7f7e5ca6
SmolLM2-360M,compressed-full-scan-cxl,fp16,67108864,549755813888,512,131072,0,0,0,0,1433845651.06,0,0,n/a,0,0,0,0,0,512,n/a,0,0,0,0,0,0,0,0,0,0,0,0,0,0,0,0,0,0,0,40983606.56,n/a,n/a,phase6.4-legacy,in-memory,0ce8b676,accffd77,2bb794a3
SmolLM2-360M,compressed-full-scan-cxl,all-q8,67108864,549755813888,512,131072,0,0,0,0,1433845651.06,0,0,n/a,0,0,0,0,0,512,n/a,0,0,0,0,0,0,0,0,0,0,0,0,0,0,0,0,0,0,0,40983606.56,n/a,n/a,phase6.4-legacy,in-memory,0ce8b676,accffd77,81568d32
SmolLM2-360M,compressed-full-scan-cxl,safe-mixed,67108864,549755813888,512,131072,0,0,0,0,1433845651.06,0,0,n/a,0,0,0,0,0,512,n/a,0,0,0,0,0,0,0,0,0,0,0,0,0,0,0,0,0,0,0,40983606.56,n/a,n/a,phase6.4-legacy,in-memory,0ce8b676,accffd77,c5b969e9
SmolLM2-360M,exact-no-prefetch,fp16,67108864,549755813888,512,131072,40983606.56,40983606.56,40983606.56,0.00,2712961.91,44.88,21.02,device_capacity,2749584375808,2749584375808,67108864,0.1999,0,512,device,9027012.60,17321298.71,18798768.44,13155328,0.00,0.00,0.00,13155328,0.00,0.00,0.00,13155328,1,1682.799,2075.957,0.0000,0.0000,0.0000,0.000,40983606.56,n/a,n/a,phase6.4-legacy,in-memory,0ce8b676,accffd77,284c5a34
SmolLM2-360M,exact-no-prefetch,fp16,67108864,1099511627776,512,131072,40983606.56,40983606.56,40983606.56,0.00,5471993.21,44.81,20.99,device_capacity,2749584375808,2749584375808,67108864,0.3999,0,512,device,9014527.15,17294175.13,18736187.71,26573312,0.00,0.00,0.00,26573312,0.00,0.00,0.00,26573312,1,1680.312,2075.957,0.0000,0.0000,0.0000,0.000,40983606.56,n/a,n/a,phase6.4-legacy,in-memory,0ce8b676,accffd77,24e065bc
SmolLM2-360M,exact-no-prefetch,fp16,67108864,2199023255552,512,131072,40983606.56,40983606.56,40983606.56,0.00,10998312.12,44.81,20.99,device_capacity,2749584375808,2749584375808,67108864,0.7998,0,512,device,9014852.46,17294656.56,18733015.06,53408768,0.00,0.00,0.00,53408768,0.00,0.00,0.00,53408768,1,1680.365,2075.957,0.0000,0.0000,0.0000,0.000,40983606.56,n/a,n/a,phase6.4-legacy,in-memory,0ce8b676,accffd77,de1409f2
SmolLM2-360M,exact-no-prefetch,fp16,268435456,549755813888,512,131072,40983606.56,40983606.56,40983606.56,0.00,2712961.91,44.88,21.02,device_capacity,2749584375808,2749584375808,268435456,0.1999,0,512,device,9027012.60,17321298.71,18798768.44,13155328,0.00,0.00,0.00,13155328,0.00,0.00,0.00,13155328,1,1682.799,2075.957,0.0000,0.0000,0.0000,0.000,40983606.56,n/a,n/a,phase6.4-legacy,in-memory,0ce8b676,accffd77,f71f4a68
SmolLM2-360M,exact-no-prefetch,fp16,268435456,1099511627776,512,131072,40983606.56,40983606.56,40983606.56,0.00,5471993.21,44.81,20.99,device_capacity,2749584375808,2749584375808,268435456,0.3999,0,512,device,9014527.15,17294175.13,18736187.71,26573312,0.00,0.00,0.00,26573312,0.00,0.00,0.00,26573312,1,1680.312,2075.957,0.0000,0.0000,0.0000,0.000,40983606.56,n/a,n/a,phase6.4-legacy,in-memory,0ce8b676,accffd77,42debcbd
SmolLM2-360M,exact-no-prefetch,fp16,268435456,2199023255552,512,131072,40983606.56,40983606.56,40983606.56,0.00,10998312.12,44.81,20.99,device_capacity,2749584375808,2749584375808,268435456,0.7998,0,512,device,9014852.46,17294656.56,18733015.06,53408768,0.00,0.00,0.00,53408768,0.00,0.00,0.00,53408768,1,1680.365,2075.957,0.0000,0.0000,0.0000,0.000,40983606.56,n/a,n/a,phase6.4-legacy,in-memory,0ce8b676,accffd77,d5869028
SmolLM2-360M,exact-no-prefetch,fp16,1073741824,549755813888,512,131072,40983606.56,40983606.56,40983606.56,0.00,2712961.91,44.88,21.02,device_capacity,2749584375808,2749584375808,1073741824,0.1999,0,512,device,9027012.60,17321298.71,18798768.44,13155328,0.00,0.00,0.00,13155328,0.00,0.00,0.00,13155328,1,1682.799,2075.957,0.0000,0.0000,0.0000,0.000,40983606.56,n/a,n/a,phase6.4-legacy,in-memory,0ce8b676,accffd77,8eb23cc1
SmolLM2-360M,exact-no-prefetch,fp16,1073741824,1099511627776,512,131072,40983606.56,40983606.56,40983606.56,0.00,5471993.21,44.81,20.99,device_capacity,2749584375808,2749584375808,1073741824,0.3999,0,512,device,9014527.15,17294175.13,18736187.71,26573312,0.00,0.00,0.00,26573312,0.00,0.00,0.00,26573312,1,1680.312,2075.957,0.0000,0.0000,0.0000,0.000,40983606.56,n/a,n/a,phase6.4-legacy,in-memory,0ce8b676,accffd77,0b6b6ebd
SmolLM2-360M,exact-no-prefetch,fp16,1073741824,2199023255552,512,131072,40983606.56,40983606.56,40983606.56,0.00,10998312.12,44.81,20.99,device_capacity,2749584375808,2749584375808,1073741824,0.7998,0,512,device,9014852.46,17294656.56,18733015.06,53408768,0.00,0.00,0.00,53408768,0.00,0.00,0.00,53408768,1,1680.365,2075.957,0.0000,0.0000,0.0000,0.000,40983606.56,n/a,n/a,phase6.4-legacy,in-memory,0ce8b676,accffd77,cfc806bc
SmolLM2-360M,exact-no-prefetch,fp16,4294967296,549755813888,512,131072,40983606.56,40983606.56,40983606.56,0.00,2712961.91,44.88,21.02,device_capacity,2749584375808,2749584375808,4294967296,0.1999,0,512,device,9027012.60,17321298.71,18798768.44,13155328,0.00,0.00,0.00,13155328,0.00,0.00,0.00,13155328,1,1682.799,2075.957,0.0000,0.0000,0.0000,0.000,40983606.56,n/a,n/a,phase6.4-legacy,in-memory,0ce8b676,accffd77,9852769c
SmolLM2-360M,exact-no-prefetch,fp16,4294967296,1099511627776,512,131072,40983606.56,40983606.56,40983606.56,0.00,5471993.21,44.81,20.99,device_capacity,2749584375808,2749584375808,4294967296,0.3999,0,512,device,9014527.15,17294175.13,18736187.71,26573312,0.00,0.00,0.00,26573312,0.00,0.00,0.00,26573312,1,1680.312,2075.957,0.0000,0.0000,0.0000,0.000,40983606.56,n/a,n/a,phase6.4-legacy,in-memory,0ce8b676,accffd77,39060d05
SmolLM2-360M,exact-no-prefetch,fp16,4294967296,2199023255552,512,131072,40983606.56,40983606.56,40983606.56,0.00,10998312.12,44.81,20.99,device_capacity,2749584375808,2749584375808,4294967296,0.7998,0,512,device,9014852.46,17294656.56,18733015.06,53408768,0.00,0.00,0.00,53408768,0.00,0.00,0.00,53408768,1,1680.365,2075.957,0.0000,0.0000,0.0000,0.000,40983606.56,n/a,n/a,phase6.4-legacy,in-memory,0ce8b676,accffd77,2de1feda
SmolLM2-360M,exact-no-prefetch,fp16,8589934592,549755813888,512,131072,40983606.56,40983606.56,40983606.56,0.00,2445206.47,40.45,18.95,device_capacity,2749584375808,2749584375808,8589934592,0.1999,0,512,device,8106774.31,15732782.81,17135102.33,13155328,0.00,0.00,0.00,13155328,0.00,0.00,0.00,13155328,1,1516.715,1919.358,0.0878,0.0000,0.0000,0.000,40983606.56,n/a,n/a,phase6.4-legacy,in-memory,0ce8b676,accffd77,2fa4c565
SmolLM2-360M,exact-no-prefetch,fp16,8589934592,1099511627776,512,131072,40983606.56,40983606.56,40983606.56,0.00,4969148.72,40.69,19.06,device_capacity,2749584375808,2749584375808,8589934592,0.3999,0,512,device,8169702.77,15771026.02,17145106.21,26573312,0.00,0.00,0.00,26573312,0.00,0.00,0.00,26573312,1,1525.901,1919.358,0.0878,0.0000,0.0000,0.000,40983606.56,n/a,n/a,phase6.4-legacy,in-memory,0ce8b676,accffd77,66f8b973
SmolLM2-360M,exact-no-prefetch,fp16,8589934592,2199023255552,512,131072,40983606.56,40983606.56,40983606.56,0.00,10024971.01,40.85,19.13,device_capacity,2749584375808,2749584375808,8589934592,0.7998,0,512,device,8207060.54,15803358.27,17176011.29,53408768,0.00,0.00,0.00,53408768,0.00,0.00,0.00,53408768,1,1531.654,1919.358,0.0878,0.0000,0.0000,0.000,40983606.56,n/a,n/a,phase6.4-legacy,in-memory,0ce8b676,accffd77,6b07d137
SmolLM2-360M,exact-no-prefetch,all-q8,67108864,549755813888,512,131072,40983606.56,40983606.56,40983606.56,0.00,2733242.76,23.84,11.16,device_capacity,2749584375808,1462544880748,67108864,0.3759,0,512,device,4795811.37,9200063.92,9962185.69,24963072,0.00,0.00,0.00,24963072,0.00,0.00,0.00,24963072,1,1679.859,2075.926,0.0000,0.0000,0.0000,0.000,40983606.56,n/a,n/a,phase6.4-legacy,in-memory,0ce8b676,accffd77,0c64fa0a
SmolLM2-360M,exact-no-prefetch,all-q8,67108864,1099511627776,512,131072,40983606.56,40983606.56,40983606.56,0.00,5495139.20,23.84,11.16,device_capacity,2749584375808,1462544880748,67108864,0.7518,0,512,device,4795744.60,9199871.81,9960043.25,50188800,0.00,0.00,0.00,50188800,0.00,0.00,0.00,50188800,1,1679.827,2075.926,0.0000,0.0000,0.0000,0.000,40983606.56,n/a,n/a,phase6.4-legacy,in-memory,0ce8b676,accffd77,55c83791
SmolLM2-360M,exact-no-prefetch,all-q8,67108864,2199023255552,512,131072,40983606.56,40983606.56,40983606.56,12492.80,7319015.47,23.84,11.16,link,2749584375808,1462544880748,67108864,1.5036,512,512,host_cache_degraded,4795742.38,9199847.90,9960394.35,66846720,0.00,0.00,0.00,66846720,0.00,0.00,0.00,66846720,1,1679.829,2075.926,0.0000,0.0000,0.0000,0.000,40983606.56,n/a,n/a,phase6.4-legacy,in-memory,0ce8b676,accffd77,dcea8a86
SmolLM2-360M,exact-no-prefetch,all-q8,268435456,549755813888,512,131072,40983606.56,40983606.56,40983606.56,0.00,2733242.76,23.84,11.16,device_capacity,2749584375808,1462544880748,268435456,0.3759,0,512,device,4795811.37,9200063.92,9962185.69,24963072,0.00,0.00,0.00,24963072,0.00,0.00,0.00,24963072,1,1679.859,2075.926,0.0000,0.0000,0.0000,0.000,40983606.56,n/a,n/a,phase6.4-legacy,in-memory,0ce8b676,accffd77,b353ccd7
SmolLM2-360M,exact-no-prefetch,all-q8,268435456,1099511627776,512,131072,40983606.56,40983606.56,40983606.56,0.00,5495139.20,23.84,11.16,device_capacity,2749584375808,1462544880748,268435456,0.7518,0,512,device,4795744.60,9199871.81,9960043.25,50188800,0.00,0.00,0.00,50188800,0.00,0.00,0.00,50188800,1,1679.827,2075.926,0.0000,0.0000,0.0000,0.000,40983606.56,n/a,n/a,phase6.4-legacy,in-memory,0ce8b676,accffd77,0cfa679d
SmolLM2-360M,exact-no-prefetch,all-q8,268435456,2199023255552,512,131072,40983606.56,40983606.56,40983606.56,12492.80,7319015.47,23.84,11.16,link,2749584375808,1462544880748,268435456,1.5036,512,512,host_cache_degraded,4795742.38,9199847.90,9960394.35,66846720,0.00,0.00,0.00,66846720,0.00,0.00,0.00,66846720,1,1679.829,2075.926,0.0000,0.0000,0.0000,0.000,40983606.56,n/a,n/a,phase6.4-legacy,in-memory,0ce8b676,accffd77,bfe02c7e
SmolLM2-360M,exact-no-prefetch,all-q8,1073741824,549755813888,512,131072,40983606.56,40983606.56,40983606.56,0.00,2733242.76,23.84,11.16,device_capacity,2749584375808,1462544880748,1073741824,0.3759,0,512,device,4795811.37,9200063.92,9962185.69,24963072,0.00,0.00,0.00,24963072,0.00,0.00,0.00,24963072,1,1679.859,2075.926,0.0000,0.0000,0.0000,0.000,40983606.56,n/a,n/a,phase6.4-legacy,in-memory,0ce8b676,accffd77,f0004cc0
SmolLM2-360M,exact-no-prefetch,all-q8,1073741824,1099511627776,512,131072,40983606.56,40983606.56,40983606.56,0.00,5495139.20,23.84,11.16,device_capacity,2749584375808,1462544880748,1073741824,0.7518,0,512,device,4795744.60,9199871.81,9960043.25,50188800,0.00,0.00,0.00,50188800,0.00,0.00,0.00,50188800,1,1679.827,2075.926,0.0000,0.0000,0.0000,0.000,40983606.56,n/a,n/a,phase6.4-legacy,in-memory,0ce8b676,accffd77,a896a1fc
SmolLM2-360M,exact-no-prefetch,all-q8,1073741824,2199023255552,512,131072,40983606.56,40983606.56,40983606.56,12492.80,7319015.47,23.84,11.16,link,2749584375808,1462544880748,1073741824,1.5036,512,512,host_cache_degraded,4795742.38,9199847.90,9960394.35,66846720,0.00,0.00,0.00,66846720,0.00,0.00,0.00,66846720,1,1679.829,2075.926,0.0000,0.0000,0.0000,0.000,40983606.56,n/a,n/a,phase6.4-legacy,in-memory,0ce8b676,accffd77,9d433443
SmolLM2-360M,exact-no-prefetch,all-q8,4294967296,549755813888,512,131072,40983606.56,40983606.56,40983606.56,0.00,2486607.52,21.69,10.15,device_capacity,2749584375808,1462544880748,4294967296,0.3759,0,512,device,4354485.33,8404894.10,9131885.19,24963072,0.00,0.00,0.00,24963072,0.00,0.00,0.00,24963072,1,1528.276,1922.421,0.0859,0.0000,0.0000,0.000,40983606.56,n/a,n/a,phase6.4-legacy,in-memory,0ce8b676,accffd77,e25a39ca
SmolLM2-360M,exact-no-prefetch,all-q8,4294967296,1099511627776,512,131072,40983606.56,40983606.56,40983606.56,0.00,5018410.08,21.77,10.19,device_capacity,2749584375808,1462544880748,4294967296,0.7518,0,512,device,4374514.79,8422567.42,9148838.40,50188800,0.00,0.00,0.00,50188800,0.00,0.00,0.00,50188800,1,1534.094,1922.421,0.0859,0.0000,0.0000,0.000,40983606.56,n/a,n/a,phase6.4-legacy,in-memory,0ce8b676,accffd77,d2897de4
SmolLM2-360M,exact-no-prefetch,all-q8,4294967296,2199023255552,512,131072,40983606.56,40983606.56,40983606.56,12492.80,6690305.75,21.79,10.20,link,2749584375808,1462544880748,4294967296,1.5036,512,512,host_cache_degraded,4379584.77,8426787.89,9153895.50,66846720,0.00,0.00,0.00,66846720,0.00,0.00,0.00,66846720,1,1535.530,1922.421,0.0859,0.0000,0.0000,0.000,40983606.56,n/a,n/a,phase6.4-legacy,in-memory,0ce8b676,accffd77,039f087d
SmolLM2-360M,exact-no-prefetch,all-q8,8589934592,549755813888,512,131072,40983606.56,40983606.56,40983606.56,0.00,2466203.60,21.51,10.07,device_capacity,2749584375808,1462544880748,8589934592,0.3759,0,512,device,4328917.25,8385970.83,9112515.81,24919040,0.00,0.00,0.00,24919040,0.00,0.00,0.00,24919040,1,1518.414,1919.330,0.0899,0.0000,0.0000,0.000,40983606.56,n/a,n/a,phase6.4-legacy,in-memory,0ce8b676,accffd77,e42db0c3
SmolLM2-360M,exact-no-prefetch,all-q8,8589934592,1099511627776,512,131072,40983606.56,40983606.56,40983606.56,0.00,4992591.30,21.66,10.14,device_capacity,2749584375808,1462544880748,8589934592,0.7518,0,512,device,4357047.73,8404298.88,9129375.00,50144768,0.00,0.00,0.00,50144768,0.00,0.00,0.00,50144768,1,1527.541,1919.330,0.0899,0.0000,0.0000,0.000,40983606.56,n/a,n/a,phase6.4-legacy,in-memory,0ce8b676,accffd77,864a106d
SmolLM2-360M,exact-no-prefetch,all-q8,8589934592,2199023255552,512,131072,40983606.56,40983606.56,40983606.56,12492.80,6660908.41,21.70,10.16,link,2749584375808,1462544880748,8589934592,1.5036,512,512,host_cache_degraded,4364046.67,8408648.56,9134434.90,66802688,0.00,0.00,0.00,66802688,0.00,0.00,0.00,66802688,1,1529.791,1919.330,0.0899,0.0000,0.0000,0.000,40983606.56,n/a,n/a,phase6.4-legacy,in-memory,0ce8b676,accffd77,0d99ca40
SmolLM2-360M,exact-no-prefetch,safe-mixed,67108864,549755813888,512,131072,40983606.56,40983606.56,40983606.56,0.00,2733242.76,23.84,11.16,device_capacity,2749584375808,1462544880748,67108864,0.3759,0,512,device,4795811.37,9200063.92,9962185.69,24963072,0.00,0.00,0.00,24963072,0.00,0.00,0.00,24963072,1,1679.859,2075.926,0.0000,0.0000,0.0000,0.000,40983606.56,n/a,n/a,phase6.4-legacy,in-memory,0ce8b676,accffd77,f3070269
SmolLM2-360M,exact-no-prefetch,safe-mixed,67108864,1099511627776,512,131072,40983606.56,40983606.56,40983606.56,0.00,5495139.20,23.84,11.16,device_capacity,2749584375808,1462544880748,67108864,0.7518,0,512,device,4795744.60,9199871.81,9960043.25,50188800,0.00,0.00,0.00,50188800,0.00,0.00,0.00,50188800,1,1679.827,2075.926,0.0000,0.0000,0.0000,0.000,40983606.56,n/a,n/a,phase6.4-legacy,in-memory,0ce8b676,accffd77,818c648b
SmolLM2-360M,exact-no-prefetch,safe-mixed,67108864,2199023255552,512,131072,40983606.56,40983606.56,40983606.56,12492.80,7319015.47,23.84,11.16,link,2749584375808,1462544880748,67108864,1.5036,512,512,host_cache_degraded,4795742.38,9199847.90,9960394.35,66846720,0.00,0.00,0.00,66846720,0.00,0.00,0.00,66846720,1,1679.829,2075.926,0.0000,0.0000,0.0000,0.000,40983606.56,n/a,n/a,phase6.4-legacy,in-memory,0ce8b676,accffd77,cb10c5ac
SmolLM2-360M,exact-no-prefetch,safe-mixed,268435456,549755813888,512,131072,40983606.56,40983606.56,40983606.56,0.00,2733242.76,23.84,11.16,device_capacity,2749584375808,1462544880748,268435456,0.3759,0,512,device,4795811.37,9200063.92,9962185.69,24963072,0.00,0.00,0.00,24963072,0.00,0.00,0.00,24963072,1,1679.859,2075.926,0.0000,0.0000,0.0000,0.000,40983606.56,n/a,n/a,phase6.4-legacy,in-memory,0ce8b676,accffd77,4ee571fe
SmolLM2-360M,exact-no-prefetch,safe-mixed,268435456,1099511627776,512,131072,40983606.56,40983606.56,40983606.56,0.00,5495139.20,23.84,11.16,device_capacity,2749584375808,1462544880748,268435456,0.7518,0,512,device,4795744.60,9199871.81,9960043.25,50188800,0.00,0.00,0.00,50188800,0.00,0.00,0.00,50188800,1,1679.827,2075.926,0.0000,0.0000,0.0000,0.000,40983606.56,n/a,n/a,phase6.4-legacy,in-memory,0ce8b676,accffd77,4eb5494c
SmolLM2-360M,exact-no-prefetch,safe-mixed,268435456,2199023255552,512,131072,40983606.56,40983606.56,40983606.56,12492.80,7319015.47,23.84,11.16,link,2749584375808,1462544880748,268435456,1.5036,512,512,host_cache_degraded,4795742.38,9199847.90,9960394.35,66846720,0.00,0.00,0.00,66846720,0.00,0.00,0.00,66846720,1,1679.829,2075.926,0.0000,0.0000,0.0000,0.000,40983606.56,n/a,n/a,phase6.4-legacy,in-memory,0ce8b676,accffd77,36e8abad
SmolLM2-360M,exact-no-prefetch,safe-mixed,1073741824,549755813888,512,131072,40983606.56,40983606.56,40983606.56,0.00,2733242.76,23.84,11.16,device_capacity,2749584375808,1462544880748,1073741824,0.3759,0,512,device,4795811.37,9200063.92,9962185.69,24963072,0.00,0.00,0.00,24963072,0.00,0.00,0.00,24963072,1,1679.859,2075.926,0.0000,0.0000,0.0000,0.000,40983606.56,n/a,n/a,phase6.4-legacy,in-memory,0ce8b676,accffd77,0196e1ac
SmolLM2-360M,exact-no-prefetch,safe-mixed,1073741824,1099511627776,512,131072,40983606.56,40983606.56,40983606.56,0.00,5495139.20,23.84,11.16,device_capacity,2749584375808,1462544880748,1073741824,0.7518,0,512,device,4795744.60,9199871.81,9960043.25,50188800,0.00,0.00,0.00,50188800,0.00,0.00,0.00,50188800,1,1679.827,2075.926,0.0000,0.0000,0.0000,0.000,40983606.56,n/a,n/a,phase6.4-legacy,in-memory,0ce8b676,accffd77,ec631a22
SmolLM2-360M,exact-no-prefetch,safe-mixed,1073741824,2199023255552,512,131072,40983606.56,40983606.56,40983606.56,12492.80,7319015.47,23.84,11.16,link,2749584375808,1462544880748,1073741824,1.5036,512,512,host_cache_degraded,4795742.38,9199847.90,9960394.35,66846720,0.00,0.00,0.00,66846720,0.00,0.00,0.00,66846720,1,1679.829,2075.926,0.0000,0.0000,0.0000,0.000,40983606.56,n/a,n/a,phase6.4-legacy,in-memory,0ce8b676,accffd77,448a3d14
SmolLM2-360M,exact-no-prefetch,safe-mixed,4294967296,549755813888,512,131072,40983606.56,40983606.56,40983606.56,0.00,2486607.52,21.69,10.15,device_capacity,2749584375808,1462544880748,4294967296,0.3759,0,512,device,4354485.33,8404894.10,9131885.19,24963072,0.00,0.00,0.00,24963072,0.00,0.00,0.00,24963072,1,1528.276,1922.421,0.0859,0.0000,0.0000,0.000,40983606.56,n/a,n/a,phase6.4-legacy,in-memory,0ce8b676,accffd77,13cc94a6
SmolLM2-360M,exact-no-prefetch,safe-mixed,4294967296,1099511627776,512,131072,40983606.56,40983606.56,40983606.56,0.00,5018410.08,21.77,10.19,device_capacity,2749584375808,1462544880748,4294967296,0.7518,0,512,device,4374514.79,8422567.42,9148838.40,50188800,0.00,0.00,0.00,50188800,0.00,0.00,0.00,50188800,1,1534.094,1922.421,0.0859,0.0000,0.0000,0.000,40983606.56,n/a,n/a,phase6.4-legacy,in-memory,0ce8b676,accffd77,967cc63a
SmolLM2-360M,exact-no-prefetch,safe-mixed,4294967296,2199023255552,512,131072,40983606.56,40983606.56,40983606.56,12492.80,6690305.75,21.79,10.20,link,2749584375808,1462544880748,4294967296,1.5036,512,512,host_cache_degraded,4379584.77,8426787.89,9153895.50,66846720,0.00,0.00,0.00,66846720,0.00,0.00,0.00,66846720,1,1535.530,1922.421,0.0859,0.0000,0.0000,0.000,40983606.56,n/a,n/a,phase6.4-legacy,in-memory,0ce8b676,accffd77,da56012a
SmolLM2-360M,exact-no-prefetch,safe-mixed,8589934592,549755813888,512,131072,40983606.56,40983606.56,40983606.56,0.00,2466203.60,21.51,10.07,device_capacity,2749584375808,1462544880748,8589934592,0.3759,0,512,device,4328917.25,8385970.83,9112515.81,24919040,0.00,0.00,0.00,24919040,0.00,0.00,0.00,24919040,1,1518.414,1919.330,0.0899,0.0000,0.0000,0.000,40983606.56,n/a,n/a,phase6.4-legacy,in-memory,0ce8b676,accffd77,15bb1daf
SmolLM2-360M,exact-no-prefetch,safe-mixed,8589934592,1099511627776,512,131072,40983606.56,40983606.56,40983606.56,0.00,4992591.30,21.66,10.14,device_capacity,2749584375808,1462544880748,8589934592,0.7518,0,512,device,4357047.73,8404298.88,9129375.00,50144768,0.00,0.00,0.00,50144768,0.00,0.00,0.00,50144768,1,1527.541,1919.330,0.0899,0.0000,0.0000,0.000,40983606.56,n/a,n/a,phase6.4-legacy,in-memory,0ce8b676,accffd77,c2bfabb3
SmolLM2-360M,exact-no-prefetch,safe-mixed,8589934592,2199023255552,512,131072,40983606.56,40983606.56,40983606.56,12492.80,6660908.41,21.70,10.16,link,2749584375808,1462544880748,8589934592,1.5036,512,512,host_cache_degraded,4364046.67,8408648.56,9134434.90,66802688,0.00,0.00,0.00,66802688,0.00,0.00,0.00,66802688,1,1529.791,1919.330,0.0899,0.0000,0.0000,0.000,40983606.56,n/a,n/a,phase6.4-legacy,in-memory,0ce8b676,accffd77,d450c317
SmolLM2-360M,exact-predictor,fp16,67108864,549755813888,512,131072,40983606.56,40983606.56,40983606.56,0.00,2712961.91,44.88,21.02,device_capacity,2749584375808,2749584375808,67108864,0.1999,0,512,device,9027012.60,17321298.71,18798768.44,13155328,0.00,0.00,0.00,13155328,0.00,0.00,0.00,13155328,1,1682.799,2075.957,0.0000,0.6014,0.9029,15.758,40983606.56,n/a,n/a,phase6.4-legacy,in-memory,0ce8b676,accffd77,a617a048
SmolLM2-360M,exact-predictor,fp16,67108864,1099511627776,512,131072,40983606.56,40983606.56,40983606.56,0.00,5471993.21,44.81,20.99,device_capacity,2749584375808,2749584375808,67108864,0.3999,0,512,device,9014527.15,17294175.13,18736187.71,26573312,0.00,0.00,0.00,26573312,0.00,0.00,0.00,26573312,1,1680.312,2075.957,0.0000,0.6014,0.9029,15.758,40983606.56,n/a,n/a,phase6.4-legacy,in-memory,0ce8b676,accffd77,ba776fac
SmolLM2-360M,exact-predictor,fp16,67108864,2199023255552,512,131072,40983606.56,40983606.56,40983606.56,0.00,10998312.12,44.81,20.99,device_capacity,2749584375808,2749584375808,67108864,0.7998,0,512,device,9014852.46,17294656.56,18733015.06,53408768,0.00,0.00,0.00,53408768,0.00,0.00,0.00,53408768,1,1680.365,2075.957,0.0000,0.6014,0.9029,15.758,40983606.56,n/a,n/a,phase6.4-legacy,in-memory,0ce8b676,accffd77,c9ae822b
SmolLM2-360M,exact-predictor,fp16,268435456,549755813888,512,131072,40983606.56,40983606.56,40983606.56,0.00,2712961.91,44.88,21.02,device_capacity,2749584375808,2749584375808,268435456,0.1999,0,512,device,9027012.60,17321298.71,18798768.44,13155328,0.00,0.00,0.00,13155328,0.00,0.00,0.00,13155328,1,1682.799,2075.957,0.0000,0.6014,0.9029,15.758,40983606.56,n/a,n/a,phase6.4-legacy,in-memory,0ce8b676,accffd77,d95df332
SmolLM2-360M,exact-predictor,fp16,268435456,1099511627776,512,131072,40983606.56,40983606.56,40983606.56,0.00,5471993.21,44.81,20.99,device_capacity,2749584375808,2749584375808,268435456,0.3999,0,512,device,9014527.15,17294175.13,18736187.71,26573312,0.00,0.00,0.00,26573312,0.00,0.00,0.00,26573312,1,1680.312,2075.957,0.0000,0.6014,0.9029,15.758,40983606.56,n/a,n/a,phase6.4-legacy,in-memory,0ce8b676,accffd77,76006efd
SmolLM2-360M,exact-predictor,fp16,268435456,2199023255552,512,131072,40983606.56,40983606.56,40983606.56,0.00,10998312.12,44.81,20.99,device_capacity,2749584375808,2749584375808,268435456,0.7998,0,512,device,9014852.46,17294656.56,18733015.06,53408768,0.00,0.00,0.00,53408768,0.00,0.00,0.00,53408768,1,1680.365,2075.957,0.0000,0.6014,0.9029,15.758,40983606.56,n/a,n/a,phase6.4-legacy,in-memory,0ce8b676,accffd77,55170014
SmolLM2-360M,exact-predictor,fp16,1073741824,549755813888,512,131072,40983606.56,40983606.56,40983606.56,0.00,2712961.91,44.88,21.02,device_capacity,2749584375808,2749584375808,1073741824,0.1999,0,512,device,9027012.60,17321298.71,18798768.44,13155328,0.00,0.00,0.00,13155328,0.00,0.00,0.00,13155328,1,1682.799,2075.957,0.0000,0.6014,0.9029,15.758,40983606.56,n/a,n/a,phase6.4-legacy,in-memory,0ce8b676,accffd77,8c9a6e64
SmolLM2-360M,exact-predictor,fp16,1073741824,1099511627776,512,131072,40983606.56,40983606.56,40983606.56,0.00,5471993.21,44.81,20.99,device_capacity,2749584375808,2749584375808,1073741824,0.3999,0,512,device,9014527.15,17294175.13,18736187.71,26573312,0.00,0.00,0.00,26573312,0.00,0.00,0.00,26573312,1,1680.312,2075.957,0.0000,0.6014,0.9029,15.758,40983606.56,n/a,n/a,phase6.4-legacy,in-memory,0ce8b676,accffd77,32b74277
SmolLM2-360M,exact-predictor,fp16,1073741824,2199023255552,512,131072,40983606.56,40983606.56,40983606.56,0.00,10998312.12,44.81,20.99,device_capacity,2749584375808,2749584375808,1073741824,0.7998,0,512,device,9014852.46,17294656.56,18733015.06,53408768,0.00,0.00,0.00,53408768,0.00,0.00,0.00,53408768,1,1680.365,2075.957,0.0000,0.6014,0.9029,15.758,40983606.56,n/a,n/a,phase6.4-legacy,in-memory,0ce8b676,accffd77,c79b3e80
SmolLM2-360M,exact-predictor,fp16,4294967296,549755813888,512,131072,40983606.56,40983606.56,40983606.56,0.00,2712961.91,44.88,21.02,device_capacity,2749584375808,2749584375808,4294967296,0.1999,0,512,device,9027012.60,17321298.71,18798768.44,13155328,0.00,0.00,0.00,13155328,0.00,0.00,0.00,13155328,1,1682.799,2075.957,0.0000,0.6014,0.9029,15.758,40983606.56,n/a,n/a,phase6.4-legacy,in-memory,0ce8b676,accffd77,9956a367
SmolLM2-360M,exact-predictor,fp16,4294967296,1099511627776,512,131072,40983606.56,40983606.56,40983606.56,0.00,5471993.21,44.81,20.99,device_capacity,2749584375808,2749584375808,4294967296,0.3999,0,512,device,9014527.15,17294175.13,18736187.71,26573312,0.00,0.00,0.00,26573312,0.00,0.00,0.00,26573312,1,1680.312,2075.957,0.0000,0.6014,0.9029,15.758,40983606.56,n/a,n/a,phase6.4-legacy,in-memory,0ce8b676,accffd77,f73f14aa
SmolLM2-360M,exact-predictor,fp16,4294967296,2199023255552,512,131072,40983606.56,40983606.56,40983606.56,0.00,10998312.12,44.81,20.99,device_capacity,2749584375808,2749584375808,4294967296,0.7998,0,512,device,9014852.46,17294656.56,18733015.06,53408768,0.00,0.00,0.00,53408768,0.00,0.00,0.00,53408768,1,1680.365,2075.957,0.0000,0.6014,0.9029,15.758,40983606.56,n/a,n/a,phase6.4-legacy,in-memory,0ce8b676,accffd77,63a8d315
SmolLM2-360M,exact-predictor,fp16,8589934592,549755813888,512,131072,40983606.56,40983606.56,40983606.56,0.00,2445206.47,40.45,18.95,device_capacity,2749584375808,2749584375808,8589934592,0.1999,0,512,device,8106774.31,15732782.81,17135102.33,13155328,0.00,0.00,0.00,13155328,0.00,0.00,0.00,13155328,1,1516.715,1919.358,0.0878,0.6014,0.9029,15.758,40983606.56,n/a,n/a,phase6.4-legacy,in-memory,0ce8b676,accffd77,5d801f6c
SmolLM2-360M,exact-predictor,fp16,8589934592,1099511627776,512,131072,40983606.56,40983606.56,40983606.56,0.00,4969148.72,40.69,19.06,device_capacity,2749584375808,2749584375808,8589934592,0.3999,0,512,device,8169702.77,15771026.02,17145106.21,26573312,0.00,0.00,0.00,26573312,0.00,0.00,0.00,26573312,1,1525.901,1919.358,0.0878,0.6014,0.9029,15.758,40983606.56,n/a,n/a,phase6.4-legacy,in-memory,0ce8b676,accffd77,4e063e17
SmolLM2-360M,exact-predictor,fp16,8589934592,2199023255552,512,131072,40983606.56,40983606.56,40983606.56,0.00,10024971.01,40.85,19.13,device_capacity,2749584375808,2749584375808,8589934592,0.7998,0,512,device,8207060.54,15803358.27,17176011.29,53408768,0.00,0.00,0.00,53408768,0.00,0.00,0.00,53408768,1,1531.654,1919.358,0.0878,0.6014,0.9029,15.758,40983606.56,n/a,n/a,phase6.4-legacy,in-memory,0ce8b676,accffd77,bd55abff
SmolLM2-360M,exact-predictor,all-q8,67108864,549755813888,512,131072,40983606.56,40983606.56,40983606.56,0.00,2733242.76,23.84,11.16,device_capacity,2749584375808,1462544880748,67108864,0.3759,0,512,device,4795811.37,9200063.92,9962185.69,24963072,0.00,0.00,0.00,24963072,0.00,0.00,0.00,24963072,1,1679.859,2075.926,0.0000,0.6014,0.9029,15.758,40983606.56,n/a,n/a,phase6.4-legacy,in-memory,0ce8b676,accffd77,67529543
SmolLM2-360M,exact-predictor,all-q8,67108864,1099511627776,512,131072,40983606.56,40983606.56,40983606.56,0.00,5495139.20,23.84,11.16,device_capacity,2749584375808,1462544880748,67108864,0.7518,0,512,device,4795744.60,9199871.81,9960043.25,50188800,0.00,0.00,0.00,50188800,0.00,0.00,0.00,50188800,1,1679.827,2075.926,0.0000,0.6014,0.9029,15.758,40983606.56,n/a,n/a,phase6.4-legacy,in-memory,0ce8b676,accffd77,ffd91b8b
SmolLM2-360M,exact-predictor,all-q8,67108864,2199023255552,512,131072,40983606.56,40983606.56,40983606.56,12492.80,7319015.47,23.84,11.16,link,2749584375808,1462544880748,67108864,1.5036,512,512,host_cache_degraded,4795742.38,9199847.90,9960394.35,66846720,0.00,0.00,0.00,66846720,0.00,0.00,0.00,66846720,1,1679.829,2075.926,0.0000,0.6014,0.9029,15.758,40983606.56,n/a,n/a,phase6.4-legacy,in-memory,0ce8b676,accffd77,7f2f7f7d
SmolLM2-360M,exact-predictor,all-q8,268435456,549755813888,512,131072,40983606.56,40983606.56,40983606.56,0.00,2733242.76,23.84,11.16,device_capacity,2749584375808,1462544880748,268435456,0.3759,0,512,device,4795811.37,9200063.92,9962185.69,24963072,0.00,0.00,0.00,24963072,0.00,0.00,0.00,24963072,1,1679.859,2075.926,0.0000,0.6014,0.9029,15.758,40983606.56,n/a,n/a,phase6.4-legacy,in-memory,0ce8b676,accffd77,82c711a9
SmolLM2-360M,exact-predictor,all-q8,268435456,1099511627776,512,131072,40983606.56,40983606.56,40983606.56,0.00,5495139.20,23.84,11.16,device_capacity,2749584375808,1462544880748,268435456,0.7518,0,512,device,4795744.60,9199871.81,9960043.25,50188800,0.00,0.00,0.00,50188800,0.00,0.00,0.00,50188800,1,1679.827,2075.926,0.0000,0.6014,0.9029,15.758,40983606.56,n/a,n/a,phase6.4-legacy,in-memory,0ce8b676,accffd77,4d206aee
SmolLM2-360M,exact-predictor,all-q8,268435456,2199023255552,512,131072,40983606.56,40983606.56,40983606.56,12492.80,7319015.47,23.84,11.16,link,2749584375808,1462544880748,268435456,1.5036,512,512,host_cache_degraded,4795742.38,9199847.90,9960394.35,66846720,0.00,0.00,0.00,66846720,0.00,0.00,0.00,66846720,1,1679.829,2075.926,0.0000,0.6014,0.9029,15.758,40983606.56,n/a,n/a,phase6.4-legacy,in-memory,0ce8b676,accffd77,e1cb8486
SmolLM2-360M,exact-predictor,all-q8,1073741824,549755813888,512,131072,40983606.56,40983606.56,40983606.56,0.00,2733242.76,23.84,11.16,device_capacity,2749584375808,1462544880748,1073741824,0.3759,0,512,device,4795811.37,9200063.92,9962185.69,24963072,0.00,0.00,0.00,24963072,0.00,0.00,0.00,24963072,1,1679.859,2075.926,0.0000,0.6014,0.9029,15.758,40983606.56,n/a,n/a,phase6.4-legacy,in-memory,0ce8b676,accffd77,fbe3ec82
SmolLM2-360M,exact-predictor,all-q8,1073741824,1099511627776,512,131072,40983606.56,40983606.56,40983606.56,0.00,5495139.20,23.84,11.16,device_capacity,2749584375808,1462544880748,1073741824,0.7518,0,512,device,4795744.60,9199871.81,9960043.25,50188800,0.00,0.00,0.00,50188800,0.00,0.00,0.00,50188800,1,1679.827,2075.926,0.0000,0.6014,0.9029,15.758,40983606.56,n/a,n/a,phase6.4-legacy,in-memory,0ce8b676,accffd77,33cfcebe
SmolLM2-360M,exact-predictor,all-q8,1073741824,2199023255552,512,131072,40983606.56,40983606.56,40983606.56,12492.80,7319015.47,23.84,11.16,link,2749584375808,1462544880748,1073741824,1.5036,512,512,host_cache_degraded,4795742.38,9199847.90,9960394.35,66846720,0.00,0.00,0.00,66846720,0.00,0.00,0.00,66846720,1,1679.829,2075.926,0.0000,0.6014,0.9029,15.758,40983606.56,n/a,n/a,phase6.4-legacy,in-memory,0ce8b676,accffd77,c7f936f3
SmolLM2-360M,exact-predictor,all-q8,4294967296,549755813888,512,131072,40983606.56,40983606.56,40983606.56,0.00,2486607.52,21.69,10.15,device_capacity,2749584375808,1462544880748,4294967296,0.3759,0,512,device,4354485.33,8404894.10,9131885.19,24963072,0.00,0.00,0.00,24963072,0.00,0.00,0.00,24963072,1,1528.276,1922.421,0.0859,0.6014,0.9029,15.758,40983606.56,n/a,n/a,phase6.4-legacy,in-memory,0ce8b676,accffd77,1b245fe9
SmolLM2-360M,exact-predictor,all-q8,4294967296,1099511627776,512,131072,40983606.56,40983606.56,40983606.56,0.00,5018410.08,21.77,10.19,device_capacity,2749584375808,1462544880748,4294967296,0.7518,0,512,device,4374514.79,8422567.42,9148838.40,50188800,0.00,0.00,0.00,50188800,0.00,0.00,0.00,50188800,1,1534.094,1922.421,0.0859,0.6014,0.9029,15.758,40983606.56,n/a,n/a,phase6.4-legacy,in-memory,0ce8b676,accffd77,20d94934
SmolLM2-360M,exact-predictor,all-q8,4294967296,2199023255552,512,131072,40983606.56,40983606.56,40983606.56,12492.80,6690305.75,21.79,10.20,link,2749584375808,1462544880748,4294967296,1.5036,512,512,host_cache_degraded,4379584.77,8426787.89,9153895.50,66846720,0.00,0.00,0.00,66846720,0.00,0.00,0.00,66846720,1,1535.530,1922.421,0.0859,0.6014,0.9029,15.758,40983606.56,n/a,n/a,phase6.4-legacy,in-memory,0ce8b676,accffd77,0606f764
SmolLM2-360M,exact-predictor,all-q8,8589934592,549755813888,512,131072,40983606.56,40983606.56,40983606.56,0.00,2466203.60,21.51,10.07,device_capacity,2749584375808,1462544880748,8589934592,0.3759,0,512,device,4328917.25,8385970.83,9112515.81,24919040,0.00,0.00,0.00,24919040,0.00,0.00,0.00,24919040,1,1518.414,1919.330,0.0899,0.6014,0.9029,15.758,40983606.56,n/a,n/a,phase6.4-legacy,in-memory,0ce8b676,accffd77,62fe90c4
SmolLM2-360M,exact-predictor,all-q8,8589934592,1099511627776,512,131072,40983606.56,40983606.56,40983606.56,0.00,4992591.30,21.66,10.14,device_capacity,2749584375808,1462544880748,8589934592,0.7518,0,512,device,4357047.73,8404298.88,9129375.00,50144768,0.00,0.00,0.00,50144768,0.00,0.00,0.00,50144768,1,1527.541,1919.330,0.0899,0.6014,0.9029,15.758,40983606.56,n/a,n/a,phase6.4-legacy,in-memory,0ce8b676,accffd77,b4e9b1dd
SmolLM2-360M,exact-predictor,all-q8,8589934592,2199023255552,512,131072,40983606.56,40983606.56,40983606.56,12492.80,6660908.41,21.70,10.16,link,2749584375808,1462544880748,8589934592,1.5036,512,512,host_cache_degraded,4364046.67,8408648.56,9134434.90,66802688,0.00,0.00,0.00,66802688,0.00,0.00,0.00,66802688,1,1529.791,1919.330,0.0899,0.6014,0.9029,15.758,40983606.56,n/a,n/a,phase6.4-legacy,in-memory,0ce8b676,accffd77,5e60bdb7
SmolLM2-360M,exact-predictor,safe-mixed,67108864,549755813888,512,131072,40983606.56,40983606.56,40983606.56,0.00,2733242.76,23.84,11.16,device_capacity,2749584375808,1462544880748,67108864,0.3759,0,512,device,4795811.37,9200063.92,9962185.69,24963072,0.00,0.00,0.00,24963072,0.00,0.00,0.00,24963072,1,1679.859,2075.926,0.0000,0.6014,0.9029,15.758,40983606.56,n/a,n/a,phase6.4-legacy,in-memory,0ce8b676,accffd77,54eaf080
SmolLM2-360M,exact-predictor,safe-mixed,67108864,1099511627776,512,131072,40983606.56,40983606.56,40983606.56,0.00,5495139.20,23.84,11.16,device_capacity,2749584375808,1462544880748,67108864,0.7518,0,512,device,4795744.60,9199871.81,9960043.25,50188800,0.00,0.00,0.00,50188800,0.00,0.00,0.00,50188800,1,1679.827,2075.926,0.0000,0.6014,0.9029,15.758,40983606.56,n/a,n/a,phase6.4-legacy,in-memory,0ce8b676,accffd77,fd8730e4
SmolLM2-360M,exact-predictor,safe-mixed,67108864,2199023255552,512,131072,40983606.56,40983606.56,40983606.56,12492.80,7319015.47,23.84,11.16,link,2749584375808,1462544880748,67108864,1.5036,512,512,host_cache_degraded,4795742.38,9199847.90,9960394.35,66846720,0.00,0.00,0.00,66846720,0.00,0.00,0.00,66846720,1,1679.829,2075.926,0.0000,0.6014,0.9029,15.758,40983606.56,n/a,n/a,phase6.4-legacy,in-memory,0ce8b676,accffd77,f71a9aeb
SmolLM2-360M,exact-predictor,safe-mixed,268435456,549755813888,512,131072,40983606.56,40983606.56,40983606.56,0.00,2733242.76,23.84,11.16,device_capacity,2749584375808,1462544880748,268435456,0.3759,0,512,device,4795811.37,9200063.92,9962185.69,24963072,0.00,0.00,0.00,24963072,0.00,0.00,0.00,24963072,1,1679.859,2075.926,0.0000,0.6014,0.9029,15.758,40983606.56,n/a,n/a,phase6.4-legacy,in-memory,0ce8b676,accffd77,5fc8334b
SmolLM2-360M,exact-predictor,safe-mixed,268435456,1099511627776,512,131072,40983606.56,40983606.56,40983606.56,0.00,5495139.20,23.84,11.16,device_capacity,2749584375808,1462544880748,268435456,0.7518,0,512,device,4795744.60,9199871.81,9960043.25,50188800,0.00,0.00,0.00,50188800,0.00,0.00,0.00,50188800,1,1679.827,2075.926,0.0000,0.6014,0.9029,15.758,40983606.56,n/a,n/a,phase6.4-legacy,in-memory,0ce8b676,accffd77,03f9e698
SmolLM2-360M,exact-predictor,safe-mixed,268435456,2199023255552,512,131072,40983606.56,40983606.56,40983606.56,12492.80,7319015.47,23.84,11.16,link,2749584375808,1462544880748,268435456,1.5036,512,512,host_cache_degraded,4795742.38,9199847.90,9960394.35,66846720,0.00,0.00,0.00,66846720,0.00,0.00,0.00,66846720,1,1679.829,2075.926,0.0000,0.6014,0.9029,15.758,40983606.56,n/a,n/a,phase6.4-legacy,in-memory,0ce8b676,accffd77,16b037d8
SmolLM2-360M,exact-predictor,safe-mixed,1073741824,549755813888,512,131072,40983606.56,40983606.56,40983606.56,0.00,2733242.76,23.84,11.16,device_capacity,2749584375808,1462544880748,1073741824,0.3759,0,512,device,4795811.37,9200063.92,9962185.69,24963072,0.00,0.00,0.00,24963072,0.00,0.00,0.00,24963072,1,1679.859,2075.926,0.0000,0.6014,0.9029,15.758,40983606.56,n/a,n/a,phase6.4-legacy,in-memory,0ce8b676,accffd77,42cbe107
SmolLM2-360M,exact-predictor,safe-mixed,1073741824,1099511627776,512,131072,40983606.56,40983606.56,40983606.56,0.00,5495139.20,23.84,11.16,device_capacity,2749584375808,1462544880748,1073741824,0.7518,0,512,device,4795744.60,9199871.81,9960043.25,50188800,0.00,0.00,0.00,50188800,0.00,0.00,0.00,50188800,1,1679.827,2075.926,0.0000,0.6014,0.9029,15.758,40983606.56,n/a,n/a,phase6.4-legacy,in-memory,0ce8b676,accffd77,aea4911c
SmolLM2-360M,exact-predictor,safe-mixed,1073741824,2199023255552,512,131072,40983606.56,40983606.56,40983606.56,12492.80,7319015.47,23.84,11.16,link,2749584375808,1462544880748,1073741824,1.5036,512,512,host_cache_degraded,4795742.38,9199847.90,9960394.35,66846720,0.00,0.00,0.00,66846720,0.00,0.00,0.00,66846720,1,1679.829,2075.926,0.0000,0.6014,0.9029,15.758,40983606.56,n/a,n/a,phase6.4-legacy,in-memory,0ce8b676,accffd77,b1a95364
SmolLM2-360M,exact-predictor,safe-mixed,4294967296,549755813888,512,131072,40983606.56,40983606.56,40983606.56,0.00,2486607.52,21.69,10.15,device_capacity,2749584375808,1462544880748,4294967296,0.3759,0,512,device,4354485.33,8404894.10,9131885.19,24963072,0.00,0.00,0.00,24963072,0.00,0.00,0.00,24963072,1,1528.276,1922.421,0.0859,0.6014,0.9029,15.758,40983606.56,n/a,n/a,phase6.4-legacy,in-memory,0ce8b676,accffd77,a20c526c
SmolLM2-360M,exact-predictor,safe-mixed,4294967296,1099511627776,512,131072,40983606.56,40983606.56,40983606.56,0.00,5018410.08,21.77,10.19,device_capacity,2749584375808,1462544880748,4294967296,0.7518,0,512,device,4374514.79,8422567.42,9148838.40,50188800,0.00,0.00,0.00,50188800,0.00,0.00,0.00,50188800,1,1534.094,1922.421,0.0859,0.6014,0.9029,15.758,40983606.56,n/a,n/a,phase6.4-legacy,in-memory,0ce8b676,accffd77,bdb21696
SmolLM2-360M,exact-predictor,safe-mixed,4294967296,2199023255552,512,131072,40983606.56,40983606.56,40983606.56,12492.80,6690305.75,21.79,10.20,link,2749584375808,1462544880748,4294967296,1.5036,512,512,host_cache_degraded,4379584.77,8426787.89,9153895.50,66846720,0.00,0.00,0.00,66846720,0.00,0.00,0.00,66846720,1,1535.530,1922.421,0.0859,0.6014,0.9029,15.758,40983606.56,n/a,n/a,phase6.4-legacy,in-memory,0ce8b676,accffd77,705692f3
SmolLM2-360M,exact-predictor,safe-mixed,8589934592,549755813888,512,131072,40983606.56,40983606.56,40983606.56,0.00,2466203.60,21.51,10.07,device_capacity,2749584375808,1462544880748,8589934592,0.3759,0,512,device,4328917.25,8385970.83,9112515.81,24919040,0.00,0.00,0.00,24919040,0.00,0.00,0.00,24919040,1,1518.414,1919.330,0.0899,0.6014,0.9029,15.758,40983606.56,n/a,n/a,phase6.4-legacy,in-memory,0ce8b676,accffd77,dbd69d41
SmolLM2-360M,exact-predictor,safe-mixed,8589934592,1099511627776,512,131072,40983606.56,40983606.56,40983606.56,0.00,4992591.30,21.66,10.14,device_capacity,2749584375808,1462544880748,8589934592,0.7518,0,512,device,4357047.73,8404298.88,9129375.00,50144768,0.00,0.00,0.00,50144768,0.00,0.00,0.00,50144768,1,1527.541,1919.330,0.0899,0.6014,0.9029,15.758,40983606.56,n/a,n/a,phase6.4-legacy,in-memory,0ce8b676,accffd77,2982ee7f
SmolLM2-360M,exact-predictor,safe-mixed,8589934592,2199023255552,512,131072,40983606.56,40983606.56,40983606.56,12492.80,6660908.41,21.70,10.16,link,2749584375808,1462544880748,8589934592,1.5036,512,512,host_cache_degraded,4364046.67,8408648.56,9134434.90,66802688,0.00,0.00,0.00,66802688,0.00,0.00,0.00,66802688,1,1529.791,1919.330,0.0899,0.6014,0.9029,15.758,40983606.56,n/a,n/a,phase6.4-legacy,in-memory,0ce8b676,accffd77,2830d820
SmolLM2-360M,exact-predictor-prefetch,fp16,67108864,549755813888,512,131072,45506147.23,51182826.22,53179932.25,0.00,6773139.27,100.00,46.85,device_capacity,2749584375808,2749584375808,67108864,0.1999,0,512,device,44940907.96,50547284.78,52522304.20,26310656,0.00,0.00,0.00,26310656,0.00,0.00,0.00,26310656,1,1677.078,2075.836,0.0016,0.6014,0.9029,15.758,40983606.56,n/a,n/a,phase6.4-legacy,in-memory,0ce8b676,accffd77,0a3da485
SmolLM2-360M,exact-predictor-prefetch,fp16,67108864,1099511627776,512,131072,45480257.84,51034465.92,53179038.07,0.00,13671741.85,100.00,46.85,device_capacity,2749584375808,2749584375808,67108864,0.3999,0,512,device,44915222.69,50400471.18,52520829.49,53146624,0.00,0.00,0.00,53146624,0.00,0.00,0.00,53146624,1,1676.514,2075.957,0.0016,0.6014,0.9029,15.758,40983606.56,n/a,n/a,phase6.4-legacy,in-memory,0ce8b676,accffd77,c128af54
SmolLM2-360M,exact-predictor-prefetch,fp16,67108864,2199023255552,512,131072,45500757.99,51054619.66,53205320.12,0.00,27489692.56,100.00,46.85,device_capacity,2749584375808,2749584375808,67108864,0.7998,0,512,device,44935318.10,50420264.42,52546911.51,106817536,0.00,0.00,0.00,106817536,0.00,0.00,0.00,106817536,1,1677.532,2075.957,0.0016,0.6014,0.9029,15.758,40983606.56,n/a,n/a,phase6.4-legacy,in-memory,0ce8b676,accffd77,97e22a48
SmolLM2-360M,exact-predictor-prefetch,fp16,268435456,549755813888,512,131072,40983606.56,47794472.47,50219656.12,0.00,6056620.73,97.61,45.73,device_capacity,2749584375808,2749584375808,268435456,0.1999,0,512,device,61348.62,47287083.40,49672864.36,26310656,0.00,0.00,0.00,26310656,0.00,39447.17,66279.16,26310656,1,1234.151,1813.084,0.2553,0.6014,0.9029,15.758,40983606.56,n/a,n/a,phase6.4-legacy,in-memory,0ce8b676,accffd77,55060b96
SmolLM2-360M,exact-predictor-prefetch,fp16,268435456,1099511627776,512,131072,40983606.56,47842729.99,50295944.46,0.00,12255872.85,97.81,45.82,device_capacity,2749584375808,2749584375808,268435456,0.3999,0,512,device,100196.49,47333946.20,49749512.55,53146624,0.00,0.00,0.00,53146624,0.00,38475.11,65983.67,53146624,1,1243.161,1813.243,0.2553,0.6014,0.9029,15.758,40983606.56,n/a,n/a,phase6.4-legacy,in-memory,0ce8b676,accffd77,c9dad00d
SmolLM2-360M,exact-predictor-prefetch,fp16,268435456,2199023255552,512,131072,40983606.56,47963098.84,50361141.10,0.00,24686317.95,97.96,45.89,device_capacity,2749584375808,2749584375808,268435456,0.7998,0,512,device,348127.96,47449644.40,49815106.22,106817536,0.00,0.00,0.00,106817536,0.00,38199.04,66344.82,106817536,1,1250.625,1813.243,0.2553,0.6014,0.9029,15.758,40983606.56,n/a,n/a,phase6.4-legacy,in-memory,0ce8b676,accffd77,14cce38c
SmolLM2-360M,exact-predictor-prefetch,fp16,1073741824,549755813888,512,131072,40983606.56,40983606.56,40983606.56,0.00,4308185.14,71.27,33.38,device_capacity,2749584375808,2749584375808,1073741824,0.1999,0,512,device,14369101.54,23301465.99,26740066.44,26310144,0.00,155623.65,164371.84,26310144,0.00,203224.40,216451.23,26310144,1,156.877,1647.372,0.9030,0.6014,0.9029,15.758,40983606.56,n/a,n/a,phase6.4-legacy,in-memory,0ce8b676,accffd77,02a63809
SmolLM2-360M,exact-predictor-prefetch,fp16,1073741824,1099511627776,512,131072,40983606.56,40983606.56,40983606.56,0.00,8710038.92,71.34,33.41,device_capacity,2749584375808,2749584375808,1073741824,0.3999,0,512,device,14382863.02,22671685.47,25501166.35,53146112,0.00,154598.37,163252.18,53146112,0.00,202635.26,216080.49,53146112,1,160.470,1647.372,0.9030,0.6014,0.9029,15.758,40983606.56,n/a,n/a,phase6.4-legacy,in-memory,0ce8b676,accffd77,1211b85b
SmolLM2-360M,exact-predictor-prefetch,fp16,1073741824,2199023255552,512,131072,40983606.56,40983606.56,40983606.56,0.00,17528651.64,71.43,33.46,device_capacity,2749584375808,2749584375808,1073741824,0.7998,0,512,device,14401298.17,22456011.67,24915613.84,106817024,0.00,154192.78,162756.09,106817024,0.00,202658.50,216108.77,106817024,1,162.678,1647.372,0.9030,0.6014,0.9029,15.758,40983606.56,n/a,n/a,phase6.4-legacy,in-memory,0ce8b676,accffd77,c9d8e67e
SmolLM2-360M,exact-predictor-prefetch,fp16,4294967296,549755813888,512,131072,40983606.56,40983606.56,40983606.56,0.00,4195602.35,69.41,32.51,device_capacity,2749584375808,2749584375808,4294967296,0.1999,0,512,device,13979319.79,25372625.44,27743034.96,26310144,0.00,150836.22,159520.61,26310144,0.00,197864.92,211961.16,26310144,1,156.337,1646.342,0.9030,0.6014,0.9029,15.758,40983606.56,n/a,n/a,phase6.4-legacy,in-memory,0ce8b676,accffd77,6a65b4b4
SmolLM2-360M,exact-predictor-prefetch,fp16,4294967296,1099511627776,512,131072,40983606.56,40983606.56,40983606.56,0.00,8507057.58,69.67,32.63,device_capacity,2749584375808,2749584375808,4294967296,0.3999,0,512,device,14039338.69,25301797.20,27642156.04,53146112,0.00,150294.38,158810.70,53146112,0.00,197726.82,211613.07,53146112,1,160.199,1646.342,0.9030,0.6014,0.9029,15.758,40983606.56,n/a,n/a,phase6.4-legacy,in-memory,0ce8b676,accffd77,3725b4ff
SmolLM2-360M,exact-predictor-prefetch,fp16,8589934592,1099511627776,512,131072,40983606.56,40983606.56,40983606.56,0.00,8241910.76,67.50,31.62,device_capacity,2749584375808,2749584375808,8589934592,0.3999,0,512,device,13575557.65,25657392.38,28012140.27,53146112,0.00,145158.07,153675.74,53146112,0.00,191673.88,205566.20,53146112,1,159.427,1646.342,0.9032,0.6014,0.9029,15.758,40983606.56,0.00,0.9830,phase6.5-out-of-core-v1,streaming,0ce8b676,accffd77,9b721548
SmolLM2-360M,exact-predictor-prefetch,fp16,8589934592,2199023255552,512,131072,40983606.56,40983606.56,40983606.56,0.00,16633029.56,67.78,31.75,device_capacity,2749584375808,2749584375808,8589934592,0.7998,0,512,device,13646274.21,25688117.54,28048531.21,106817024,0.00,145000.29,153479.44,106817024,0.00,191944.74,205607.84,106817024,1,162.155,1646.342,0.9032,0.6014,0.9029,15.758,40983606.56,0.00,0.5059,phase6.5-out-of-core-v1,streaming,0ce8b676,accffd77,eebe72b9
SmolLM2-360M,exact-predictor-prefetch,fp16,8589934592,549755813888,512,131072,40983606.56,40983606.56,40983606.56,0.00,4053812.55,67.07,31.41,device_capacity,2749584375808,2749584375808,8589934592,0.1999,0,512,device,13457933.94,25641604.81,28037419.85,26310144,0.00,145720.75,154389.85,26310144,0.00,191801.39,205912.51,26310144,1,154.777,1646.342,0.9032,0.6014,0.9029,15.758,40983606.56,0.00,0.9656,phase6.5-out-of-core-v1,streaming,0ce8b676,accffd77,90f8e7fa
SmolLM2-360M,exact-predictor-prefetch,fp16,4294967296,2199023255552,512,131072,40983606.56,40983606.56,40983606.56,0.00,17144886.57,69.87,32.72,device_capacity,2749584375808,2749584375808,4294967296,0.7998,0,512,device,14080888.02,25298263.69,27633633.40,106817024,0.00,150147.55,158621.00,106817024,0.00,197991.32,211657.26,106817024,1,162.540,1646.342,0.9030,0.6014,0.9029,15.758,40983606.56,0.00,0.5059,phase6.5-out-of-core-v1,streaming,0ce8b676,accffd77,d2d1cf7e
SmolLM2-360M,exact-predictor-prefetch,all-q8,67108864,549755813888,512,131072,40983606.56,40983606.56,40983606.56,0.00,6774675.69,59.07,27.67,device_capacity,2749584375808,1462544880748,67108864,0.3759,0,512,device,11981553.88,22885791.42,24726545.75,49926144,0.00,0.00,0.00,49926144,0.00,0.00,0.00,49926144,1,1642.847,2055.322,0.0196,0.6014,0.9029,15.758,40983606.56,0.00,0.9819,phase6.5-out-of-core-v1,streaming,0ce8b676,accffd77,7b3febf7
SmolLM2-360M,exact-predictor-prefetch,all-q8,67108864,1099511627776,512,131072,40983606.56,40983606.56,40983606.56,0.00,13633370.12,59.13,27.69,device_capacity,2749584375808,1462544880748,67108864,0.7518,0,512,device,11992727.71,22907331.17,24748598.02,100377600,0.00,0.00,0.00,100377600,0.00,0.00,0.00,100377600,1,1646.078,2055.322,0.0196,0.6014,0.9029,15.758,40983606.56,0.00,0.5384,phase6.5-out-of-core-v1,streaming,0ce8b676,accffd77,e050bf6d
SmolLM2-360M,exact-predictor-prefetch,all-q8,268435456,549755813888,512,131072,40983606.56,40983606.56,40983606.56,0.00,4375591.63,38.17,17.87,device_capacity,2749584375808,1462544880748,268435456,0.3759,0,512,device,7695821.71,14775171.92,16089862.42,49925632,0.00,81609.65,86580.76,49925632,0.00,107800.36,114648.36,49925632,1,171.304,1658.681,0.8960,0.6014,0.9029,15.758,40983606.56,0.00,0.9819,phase6.5-out-of-core-v1,streaming,0ce8b676,accffd77,bc6ee9a7
SmolLM2-360M,exact-predictor-prefetch,all-q8,67108864,2199023255552,512,131072,40983606.56,40983606.56,40983606.56,12492.80,18162736.09,59.14,27.70,link,2749584375808,1462544880748,67108864,1.5036,512,512,host_cache_degraded,11995576.21,22912907.38,24757063.90,133693440,0.00,0.00,0.00,133693440,0.00,0.00,0.00,133693440,1,1646.894,2055.322,0.0196,0.6014,0.9029,15.758,40983606.56,0.00,0.4042,phase6.5-out-of-core-v1,streaming,0ce8b676,accffd77,9f3e7c37
SmolLM2-360M,exact-predictor-prefetch,all-q8,268435456,1099511627776,512,131072,40983606.56,40983606.56,40983606.56,0.00,8808780.73,38.22,17.89,device_capacity,2749584375808,1462544880748,268435456,0.7518,0,512,device,7706031.75,14794552.63,16112888.56,100377088,0.00,81316.60,86044.60,100377088,0.00,107745.35,114590.50,100377088,1,174.020,1658.681,0.8960,0.6014,0.9029,15.758,40983606.56,0.00,0.5384,phase6.5-out-of-core-v1,streaming,0ce8b676,accffd77,a6d0cd8a
SmolLM2-360M,exact-predictor-prefetch,all-q8,1073741824,1099511627776,512,131072,40983606.56,40983606.56,40983606.56,0.00,8697738.98,37.74,17.67,device_capacity,2749584375808,1462544880748,1073741824,0.7518,0,512,device,7608600.52,14610715.67,15905504.48,100377088,0.00,81255.33,85748.80,100377088,0.00,106816.29,114094.09,100377088,1,162.419,1647.348,0.9030,0.6014,0.9029,15.758,40983606.56,0.00,0.5384,phase6.5-out-of-core-v1,streaming,0ce8b676,accffd77,a4d1fada
SmolLM2-360M,exact-predictor-prefetch,all-q8,1073741824,549755813888,512,131072,40983606.56,40983606.56,40983606.56,0.00,4318493.26,37.68,17.64,device_capacity,2749584375808,1462544880748,1073741824,0.3759,0,512,device,7594831.67,14586564.29,15876071.10,49925632,0.00,81410.41,85919.03,49925632,0.00,106719.71,114064.63,49925632,1,160.094,1647.348,0.9030,0.6014,0.9029,15.758,40983606.56,0.00,0.9819,phase6.5-out-of-core-v1,streaming,0ce8b676,accffd77,b24b20c0
SmolLM2-360M,exact-predictor-prefetch,all-q8,268435456,2199023255552,512,131072,40983606.56,40983606.56,40983606.56,12492.80,11736180.09,38.23,17.90,link,2749584375808,1462544880748,268435456,1.5036,512,512,host_cache_degraded,7708453.10,14799223.10,16120138.65,133692928,0.00,81248.19,85907.43,133692928,0.00,107743.88,114581.98,133692928,1,174.651,1658.681,0.8960,0.6014,0.9029,15.758,40983606.56,0.00,0.4042,phase6.5-out-of-core-v1,streaming,0ce8b676,accffd77,db3ad881
SmolLM2-360M,exact-predictor-prefetch,all-q8,1073741824,2199023255552,512,131072,40983606.56,40983606.56,40983606.56,12492.80,11589540.36,37.76,17.67,link,2749584375808,1462544880748,1073741824,1.5036,512,512,host_cache_degraded,7611912.87,14616606.77,15914207.21,133692928,0.00,81220.02,85709.41,133692928,0.00,106852.22,114106.14,133692928,1,162.967,1647.348,0.9030,0.6014,0.9029,15.758,40983606.56,0.00,0.4042,phase6.5-out-of-core-v1,streaming,0ce8b676,accffd77,94132daa
SmolLM2-360M,exact-predictor-prefetch,all-q8,4294967296,1099511627776,512,131072,40983606.56,40983606.56,40983606.56,0.00,8339057.39,36.19,16.94,device_capacity,2749584375808,1462544880748,4294967296,0.7518,0,512,device,7286050.06,14036431.25,15330874.46,100377088,0.00,77386.79,81884.23,100377088,0.00,102307.05,109633.74,100377088,1,161.944,1646.318,0.9032,0.6014,0.9029,15.758,40983606.56,0.00,0.5384,phase6.5-out-of-core-v1,streaming,0ce8b676,accffd77,b8932734
SmolLM2-360M,exact-predictor-prefetch,all-q8,4294967296,549755813888,512,131072,40983606.56,40983606.56,40983606.56,0.00,4130779.24,36.04,16.87,device_capacity,2749584375808,1462544880748,4294967296,0.3759,0,512,device,7248616.46,14001480.60,15296853.52,49925632,0.00,77478.77,81995.87,49925632,0.00,102153.32,109606.47,49925632,1,159.147,1646.318,0.9032,0.6014,0.9029,15.758,40983606.56,0.00,0.9819,phase6.5-out-of-core-v1,streaming,0ce8b676,accffd77,ed3371e5
SmolLM2-360M,exact-predictor-prefetch,all-q8,4294967296,2199023255552,512,131072,40983606.56,40983606.56,40983606.56,12492.80,11117960.01,36.22,16.95,link,2749584375808,1462544880748,4294967296,1.5036,512,512,host_cache_degraded,7295314.00,14044804.44,15340637.98,133692928,0.00,77367.40,81860.77,133692928,0.00,102357.04,109645.69,133692928,1,162.609,1646.318,0.9032,0.6014,0.9029,15.758,40983606.56,0.00,0.4042,phase6.5-out-of-core-v1,streaming,0ce8b676,accffd77,508aad4d
SmolLM2-360M,exact-predictor-prefetch,all-q8,8589934592,549755813888,512,131072,40983606.56,40983606.56,40983606.56,0.00,4076720.90,35.57,16.65,device_capacity,2749584375808,1462544880748,8589934592,0.3759,0,512,device,7184892.00,13893205.00,15183022.75,49705472,0.00,76771.41,81241.69,49705472,0.00,101273.40,108670.37,49705472,1,158.527,1646.318,0.9035,0.6014,0.9029,15.758,40983606.56,0.00,0.9819,phase6.5-out-of-core-v1,streaming,0ce8b676,accffd77,bbf16d3b
SmolLM2-360M,exact-predictor-prefetch,safe-mixed,67108864,549755813888,512,131072,40983606.56,40983606.56,40983606.56,0.00,6774675.69,59.07,27.67,device_capacity,2749584375808,1462544880748,67108864,0.3759,0,512,device,11981553.88,22885791.42,24726545.75,49926144,0.00,0.00,0.00,49926144,0.00,0.00,0.00,49926144,1,1642.847,2055.322,0.0196,0.6014,0.9029,15.758,40983606.56,0.00,0.9819,phase6.5-out-of-core-v1,streaming,0ce8b676,accffd77,449f5a1f
SmolLM2-360M,exact-predictor-prefetch,all-q8,8589934592,1099511627776,512,131072,40983606.56,40983606.56,40983606.56,0.00,8251593.42,35.81,16.76,device_capacity,2749584375808,1462544880748,8589934592,0.7518,0,512,device,7225322.21,13927323.86,15215196.33,100156928,0.00,76654.31,81103.73,100156928,0.00,101409.62,108685.33,100156928,1,161.632,1646.318,0.9035,0.6014,0.9029,15.758,40983606.56,0.00,0.5384,phase6.5-out-of-core-v1,streaming,0ce8b676,accffd77,b423f483
SmolLM2-360M,exact-predictor-prefetch,all-q8,8589934592,2199023255552,512,131072,40983606.56,40983606.56,40983606.56,12492.80,11008425.84,35.87,16.79,link,2749584375808,1462544880748,8589934592,1.5036,512,512,host_cache_degraded,7235214.23,13935455.39,15224639.75,133472768,0.00,76628.60,81073.84,133472768,0.00,101455.01,108694.49,133472768,1,162.371,1646.318,0.9035,0.6014,0.9029,15.758,40983606.56,0.00,0.4042,phase6.5-out-of-core-v1,streaming,0ce8b676,accffd77,f4d9dae7
SmolLM2-360M,exact-predictor-prefetch,safe-mixed,67108864,1099511627776,512,131072,40983606.56,40983606.56,40983606.56,0.00,13633370.12,59.13,27.69,device_capacity,2749584375808,1462544880748,67108864,0.7518,0,512,device,11992727.71,22907331.17,24748598.02,100377600,0.00,0.00,0.00,100377600,0.00,0.00,0.00,100377600,1,1646.078,2055.322,0.0196,0.6014,0.9029,15.758,40983606.56,0.00,0.5384,phase6.5-out-of-core-v1,streaming,0ce8b676,accffd77,dc9c6dd0
SmolLM2-360M,exact-predictor-prefetch,safe-mixed,67108864,2199023255552,512,131072,40983606.56,40983606.56,40983606.56,12492.80,18162736.09,59.14,27.70,link,2749584375808,1462544880748,67108864,1.5036,512,512,host_cache_degraded,11995576.21,22912907.38,24757063.90,133693440,0.00,0.00,0.00,133693440,0.00,0.00,0.00,133693440,1,1646.894,2055.322,0.0196,0.6014,0.9029,15.758,40983606.56,0.00,0.4042,phase6.5-out-of-core-v1,streaming,0ce8b676,accffd77,ec6a2665
SmolLM2-360M,exact-predictor-prefetch,safe-mixed,268435456,549755813888,512,131072,40983606.56,40983606.56,40983606.56,0.00,4375591.63,38.17,17.87,device_capacity,2749584375808,1462544880748,268435456,0.3759,0,512,device,7695821.71,14775171.92,16089862.42,49925632,0.00,81609.65,86580.76,49925632,0.00,107800.36,114648.36,49925632,1,171.304,1658.681,0.8960,0.6014,0.9029,15.758,40983606.56,0.00,0.9819,phase6.5-out-of-core-v1,streaming,0ce8b676,accffd77,35aa3693
SmolLM2-360M,exact-predictor-prefetch,safe-mixed,268435456,1099511627776,512,131072,40983606.56,40983606.56,40983606.56,0.00,8808780.73,38.22,17.89,device_capacity,2749584375808,1462544880748,268435456,0.7518,0,512,device,7706031.75,14794552.63,16112888.56,100377088,0.00,81316.60,86044.60,100377088,0.00,107745.35,114590.50,100377088,1,174.020,1658.681,0.8960,0.6014,0.9029,15.758,40983606.56,0.00,0.5384,phase6.5-out-of-core-v1,streaming,0ce8b676,accffd77,64bef9bf
SmolLM2-360M,exact-predictor-prefetch,safe-mixed,268435456,2199023255552,512,131072,40983606.56,40983606.56,40983606.56,12492.80,11736180.09,38.23,17.90,link,2749584375808,1462544880748,268435456,1.5036,512,512,host_cache_degraded,7708453.10,14799223.10,16120138.65,133692928,0.00,81248.19,85907.43,133692928,0.00,107743.88,114581.98,133692928,1,174.651,1658.681,0.8960,0.6014,0.9029,15.758,40983606.56,0.00,0.4042,phase6.5-out-of-core-v1,streaming,0ce8b676,accffd77,39b2889c
SmolLM2-360M,exact-predictor-prefetch,safe-mixed,1073741824,549755813888,512,131072,40983606.56,40983606.56,40983606.56,0.00,4318493.26,37.68,17.64,device_capacity,2749584375808,1462544880748,1073741824,0.3759,0,512,device,7594831.67,14586564.29,15876071.10,49925632,0.00,81410.41,85919.03,49925632,0.00,106719.71,114064.63,49925632,1,160.094,1647.348,0.9030,0.6014,0.9029,15.758,40983606.56,0.00,0.9819,phase6.5-out-of-core-v1,streaming,0ce8b676,accffd77,1f0d95b6
SmolLM2-360M,exact-predictor-prefetch,safe-mixed,1073741824,1099511627776,512,131072,40983606.56,40983606.56,40983606.56,0.00,8697738.98,37.74,17.67,device_capacity,2749584375808,1462544880748,1073741824,0.7518,0,512,device,7608600.52,14610715.67,15905504.48,100377088,0.00,81255.33,85748.80,100377088,0.00,106816.29,114094.09,100377088,1,162.419,1647.348,0.9030,0.6014,0.9029,15.758,40983606.56,0.00,0.5384,phase6.5-out-of-core-v1,streaming,0ce8b676,accffd77,27540eb7
SmolLM2-360M,exact-predictor-prefetch,safe-mixed,1073741824,2199023255552,512,131072,40983606.56,40983606.56,40983606.56,12492.80,11589540.36,37.76,17.67,link,2749584375808,1462544880748,1073741824,1.5036,512,512,host_cache_degraded,7611912.87,14616606.77,15914207.21,133692928,0.00,81220.02,85709.41,133692928,0.00,106852.22,114106.14,133692928,1,162.967,1647.348,0.9030,0.6014,0.9029,15.758,40983606.56,0.00,0.4042,phase6.5-out-of-core-v1,streaming,0ce8b676,accffd77,0014f2ca
SmolLM2-360M,exact-predictor-prefetch,safe-mixed,4294967296,549755813888,512,131072,40983606.56,40983606.56,40983606.56,0.00,4130779.24,36.04,16.87,device_capacity,2749584375808,1462544880748,4294967296,0.3759,0,512,device,7248616.46,14001480.60,15296853.52,49925632,0.00,77478.77,81995.87,49925632,0.00,102153.32,109606.47,49925632,1,159.147,1646.318,0.9032,0.6014,0.9029,15.758,40983606.56,0.00,0.9819,phase6.5-out-of-core-v1,streaming,0ce8b676,accffd77,4075c493
SmolLM2-360M,exact-predictor-prefetch,safe-mixed,4294967296,1099511627776,512,131072,40983606.56,40983606.56,40983606.56,0.00,8339057.39,36.19,16.94,device_capacity,2749584375808,1462544880748,4294967296,0.7518,0,512,device,7286050.06,14036431.25,15330874.46,100377088,0.00,77386.79,81884.23,100377088,0.00,102307.05,109633.74,100377088,1,161.944,1646.318,0.9032,0.6014,0.9029,15.758,40983606.56,0.00,0.5384,phase6.5-out-of-core-v1,streaming,0ce8b676,accffd77,3b16d359
SmolLM2-360M,exact-predictor-prefetch,safe-mixed,8589934592,549755813888,512,131072,40983606.56,40983606.56,40983606.56,0.00,4076720.90,35.57,16.65,device_capacity,2749584375808,1462544880748,8589934592,0.3759,0,512,device,7184892.00,13893205.00,15183022.75,49705472,0.00,76771.41,81241.69,49705472,0.00,101273.40,108670.37,49705472,1,158.527,1646.318,0.9035,0.6014,0.9029,15.758,40983606.56,0.00,0.9819,phase6.5-out-of-core-v1,streaming,0ce8b676,accffd77,16b7d84d
SmolLM2-360M,exact-predictor-prefetch,safe-mixed,4294967296,2199023255552,512,131072,40983606.56,40983606.56,40983606.56,12492.80,11117960.01,36.22,16.95,link,2749584375808,1462544880748,4294967296,1.5036,512,512,host_cache_degraded,7295314.00,14044804.44,15340637.98,133692928,0.00,77367.40,81860.77,133692928,0.00,102357.04,109645.69,133692928,1,162.609,1646.318,0.9032,0.6014,0.9029,15.758,40983606.56,0.00,0.4042,phase6.5-out-of-core-v1,streaming,0ce8b676,accffd77,c48d722d
SmolLM2-360M,exact-predictor-prefetch,safe-mixed,8589934592,1099511627776,512,131072,40983606.56,40983606.56,40983606.56,0.00,8251593.42,35.81,16.76,device_capacity,2749584375808,1462544880748,8589934592,0.7518,0,512,device,7225322.21,13927323.86,15215196.33,100156928,0.00,76654.31,81103.73,100156928,0.00,101409.62,108685.33,100156928,1,161.632,1646.318,0.9035,0.6014,0.9029,15.758,40983606.56,0.00,0.5384,phase6.5-out-of-core-v1,streaming,0ce8b676,accffd77,37a600ee
SmolLM2-360M,exact-predictor-coalescing,fp16,67108864,549755813888,512,131072,45506147.23,51182826.22,53179932.25,0.00,6773139.27,100.00,46.85,device_capacity,2749584375808,2749584375808,67108864,0.1999,0,512,device,44940907.96,50547284.78,52522304.20,26310656,0.00,0.00,0.00,26310656,0.00,0.00,0.00,26310656,1,1677.078,2075.836,0.0016,0.6014,0.9029,15.758,40983606.56,12196325.70,0.0024,phase6.5-out-of-core-v1,streaming,0ce8b676,accffd77,000816ad
SmolLM2-360M,exact-predictor-prefetch,safe-mixed,8589934592,2199023255552,512,131072,40983606.56,40983606.56,40983606.56,12492.80,11008425.84,35.87,16.79,link,2749584375808,1462544880748,8589934592,1.5036,512,512,host_cache_degraded,7235214.23,13935455.39,15224639.75,133472768,0.00,76628.60,81073.84,133472768,0.00,101455.01,108694.49,133472768,1,162.371,1646.318,0.9035,0.6014,0.9029,15.758,40983606.56,0.00,0.4042,phase6.5-out-of-core-v1,streaming,0ce8b676,accffd77,60de0587
SmolLM2-360M,exact-predictor-coalescing,fp16,67108864,1099511627776,512,131072,45480257.84,51034465.92,53179038.07,0.00,13671741.85,100.00,46.85,device_capacity,2749584375808,2749584375808,67108864,0.3999,0,512,device,44915222.69,50400471.18,52520829.49,53146624,0.00,0.00,0.00,53146624,0.00,0.00,0.00,53146624,1,1676.514,2075.957,0.0016,0.6014,0.9029,15.758,40983606.56,12195431.51,0.0019,phase6.5-out-of-core-v1,streaming,0ce8b676,accffd77,15cf045b
SmolLM2-360M,exact-predictor-coalescing,fp16,67108864,2199023255552,512,131072,45500757.99,51054619.66,53205320.12,0.00,27489692.56,100.00,46.85,device_capacity,2749584375808,2749584375808,67108864,0.7998,0,512,device,44935318.10,50420264.42,52546911.51,106817536,0.00,0.00,0.00,106817536,0.00,0.00,0.00,106817536,1,1677.532,2075.957,0.0016,0.6014,0.9029,15.758,40983606.56,12221713.56,0.0010,phase6.5-out-of-core-v1,streaming,0ce8b676,accffd77,065c1ef4
SmolLM2-360M,exact-predictor-coalescing,fp16,268435456,549755813888,512,131072,40983606.56,47794472.47,50219656.12,0.00,6056620.73,97.61,45.73,device_capacity,2749584375808,2749584375808,268435456,0.1999,0,512,device,61348.62,47287083.40,49672864.36,26310656,0.00,0.00,0.00,26310656,0.00,39447.17,66279.16,26310656,1,1234.151,1813.084,0.2553,0.6014,0.9029,15.758,40983606.56,9236049.56,0.7020,phase6.5-out-of-core-v1,streaming,0ce8b676,accffd77,4e58e7df
SmolLM2-360M,exact-predictor-coalescing,fp16,268435456,1099511627776,512,131072,40983606.56,47842729.99,50295944.46,0.00,12255872.85,97.81,45.82,device_capacity,2749584375808,2749584375808,268435456,0.3999,0,512,device,100196.49,47333946.20,49749512.55,53146624,0.00,0.00,0.00,53146624,0.00,38475.11,65983.67,53146624,1,1243.161,1813.243,0.2553,0.6014,0.9029,15.758,40983606.56,9312337.90,0.7169,phase6.5-out-of-core-v1,streaming,0ce8b676,accffd77,3207705f
SmolLM2-360M,exact-predictor-coalescing,fp16,268435456,2199023255552,512,131072,40983606.56,47963098.84,50361141.10,0.00,24686317.95,97.96,45.89,device_capacity,2749584375808,2749584375808,268435456,0.7998,0,512,device,348127.96,47449644.40,49815106.22,106817536,0.00,0.00,0.00,106817536,0.00,38199.04,66344.82,106817536,1,1250.625,1813.243,0.2553,0.6014,0.9029,15.758,40983606.56,9377534.54,0.3606,phase6.5-out-of-core-v1,streaming,0ce8b676,accffd77,37e258d7
SmolLM2-360M,exact-predictor-coalescing,fp16,1073741824,549755813888,512,131072,40983606.56,40983606.56,40983606.56,0.00,4308185.14,71.27,33.38,device_capacity,2749584375808,2749584375808,1073741824,0.1999,0,512,device,14369101.54,23301465.99,26740066.44,26310144,0.00,155623.65,164371.84,26310144,0.00,203224.40,216451.23,26310144,1,156.877,1647.372,0.9030,0.6014,0.9029,15.758,40983606.56,0.00,0.9656,phase6.5-out-of-core-v1,streaming,0ce8b676,accffd77,23e82655
SmolLM2-360M,exact-predictor-coalescing,fp16,1073741824,1099511627776,512,131072,40983606.56,40983606.56,40983606.56,0.00,8710038.92,71.34,33.41,device_capacity,2749584375808,2749584375808,1073741824,0.3999,0,512,device,14382863.02,22671685.47,25501166.35,53146112,0.00,154598.37,163252.18,53146112,0.00,202635.26,216080.49,53146112,1,160.470,1647.372,0.9030,0.6014,0.9029,15.758,40983606.56,0.00,0.9829,phase6.5-out-of-core-v1,streaming,0ce8b676,accffd77,a39ae1da
SmolLM2-360M,exact-predictor-coalescing,fp16,1073741824,2199023255552,512,131072,40983606.56,40983606.56,40983606.56,0.00,17528651.64,71.43,33.46,device_capacity,2749584375808,2749584375808,1073741824,0.7998,0,512,device,14401298.17,22456011.67,24915613.84,106817024,0.00,154192.78,162756.09,106817024,0.00,202658.50,216108.77,106817024,1,162.678,1647.372,0.9030,0.6014,0.9029,15.758,40983606.56,0.00,0.5059,phase6.5-out-of-core-v1,streaming,0ce8b676,accffd77,6df56e97
SmolLM2-360M,exact-predictor-coalescing,fp16,4294967296,549755813888,512,131072,40983606.56,40983606.56,40983606.56,0.00,4195602.35,69.41,32.51,device_capacity,2749584375808,2749584375808,4294967296,0.1999,0,512,device,13979319.79,25372625.44,27743034.96,26310144,0.00,150836.22,159520.61,26310144,0.00,197864.92,211961.16,26310144,1,156.337,1646.342,0.9030,0.6014,0.9029,15.758,40983606.56,0.00,0.9656,phase6.5-out-of-core-v1,streaming,0ce8b676,accffd77,c0614f19
SmolLM2-360M,exact-predictor-coalescing,fp16,4294967296,2199023255552,512,131072,40983606.56,40983606.56,40983606.56,0.00,17144886.57,69.87,32.72,device_capacity,2749584375808,2749584375808,4294967296,0.7998,0,512,device,14080888.02,25298263.69,27633633.40,106817024,0.00,150147.55,158621.00,106817024,0.00,197991.32,211657.26,106817024,1,162.540,1646.342,0.9030,0.6014,0.9029,15.758,40983606.56,0.00,0.5059,phase6.5-out-of-core-v1,streaming,0ce8b676,accffd77,1ca65bcc
SmolLM2-360M,exact-predictor-coalescing,fp16,4294967296,1099511627776,512,131072,40983606.56,40983606.56,40983606.56,0.00,8507057.58,69.67,32.63,device_capacity,2749584375808,2749584375808,4294967296,0.3999,0,512,device,14039338.69,25301797.20,27642156.04,53146112,0.00,150294.38,158810.70,53146112,0.00,197726.82,211613.07,53146112,1,160.199,1646.342,0.9030,0.6014,0.9029,15.758,40983606.56,0.00,0.9830,phase6.5-out-of-core-v1,streaming,0ce8b676,accffd77,44548ea9
SmolLM2-360M,exact-predictor-coalescing,fp16,8589934592,549755813888,512,131072,40983606.56,40983606.56,40983606.56,0.00,4053812.55,67.07,31.41,device_capacity,2749584375808,2749584375808,8589934592,0.1999,0,512,device,13457933.94,25641604.81,28037419.85,26310144,0.00,145720.75,154389.85,26310144,0.00,191801.39,205912.51,26310144,1,154.777,1646.342,0.9032,0.6014,0.9029,15.758,40983606.56,0.00,0.9656,phase6.5-out-of-core-v1,streaming,0ce8b676,accffd77,7ad35a7a
SmolLM2-360M,exact-predictor-coalescing,all-q8,67108864,549755813888,512,131072,40983606.56,40983606.56,40983606.56,0.00,6774675.69,59.07,27.67,device_capacity,2749584375808,1462544880748,67108864,0.3759,0,512,device,11981553.88,22885791.42,24726545.75,49926144,0.00,0.00,0.00,49926144,0.00,0.00,0.00,49926144,1,1642.847,2055.322,0.0196,0.6014,0.9029,15.758,40983606.56,0.00,0.9819,phase6.5-out-of-core-v1,streaming,0ce8b676,accffd77,03ddd42e
SmolLM2-360M,exact-predictor-coalescing,fp16,8589934592,1099511627776,512,131072,40983606.56,40983606.56,40983606.56,0.00,8241910.76,67.50,31.62,device_capacity,2749584375808,2749584375808,8589934592,0.3999,0,512,device,13575557.65,25657392.38,28012140.27,53146112,0.00,145158.07,153675.74,53146112,0.00,191673.88,205566.20,53146112,1,159.427,1646.342,0.9032,0.6014,0.9029,15.758,40983606.56,0.00,0.9830,phase6.5-out-of-core-v1,streaming,0ce8b676,accffd77,7620bdd5
SmolLM2-360M,exact-predictor-coalescing,fp16,8589934592,2199023255552,512,131072,40983606.56,40983606.56,40983606.56,0.00,16633029.56,67.78,31.75,device_capacity,2749584375808,2749584375808,8589934592,0.7998,0,512,device,13646274.21,25688117.54,28048531.21,106817024,0.00,145000.29,153479.44,106817024,0.00,191944.74,205607.84,106817024,1,162.155,1646.342,0.9032,0.6014,0.9029,15.758,40983606.56,0.00,0.5059,phase6.5-out-of-core-v1,streaming,0ce8b676,accffd77,20c9e60b
SmolLM2-360M,exact-predictor-coalescing,all-q8,67108864,1099511627776,512,131072,40983606.56,40983606.56,40983606.56,0.00,13633370.12,59.13,27.69,device_capacity,2749584375808,1462544880748,67108864,0.7518,0,512,device,11992727.71,22907331.17,24748598.02,100377600,0.00,0.00,0.00,100377600,0.00,0.00,0.00,100377600,1,1646.078,2055.322,0.0196,0.6014,0.9029,15.758,40983606.56,0.00,0.5384,phase6.5-out-of-core-v1,streaming,0ce8b676,accffd77,817dbd82
SmolLM2-360M,exact-predictor-coalescing,all-q8,268435456,549755813888,512,131072,40983606.56,40983606.56,40983606.56,0.00,4375591.63,38.17,17.87,device_capacity,2749584375808,1462544880748,268435456,0.3759,0,512,device,7695821.71,14775171.92,16089862.42,49925632,0.00,81609.65,86580.76,49925632,0.00,107800.36,114648.36,49925632,1,171.304,1658.681,0.8960,0.6014,0.9029,15.758,40983606.56,0.00,0.9819,phase6.5-out-of-core-v1,streaming,0ce8b676,accffd77,aa91f0da
SmolLM2-360M,exact-predictor-coalescing,all-q8,67108864,2199023255552,512,131072,40983606.56,40983606.56,40983606.56,12492.80,18162736.09,59.14,27.70,link,2749584375808,1462544880748,67108864,1.5036,512,512,host_cache_degraded,11995576.21,22912907.38,24757063.90,133693440,0.00,0.00,0.00,133693440,0.00,0.00,0.00,133693440,1,1646.894,2055.322,0.0196,0.6014,0.9029,15.758,40983606.56,0.00,0.4042,phase6.5-out-of-core-v1,streaming,0ce8b676,accffd77,4d3112c6
SmolLM2-360M,exact-predictor-coalescing,all-q8,268435456,1099511627776,512,131072,40983606.56,40983606.56,40983606.56,0.00,8808780.73,38.22,17.89,device_capacity,2749584375808,1462544880748,268435456,0.7518,0,512,device,7706031.75,14794552.63,16112888.56,100377088,0.00,81316.60,86044.60,100377088,0.00,107745.35,114590.50,100377088,1,174.020,1658.681,0.8960,0.6014,0.9029,15.758,40983606.56,0.00,0.5384,phase6.5-out-of-core-v1,streaming,0ce8b676,accffd77,4b826517
SmolLM2-360M,exact-predictor-coalescing,all-q8,268435456,2199023255552,512,131072,40983606.56,40983606.56,40983606.56,12492.80,11736180.09,38.23,17.90,link,2749584375808,1462544880748,268435456,1.5036,512,512,host_cache_degraded,7708453.10,14799223.10,16120138.65,133692928,0.00,81248.19,85907.43,133692928,0.00,107743.88,114581.98,133692928,1,174.651,1658.681,0.8960,0.6014,0.9029,15.758,40983606.56,0.00,0.4042,phase6.5-out-of-core-v1,streaming,0ce8b676,accffd77,87d87113
SmolLM2-360M,exact-predictor-coalescing,all-q8,1073741824,549755813888,512,131072,40983606.56,40983606.56,40983606.56,0.00,4318493.26,37.68,17.64,device_capacity,2749584375808,1462544880748,1073741824,0.3759,0,512,device,7594831.67,14586564.29,15876071.10,49925632,0.00,81410.41,85919.03,49925632,0.00,106719.71,114064.63,49925632,1,160.094,1647.348,0.9030,0.6014,0.9029,15.758,40983606.56,0.00,0.9819,phase6.5-out-of-core-v1,streaming,0ce8b676,accffd77,4cb19944
SmolLM2-360M,exact-predictor-coalescing,all-q8,1073741824,1099511627776,512,131072,40983606.56,40983606.56,40983606.56,0.00,8697738.98,37.74,17.67,device_capacity,2749584375808,1462544880748,1073741824,0.7518,0,512,device,7608600.52,14610715.67,15905504.48,100377088,0.00,81255.33,85748.80,100377088,0.00,106816.29,114094.09,100377088,1,162.419,1647.348,0.9030,0.6014,0.9029,15.758,40983606.56,0.00,0.5384,phase6.5-out-of-core-v1,streaming,0ce8b676,accffd77,b833c805
SmolLM2-360M,exact-predictor-coalescing,all-q8,4294967296,549755813888,512,131072,40983606.56,40983606.56,40983606.56,0.00,4130779.24,36.04,16.87,device_capacity,2749584375808,1462544880748,4294967296,0.3759,0,512,device,7248616.46,14001480.60,15296853.52,49925632,0.00,77478.77,81995.87,49925632,0.00,102153.32,109606.47,49925632,1,159.147,1646.318,0.9032,0.6014,0.9029,15.758,40983606.56,0.00,0.9819,phase6.5-out-of-core-v1,streaming,0ce8b676,accffd77,13c9c861
SmolLM2-360M,exact-predictor-coalescing,all-q8,1073741824,2199023255552,512,131072,40983606.56,40983606.56,40983606.56,12492.80,11589540.36,37.76,17.67,link,2749584375808,1462544880748,1073741824,1.5036,512,512,host_cache_degraded,7611912.87,14616606.77,15914207.21,133692928,0.00,81220.02,85709.41,133692928,0.00,106852.22,114106.14,133692928,1,162.967,1647.348,0.9030,0.6014,0.9029,15.758,40983606.56,0.00,0.4042,phase6.5-out-of-core-v1,streaming,0ce8b676,accffd77,786e829c
SmolLM2-360M,exact-predictor-coalescing,all-q8,4294967296,1099511627776,512,131072,40983606.56,40983606.56,40983606.56,0.00,8339057.39,36.19,16.94,device_capacity,2749584375808,1462544880748,4294967296,0.7518,0,512,device,7286050.06,14036431.25,15330874.46,100377088,0.00,77386.79,81884.23,100377088,0.00,102307.05,109633.74,100377088,1,161.944,1646.318,0.9032,0.6014,0.9029,15.758,40983606.56,0.00,0.5384,phase6.5-out-of-core-v1,streaming,0ce8b676,accffd77,a47115eb
SmolLM2-360M,exact-predictor-coalescing,all-q8,4294967296,2199023255552,512,131072,40983606.56,40983606.56,40983606.56,12492.80,11117960.01,36.22,16.95,link,2749584375808,1462544880748,4294967296,1.5036,512,512,host_cache_degraded,7295314.00,14044804.44,15340637.98,133692928,0.00,77367.40,81860.77,133692928,0.00,102357.04,109645.69,133692928,1,162.609,1646.318,0.9032,0.6014,0.9029,15.758,40983606.56,0.00,0.4042,phase6.5-out-of-core-v1,streaming,0ce8b676,accffd77,bcf7027b
SmolLM2-360M,exact-predictor-coalescing,all-q8,8589934592,549755813888,512,131072,40983606.56,40983606.56,40983606.56,0.00,4076720.90,35.57,16.65,device_capacity,2749584375808,1462544880748,8589934592,0.3759,0,512,device,7184892.00,13893205.00,15183022.75,49705472,0.00,76771.41,81241.69,49705472,0.00,101273.40,108670.37,49705472,1,158.527,1646.318,0.9035,0.6014,0.9029,15.758,40983606.56,0.00,0.9819,phase6.5-out-of-core-v1,streaming,0ce8b676,accffd77,450bd4bf
SmolLM2-360M,exact-predictor-coalescing,all-q8,8589934592,1099511627776,512,131072,40983606.56,40983606.56,40983606.56,0.00,8251593.42,35.81,16.76,device_capacity,2749584375808,1462544880748,8589934592,0.7518,0,512,device,7225322.21,13927323.86,15215196.33,100156928,0.00,76654.31,81103.73,100156928,0.00,101409.62,108685.33,100156928,1,161.632,1646.318,0.9035,0.6014,0.9029,15.758,40983606.56,0.00,0.5384,phase6.5-out-of-core-v1,streaming,0ce8b676,accffd77,a8c1c65c
SmolLM2-360M,exact-predictor-coalescing,all-q8,8589934592,2199023255552,512,131072,40983606.56,40983606.56,40983606.56,12492.80,11008425.84,35.87,16.79,link,2749584375808,1462544880748,8589934592,1.5036,512,512,host_cache_degraded,7235214.23,13935455.39,15224639.75,133472768,0.00,76628.60,81073.84,133472768,0.00,101455.01,108694.49,133472768,1,162.371,1646.318,0.9035,0.6014,0.9029,15.758,40983606.56,0.00,0.4042,phase6.5-out-of-core-v1,streaming,0ce8b676,accffd77,18a475d1
SmolLM2-360M,exact-predictor-coalescing,safe-mixed,67108864,549755813888,512,131072,40983606.56,40983606.56,40983606.56,0.00,6774675.69,59.07,27.67,device_capacity,2749584375808,1462544880748,67108864,0.3759,0,512,device,11981553.88,22885791.42,24726545.75,49926144,0.00,0.00,0.00,49926144,0.00,0.00,0.00,49926144,1,1642.847,2055.322,0.0196,0.6014,0.9029,15.758,40983606.56,0.00,0.9819,phase6.5-out-of-core-v1,streaming,0ce8b676,accffd77,026266c1
SmolLM2-360M,exact-predictor-coalescing,safe-mixed,67108864,1099511627776,512,131072,40983606.56,40983606.56,40983606.56,0.00,13633370.12,59.13,27.69,device_capacity,2749584375808,1462544880748,67108864,0.7518,0,512,device,11992727.71,22907331.17,24748598.02,100377600,0.00,0.00,0.00,100377600,0.00,0.00,0.00,100377600,1,1646.078,2055.322,0.0196,0.6014,0.9029,15.758,40983606.56,0.00,0.5384,phase6.5-out-of-core-v1,streaming,0ce8b676,accffd77,4b9be3f1
SmolLM2-360M,exact-predictor-coalescing,safe-mixed,67108864,2199023255552,512,131072,40983606.56,40983606.56,40983606.56,12492.80,18162736.09,59.14,27.70,link,2749584375808,1462544880748,67108864,1.5036,512,512,host_cache_degraded,11995576.21,22912907.38,24757063.90,133693440,0.00,0.00,0.00,133693440,0.00,0.00,0.00,133693440,1,1646.894,2055.322,0.0196,0.6014,0.9029,15.758,40983606.56,0.00,0.4042,phase6.5-out-of-core-v1,streaming,0ce8b676,accffd77,7fbc1eba
SmolLM2-360M,exact-predictor-coalescing,safe-mixed,268435456,549755813888,512,131072,40983606.56,40983606.56,40983606.56,0.00,4375591.63,38.17,17.87,device_capacity,2749584375808,1462544880748,268435456,0.3759,0,512,device,7695821.71,14775171.92,16089862.42,49925632,0.00,81609.65,86580.76,49925632,0.00,107800.36,114648.36,49925632,1,171.304,1658.681,0.8960,0.6014,0.9029,15.758,40983606.56,0.00,0.9819,phase6.5-out-of-core-v1,streaming,0ce8b676,accffd77,d8f89e0e
SmolLM2-360M,exact-predictor-coalescing,safe-mixed,268435456,1099511627776,512,131072,40983606.56,40983606.56,40983606.56,0.00,8808780.73,38.22,17.89,device_capacity,2749584375808,1462544880748,268435456,0.7518,0,512,device,7706031.75,14794552.63,16112888.56,100377088,0.00,81316.60,86044.60,100377088,0.00,107745.35,114590.50,100377088,1,174.020,1658.681,0.8960,0.6014,0.9029,15.758,40983606.56,0.00,0.5384,phase6.5-out-of-core-v1,streaming,0ce8b676,accffd77,aac96d0d
SmolLM2-360M,exact-predictor-coalescing,safe-mixed,1073741824,549755813888,512,131072,40983606.56,40983606.56,40983606.56,0.00,4318493.26,37.68,17.64,device_capacity,2749584375808,1462544880748,1073741824,0.3759,0,512,device,7594831.67,14586564.29,15876071.10,49925632,0.00,81410.41,85919.03,49925632,0.00,106719.71,114064.63,49925632,1,160.094,1647.348,0.9030,0.6014,0.9029,15.758,40983606.56,0.00,0.9819,phase6.5-out-of-core-v1,streaming,0ce8b676,accffd77,03efa769
SmolLM2-360M,exact-predictor-coalescing,safe-mixed,268435456,2199023255552,512,131072,40983606.56,40983606.56,40983606.56,12492.80,11736180.09,38.23,17.90,link,2749584375808,1462544880748,268435456,1.5036,512,512,host_cache_degraded,7708453.10,14799223.10,16120138.65,133692928,0.00,81248.19,85907.43,133692928,0.00,107743.88,114581.98,133692928,1,174.651,1658.681,0.8960,0.6014,0.9029,15.758,40983606.56,0.00,0.4042,phase6.5-out-of-core-v1,streaming,0ce8b676,accffd77,f6c74bed
SmolLM2-360M,exact-predictor-coalescing,safe-mixed,1073741824,1099511627776,512,131072,40983606.56,40983606.56,40983606.56,0.00,8697738.98,37.74,17.67,device_capacity,2749584375808,1462544880748,1073741824,0.7518,0,512,device,7608600.52,14610715.67,15905504.48,100377088,0.00,81255.33,85748.80,100377088,0.00,106816.29,114094.09,100377088,1,162.419,1647.348,0.9030,0.6014,0.9029,15.758,40983606.56,0.00,0.5384,phase6.5-out-of-core-v1,streaming,0ce8b676,accffd77,06c55ba7
SmolLM2-360M,exact-predictor-coalescing,safe-mixed,1073741824,2199023255552,512,131072,40983606.56,40983606.56,40983606.56,12492.80,11589540.36,37.76,17.67,link,2749584375808,1462544880748,1073741824,1.5036,512,512,host_cache_degraded,7611912.87,14616606.77,15914207.21,133692928,0.00,81220.02,85709.41,133692928,0.00,106852.22,114106.14,133692928,1,162.967,1647.348,0.9030,0.6014,0.9029,15.758,40983606.56,0.00,0.4042,phase6.5-out-of-core-v1,streaming,0ce8b676,accffd77,345de602
SmolLM2-360M,exact-predictor-coalescing,safe-mixed,4294967296,549755813888,512,131072,40983606.56,40983606.56,40983606.56,0.00,4130779.24,36.04,16.87,device_capacity,2749584375808,1462544880748,4294967296,0.3759,0,512,device,7248616.46,14001480.60,15296853.52,49925632,0.00,77478.77,81995.87,49925632,0.00,102153.32,109606.47,49925632,1,159.147,1646.318,0.9032,0.6014,0.9029,15.758,40983606.56,0.00,0.9819,phase6.5-out-of-core-v1,streaming,0ce8b676,accffd77,5c97f64c
SmolLM2-360M,exact-predictor-coalescing,safe-mixed,4294967296,1099511627776,512,131072,40983606.56,40983606.56,40983606.56,0.00,8339057.39,36.19,16.94,device_capacity,2749584375808,1462544880748,4294967296,0.7518,0,512,device,7286050.06,14036431.25,15330874.46,100377088,0.00,77386.79,81884.23,100377088,0.00,102307.05,109633.74,100377088,1,161.944,1646.318,0.9032,0.6014,0.9029,15.758,40983606.56,0.00,0.5384,phase6.5-out-of-core-v1,streaming,0ce8b676,accffd77,1a878649
SmolLM2-360M,exact-predictor-coalescing,safe-mixed,4294967296,2199023255552,512,131072,40983606.56,40983606.56,40983606.56,12492.80,11117960.01,36.22,16.95,link,2749584375808,1462544880748,4294967296,1.5036,512,512,host_cache_degraded,7295314.00,14044804.44,15340637.98,133692928,0.00,77367.40,81860.77,133692928,0.00,102357.04,109645.69,133692928,1,162.609,1646.318,0.9032,0.6014,0.9029,15.758,40983606.56,0.00,0.4042,phase6.5-out-of-core-v1,streaming,0ce8b676,accffd77,f0c466e5
SmolLM2-360M,exact-predictor-coalescing,safe-mixed,8589934592,549755813888,512,131072,40983606.56,40983606.56,40983606.56,0.00,4076720.90,35.57,16.65,device_capacity,2749584375808,1462544880748,8589934592,0.3759,0,512,device,7184892.00,13893205.00,15183022.75,49705472,0.00,76771.41,81241.69,49705472,0.00,101273.40,108670.37,49705472,1,158.527,1646.318,0.9035,0.6014,0.9029,15.758,40983606.56,0.00,0.9819,phase6.5-out-of-core-v1,streaming,0ce8b676,accffd77,0a55ea92
SmolLM2-360M,exact-predictor-coalescing,safe-mixed,8589934592,1099511627776,512,131072,40983606.56,40983606.56,40983606.56,0.00,8251593.42,35.81,16.76,device_capacity,2749584375808,1462544880748,8589934592,0.7518,0,512,device,7225322.21,13927323.86,15215196.33,100156928,0.00,76654.31,81103.73,100156928,0.00,101409.62,108685.33,100156928,1,161.632,1646.318,0.9035,0.6014,0.9029,15.758,40983606.56,0.00,0.5384,phase6.5-out-of-core-v1,streaming,0ce8b676,accffd77,163755fe
SmolLM2-360M,exact-predictor-coalescing,safe-mixed,8589934592,2199023255552,512,131072,40983606.56,40983606.56,40983606.56,12492.80,11008425.84,35.87,16.79,link,2749584375808,1462544880748,8589934592,1.5036,512,512,host_cache_degraded,7235214.23,13935455.39,15224639.75,133472768,0.00,76628.60,81073.84,133472768,0.00,101455.01,108694.49,133472768,1,162.371,1646.318,0.9035,0.6014,0.9029,15.758,40983606.56,0.00,0.4042,phase6.5-out-of-core-v1,streaming,0ce8b676,accffd77,5497114f
SmolLM2-360M,oracle,fp16,67108864,549755813888,512,131072,40983606.56,40983606.56,42585644.21,0.00,5425541.01,89.65,42.00,device_capacity,2749584375808,2749584375808,67108864,0.1999,0,512,device,0.00,28928620.54,41964222.86,26310656,0.00,0.00,0.00,26310656,0.00,0.00,0.00,26310656,1,1682.677,2075.957,0.0000,1.0000,1.0000,10.497,40983606.56,1602037.65,0.9332,phase6.5-out-of-core-v1,streaming,0ce8b676,accffd77,52402b89
SmolLM2-360M,oracle,fp16,67108864,1099511627776,512,131072,40983606.56,40983606.56,42522066.84,0.00,10943603.55,89.53,41.94,device_capacity,2749584375808,2749584375808,67108864,0.3999,0,512,device,0.00,14641733.62,41901700.53,53146624,0.00,0.00,0.00,53146624,0.00,0.00,0.00,53146624,1,1680.252,2075.957,0.0000,1.0000,1.0000,10.497,40983606.56,1538460.29,0.9532,phase6.5-out-of-core-v1,streaming,0ce8b676,accffd77,ba4881e7
SmolLM2-360M,oracle,fp16,67108864,2199023255552,512,131072,40983606.56,40983606.56,42517139.67,0.00,21996241.33,89.54,41.95,device_capacity,2749584375808,2749584375808,67108864,0.7998,0,512,device,0.00,8745983.74,41897053.68,106817536,0.00,0.00,0.00,106817536,0.00,0.00,0.00,106817536,1,1680.335,2075.957,0.0000,1.0000,1.0000,10.497,40983606.56,1533533.12,0.4896,phase6.5-out-of-core-v1,streaming,0ce8b676,accffd77,cce83888
SmolLM2-360M,oracle,fp16,268435456,549755813888,512,131072,40983606.56,40983606.56,40983606.56,0.00,3176328.48,52.56,24.61,device_capacity,2749584375808,2749584375808,268435456,0.1999,0,512,device,10479961.71,20851086.88,25422564.29,26310656,0.00,87344.92,95011.90,26310656,0.00,122177.27,125839.92,26310656,1,288.246,1144.576,0.8306,1.0000,1.0000,10.497,40983606.56,0.00,0.9656,phase6.5-out-of-core-v1,streaming,0ce8b676,accffd77,2d4df469
SmolLM2-360M,oracle,fp16,268435456,1099511627776,512,131072,40983606.56,40983606.56,40983606.56,0.00,6397852.00,52.41,24.54,device_capacity,2749584375808,2749584375808,268435456,0.3999,0,512,device,10456467.31,20756223.77,25218355.60,53146624,0.00,87175.43,94718.50,53146624,0.00,122074.04,125690.91,53146624,1,284.821,1144.609,0.8306,1.0000,1.0000,10.497,40983606.56,0.00,0.9830,phase6.5-out-of-core-v1,streaming,0ce8b676,accffd77,cdd1f4fe
SmolLM2-360M,oracle,fp16,268435456,2199023255552,512,131072,40983606.56,40983606.56,40983606.56,0.00,12863698.43,52.43,24.55,device_capacity,2749584375808,2749584375808,268435456,0.7998,0,512,device,10460899.38,20763076.75,25215601.48,106817536,0.00,87094.18,94641.79,106817536,0.00,122050.73,125670.37,106817536,1,285.362,1144.609,0.8306,1.0000,1.0000,10.497,40983606.56,0.00,0.5059,phase6.5-out-of-core-v1,streaming,0ce8b676,accffd77,4d03a4ad
SmolLM2-360M,oracle,fp16,1073741824,549755813888,512,131072,40983606.56,40983606.56,40983606.56,0.00,2704160.39,44.73,20.95,device_capacity,2749584375808,2749584375808,1073741824,0.1999,0,512,device,8999767.21,17269170.87,18669856.75,13155328,0.00,0.00,0.00,13155328,0.00,0.00,0.00,13155328,1,0.000,0.000,1.0000,1.0000,1.0000,10.497,40983606.56,0.00,0.9656,phase6.5-out-of-core-v1,streaming,0ce8b676,accffd77,3392848a
SmolLM2-360M,oracle,fp16,1073741824,1099511627776,512,131072,40983606.56,40983606.56,40983606.56,0.00,5458161.53,44.70,20.94,device_capacity,2749584375808,2749584375808,1073741824,0.3999,0,512,device,8993343.31,17253199.35,18637796.04,26573312,0.00,0.00,0.00,26573312,0.00,0.00,0.00,26573312,1,0.000,0.000,1.0000,1.0000,1.0000,10.497,40983606.56,0.00,0.9830,phase6.5-out-of-core-v1,streaming,0ce8b676,accffd77,17b725c7
SmolLM2-360M,oracle,fp16,1073741824,2199023255552,512,131072,40983606.56,40983606.56,40983606.56,0.00,10974057.44,44.71,20.95,device_capacity,2749584375808,2749584375808,1073741824,0.7998,0,512,device,8996531.67,17259030.29,18647712.90,53408768,0.00,0.00,0.00,53408768,0.00,0.00,0.00,53408768,1,0.000,0.000,1.0000,1.0000,1.0000,10.497,40983606.56,0.00,0.5059,phase6.5-out-of-core-v1,streaming,0ce8b676,accffd77,bef9ead7
SmolLM2-360M,oracle,fp16,4294967296,549755813888,512,131072,40983606.56,40983606.56,40983606.56,0.00,2596663.31,42.95,20.12,device_capacity,2749584375808,2749584375808,4294967296,0.1999,0,512,device,8634369.83,16615020.50,18018697.17,13155328,0.00,0.00,0.00,13155328,0.00,0.00,0.00,13155328,1,0.000,0.000,1.0000,1.0000,1.0000,10.497,40983606.56,0.00,0.9656,phase6.5-out-of-core-v1,streaming,0ce8b676,accffd77,5ef93aeb
SmolLM2-360M,oracle,fp16,4294967296,1099511627776,512,131072,40983606.56,40983606.56,40983606.56,0.00,5260425.62,43.08,20.18,device_capacity,2749584375808,2749584375808,4294967296,0.3999,0,512,device,8662707.25,16646688.83,18027765.98,26573312,0.00,0.00,0.00,26573312,0.00,0.00,0.00,26573312,1,0.000,0.000,1.0000,1.0000,1.0000,10.497,40983606.56,0.00,0.9830,phase6.5-out-of-core-v1,streaming,0ce8b676,accffd77,f8debad5
SmolLM2-360M,oracle,fp16,4294967296,2199023255552,512,131072,40983606.56,40983606.56,40983606.56,0.00,10595883.74,43.17,20.22,device_capacity,2749584375808,2749584375808,4294967296,0.7998,0,512,device,8683177.67,16675494.58,18057354.79,53408768,0.00,0.00,0.00,53408768,0.00,0.00,0.00,53408768,1,0.000,0.000,1.0000,1.0000,1.0000,10.497,40983606.56,0.00,0.5059,phase6.5-out-of-core-v1,streaming,0ce8b676,accffd77,3abaff5c
SmolLM2-360M,oracle,fp16,8589934592,549755813888,512,131072,40983606.56,40983606.56,40983606.56,0.00,2461299.35,40.72,19.07,device_capacity,2749584375808,2749584375808,8589934592,0.1999,0,512,device,8159156.21,15834620.04,17238792.65,13155840,0.00,0.00,0.00,13155840,0.00,0.00,0.00,13155840,1,7.000,7.211,1.0000,1.0000,1.0000,10.497,40983606.56,0.00,0.9656,phase6.5-out-of-core-v1,streaming,0ce8b676,accffd77,95c4d2c5
SmolLM2-360M,oracle,fp16,8589934592,1099511627776,512,131072,40983606.56,40983606.56,40983606.56,0.00,5001732.07,40.96,19.19,device_capacity,2749584375808,2749584375808,8589934592,0.3999,0,512,device,8223043.96,15873331.15,17249127.42,26573824,0.00,0.00,0.00,26573824,0.00,0.00,0.00,26573824,1,7.000,7.211,1.0000,1.0000,1.0000,10.497,40983606.56,0.00,0.9830,phase6.5-out-of-core-v1,streaming,0ce8b676,accffd77,bfd53613
SmolLM2-360M,oracle,fp16,8589934592,2199023255552,512,131072,40983606.56,40983606.56,40983606.56,0.00,10090535.60,41.11,19.26,device_capacity,2749584375808,2749584375808,8589934592,0.7998,0,512,device,8260710.52,15905767.19,17280248.48,53409280,0.00,0.00,0.00,53409280,0.00,0.00,0.00,53409280,1,7.000,7.211,1.0000,1.0000,1.0000,10.497,40983606.56,0.00,0.5059,phase6.5-out-of-core-v1,streaming,0ce8b676,accffd77,54070b97
SmolLM2-360M,oracle,all-q8,67108864,549755813888,512,131072,40983606.56,40983606.56,40983606.56,0.00,5465505.26,47.67,22.32,device_capacity,2749584375808,1462544880748,67108864,0.3759,0,512,device,9665764.04,18474595.31,19999522.31,49926144,0.00,0.00,0.00,49926144,0.00,0.00,0.00,49926144,1,1679.538,2074.896,0.0001,1.0000,1.0000,10.497,40983606.56,0.00,0.9819,phase6.5-out-of-core-v1,streaming,0ce8b676,accffd77,4ca406dc
SmolLM2-360M,oracle,all-q8,67108864,1099511627776,512,131072,40983606.56,40983606.56,40983606.56,0.00,10988711.75,47.67,22.32,device_capacity,2749584375808,1462544880748,67108864,0.7518,0,512,device,9666013.33,18474810.98,19997888.81,100377600,0.00,0.00,0.00,100377600,0.00,0.00,0.00,100377600,1,1679.578,2074.896,0.0001,1.0000,1.0000,10.497,40983606.56,0.00,0.5384,phase6.5-out-of-core-v1,streaming,0ce8b676,accffd77,06dca02d
SmolLM2-360M,oracle,all-q8,67108864,2199023255552,512,131072,40983606.56,40983606.56,40983606.56,12492.80,14636073.35,47.67,22.32,link,2749584375808,1462544880748,67108864,1.5036,512,512,host_cache_degraded,9666062.17,18475061.06,19999087.13,133693440,0.00,0.00,0.00,133693440,0.00,0.00,0.00,133693440,1,1679.597,2074.896,0.0001,1.0000,1.0000,10.497,40983606.56,0.00,0.4042,phase6.5-out-of-core-v1,streaming,0ce8b676,accffd77,59fd249d
SmolLM2-360M,oracle,all-q8,268435456,549755813888,512,131072,40983606.56,40983606.56,40983606.56,0.00,2730787.67,23.82,11.15,device_capacity,2749584375808,1462544880748,268435456,0.3759,0,512,device,4791781.85,9192279.87,9941828.10,24963072,0.00,0.00,0.00,24963072,0.00,0.00,0.00,24963072,1,0.000,0.000,1.0000,1.0000,1.0000,10.497,40983606.56,0.00,0.9819,phase6.5-out-of-core-v1,streaming,0ce8b676,accffd77,5ca8afaf
SmolLM2-360M,oracle,all-q8,268435456,1099511627776,512,131072,40983606.56,40983606.56,40983606.56,0.00,5491177.07,23.82,11.15,device_capacity,2749584375808,1462544880748,268435456,0.7518,0,512,device,4792534.77,9193631.71,9943856.63,50188800,0.00,0.00,0.00,50188800,0.00,0.00,0.00,50188800,1,0.000,0.000,1.0000,1.0000,1.0000,10.497,40983606.56,0.00,0.5384,phase6.5-out-of-core-v1,streaming,0ce8b676,accffd77,6ea89f35
SmolLM2-360M,oracle,all-q8,268435456,2199023255552,512,131072,40983606.56,40983606.56,40983606.56,12492.80,7314049.29,23.82,11.15,link,2749584375808,1462544880748,268435456,1.5036,512,512,none,4792725.10,9193978.85,9945273.12,66846720,0.00,0.00,0.00,66846720,0.00,0.00,0.00,66846720,1,0.000,0.000,1.0000,1.0000,1.0000,10.497,40983606.56,0.00,0.4042,phase6.5-out-of-core-v1,streaming,0ce8b676,accffd77,45555f0c
SmolLM2-360M,oracle,all-q8,1073741824,549755813888,512,131072,40983606.56,40983606.56,40983606.56,0.00,2695474.42,23.51,11.01,device_capacity,2749584375808,1462544880748,1073741824,0.3759,0,512,device,4729919.50,9076118.94,9804607.90,24963072,0.00,0.00,0.00,24963072,0.00,0.00,0.00,24963072,1,0.000,0.000,1.0000,1.0000,1.0000,10.497,40983606.56,0.00,0.9819,phase6.5-out-of-core-v1,streaming,0ce8b676,accffd77,38eb7074
SmolLM2-360M,oracle,all-q8,1073741824,1099511627776,512,131072,40983606.56,40983606.56,40983606.56,0.00,5424300.89,23.53,11.02,device_capacity,2749584375808,1462544880748,1073741824,0.7518,0,512,device,4734393.90,9083761.35,9815374.33,50188800,0.00,0.00,0.00,50188800,0.00,0.00,0.00,50188800,1,0.000,0.000,1.0000,1.0000,1.0000,10.497,40983606.56,0.00,0.5384,phase6.5-out-of-core-v1,streaming,0ce8b676,accffd77,d5c4ea8e
SmolLM2-360M,oracle,all-q8,1073741824,2199023255552,512,131072,40983606.56,40983606.56,40983606.56,12492.80,7226307.52,23.54,11.02,link,2749584375808,1462544880748,1073741824,1.5036,512,512,none,4735506.44,9085620.04,9818699.11,66846720,0.00,0.00,0.00,66846720,0.00,0.00,0.00,66846720,1,0.000,0.000,1.0000,1.0000,1.0000,10.497,40983606.56,0.00,0.4042,phase6.5-out-of-core-v1,streaming,0ce8b676,accffd77,298e2361
SmolLM2-360M,oracle,all-q8,4294967296,549755813888,512,131072,40983606.56,40983606.56,40983606.56,0.00,2512903.62,21.92,10.26,device_capacity,2749584375808,1462544880748,4294967296,0.3759,0,512,device,4400625.98,8491593.63,9219181.25,24964608,0.00,0.00,0.00,24964608,0.00,0.00,0.00,24964608,1,3.667,6.179,1.0000,1.0000,1.0000,10.497,40983606.56,0.00,0.9819,phase6.5-out-of-core-v1,streaming,0ce8b676,accffd77,67b6fda8
SmolLM2-360M,oracle,all-q8,4294967296,1099511627776,512,131072,40983606.56,40983606.56,40983606.56,0.00,5070939.93,22.00,10.30,device_capacity,2749584375808,1462544880748,4294967296,0.7518,0,512,device,4420525.71,8509321.73,9236227.65,50190336,0.00,0.00,0.00,50190336,0.00,0.00,0.00,50190336,1,3.667,6.179,1.0000,1.0000,1.0000,10.497,40983606.56,0.00,0.5384,phase6.5-out-of-core-v1,streaming,0ce8b676,accffd77,957ddc7e
SmolLM2-360M,oracle,all-q8,4294967296,2199023255552,512,131072,40983606.56,40983606.56,40983606.56,12492.80,6760158.66,22.02,10.31,link,2749584375808,1462544880748,4294967296,1.5036,512,512,none,4425532.77,8513525.00,9241259.75,66848256,0.00,0.00,0.00,66848256,0.00,0.00,0.00,66848256,1,3.667,6.179,1.0000,1.0000,1.0000,10.497,40983606.56,0.00,0.4042,phase6.5-out-of-core-v1,streaming,0ce8b676,accffd77,261863bb
SmolLM2-360M,oracle,all-q8,8589934592,549755813888,512,131072,40983606.56,40983606.56,40983606.56,0.00,2466379.89,21.51,10.07,device_capacity,2749584375808,1462544880748,8589934592,0.3759,0,512,device,4326874.98,8385694.33,9112327.98,24931328,0.00,0.00,0.00,24931328,0.00,0.00,0.00,24931328,1,5.002,19.573,1.0000,1.0000,1.0000,10.497,40983606.56,0.00,0.9819,phase6.5-out-of-core-v1,streaming,0ce8b676,accffd77,28e7d49e
SmolLM2-360M,oracle,all-q8,8589934592,1099511627776,512,131072,40983606.56,40983606.56,40983606.56,0.00,4992767.59,21.66,10.14,device_capacity,2749584375808,1462544880748,8589934592,0.7518,0,512,device,4356066.31,8404169.15,9129265.64,50157056,0.00,0.00,0.00,50157056,0.00,0.00,0.00,50157056,1,5.002,19.573,1.0000,1.0000,1.0000,10.497,40983606.56,0.00,0.5384,phase6.5-out-of-core-v1,streaming,0ce8b676,accffd77,95bf3877
SmolLM2-360M,oracle,all-q8,8589934592,2199023255552,512,131072,40983606.56,40983606.56,40983606.56,12492.80,6661084.70,21.70,10.16,link,2749584375808,1462544880748,8589934592,1.5036,512,512,none,4363259.88,8408545.62,9134357.06,66814976,0.00,0.00,0.00,66814976,0.00,0.00,0.00,66814976,1,5.002,19.573,1.0000,1.0000,1.0000,10.497,40983606.56,0.00,0.4042,phase6.5-out-of-core-v1,streaming,0ce8b676,accffd77,4f9b945e
SmolLM2-360M,oracle,safe-mixed,67108864,549755813888,512,131072,40983606.56,40983606.56,40983606.56,0.00,5465505.26,47.67,22.32,device_capacity,2749584375808,1462544880748,67108864,0.3759,0,512,device,9665764.04,18474595.31,19999522.31,49926144,0.00,0.00,0.00,49926144,0.00,0.00,0.00,49926144,1,1679.538,2074.896,0.0001,1.0000,1.0000,10.497,40983606.56,0.00,0.9819,phase6.5-out-of-core-v1,streaming,0ce8b676,accffd77,896a359b
SmolLM2-360M,oracle,safe-mixed,67108864,1099511627776,512,131072,40983606.56,40983606.56,40983606.56,0.00,10988711.75,47.67,22.32,device_capacity,2749584375808,1462544880748,67108864,0.7518,0,512,device,9666013.33,18474810.98,19997888.81,100377600,0.00,0.00,0.00,100377600,0.00,0.00,0.00,100377600,1,1679.578,2074.896,0.0001,1.0000,1.0000,10.497,40983606.56,0.00,0.5384,phase6.5-out-of-core-v1,streaming,0ce8b676,accffd77,232deb7a
SmolLM2-360M,oracle,safe-mixed,67108864,2199023255552,512,131072,40983606.56,40983606.56,40983606.56,12492.80,14636073.35,47.67,22.32,link,2749584375808,1462544880748,67108864,1.5036,512,512,host_cache_degraded,9666062.17,18475061.06,19999087.13,133693440,0.00,0.00,0.00,133693440,0.00,0.00,0.00,133693440,1,1679.597,2074.896,0.0001,1.0000,1.0000,10.497,40983606.56,0.00,0.4042,phase6.5-out-of-core-v1,streaming,0ce8b676,accffd77,97fd9509
SmolLM2-360M,oracle,safe-mixed,268435456,549755813888,512,131072,40983606.56,40983606.56,40983606.56,0.00,2730787.67,23.82,11.15,device_capacity,2749584375808,1462544880748,268435456,0.3759,0,512,device,4791781.85,9192279.87,9941828.10,24963072,0.00,0.00,0.00,24963072,0.00,0.00,0.00,24963072,1,0.000,0.000,1.0000,1.0000,1.0000,10.497,40983606.56,0.00,0.9819,phase6.5-out-of-core-v1,streaming,0ce8b676,accffd77,8aabe9ec
SmolLM2-360M,oracle,safe-mixed,268435456,1099511627776,512,131072,40983606.56,40983606.56,40983606.56,0.00,5491177.07,23.82,11.15,device_capacity,2749584375808,1462544880748,268435456,0.7518,0,512,device,4792534.77,9193631.71,9943856.63,50188800,0.00,0.00,0.00,50188800,0.00,0.00,0.00,50188800,1,0.000,0.000,1.0000,1.0000,1.0000,10.497,40983606.56,0.00,0.5384,phase6.5-out-of-core-v1,streaming,0ce8b676,accffd77,81ab8c59
SmolLM2-360M,oracle,safe-mixed,268435456,2199023255552,512,131072,40983606.56,40983606.56,40983606.56,12492.80,7314049.29,23.82,11.15,link,2749584375808,1462544880748,268435456,1.5036,512,512,none,4792725.10,9193978.85,9945273.12,66846720,0.00,0.00,0.00,66846720,0.00,0.00,0.00,66846720,1,0.000,0.000,1.0000,1.0000,1.0000,10.497,40983606.56,0.00,0.4042,phase6.5-out-of-core-v1,streaming,0ce8b676,accffd77,530c4254
SmolLM2-360M,oracle,safe-mixed,1073741824,549755813888,512,131072,40983606.56,40983606.56,40983606.56,0.00,2695474.42,23.51,11.01,device_capacity,2749584375808,1462544880748,1073741824,0.3759,0,512,device,4729919.50,9076118.94,9804607.90,24963072,0.00,0.00,0.00,24963072,0.00,0.00,0.00,24963072,1,0.000,0.000,1.0000,1.0000,1.0000,10.497,40983606.56,0.00,0.9819,phase6.5-out-of-core-v1,streaming,0ce8b676,accffd77,7c005e14
SmolLM2-360M,oracle,safe-mixed,1073741824,1099511627776,512,131072,40983606.56,40983606.56,40983606.56,0.00,5424300.89,23.53,11.02,device_capacity,2749584375808,1462544880748,1073741824,0.7518,0,512,device,4734393.90,9083761.35,9815374.33,50188800,0.00,0.00,0.00,50188800,0.00,0.00,0.00,50188800,1,0.000,0.000,1.0000,1.0000,1.0000,10.497,40983606.56,0.00,0.5384,phase6.5-out-of-core-v1,streaming,0ce8b676,accffd77,983260f8
SmolLM2-360M,oracle,safe-mixed,1073741824,2199023255552,512,131072,40983606.56,40983606.56,40983606.56,12492.80,7226307.52,23.54,11.02,link,2749584375808,1462544880748,1073741824,1.5036,512,512,none,4735506.44,9085620.04,9818699.11,66846720,0.00,0.00,0.00,66846720,0.00,0.00,0.00,66846720,1,0.000,0.000,1.0000,1.0000,1.0000,10.497,40983606.56,0.00,0.4042,phase6.5-out-of-core-v1,streaming,0ce8b676,accffd77,38ea8ebd
SmolLM2-360M,oracle,safe-mixed,4294967296,549755813888,512,131072,40983606.56,40983606.56,40983606.56,0.00,2512903.62,21.92,10.26,device_capacity,2749584375808,1462544880748,4294967296,0.3759,0,512,device,4400625.98,8491593.63,9219181.25,24964608,0.00,0.00,0.00,24964608,0.00,0.00,0.00,24964608,1,3.667,6.179,1.0000,1.0000,1.0000,10.497,40983606.56,0.00,0.9819,phase6.5-out-of-core-v1,streaming,0ce8b676,accffd77,235dd3c8
SmolLM2-360M,oracle,safe-mixed,4294967296,1099511627776,512,131072,40983606.56,40983606.56,40983606.56,0.00,5070939.93,22.00,10.30,device_capacity,2749584375808,1462544880748,4294967296,0.7518,0,512,device,4420525.71,8509321.73,9236227.65,50190336,0.00,0.00,0.00,50190336,0.00,0.00,0.00,50190336,1,3.667,6.179,1.0000,1.0000,1.0000,10.497,40983606.56,0.00,0.5384,phase6.5-out-of-core-v1,streaming,0ce8b676,accffd77,d88b5608
SmolLM2-360M,oracle,safe-mixed,4294967296,2199023255552,512,131072,40983606.56,40983606.56,40983606.56,12492.80,6760158.66,22.02,10.31,link,2749584375808,1462544880748,4294967296,1.5036,512,512,none,4425532.77,8513525.00,9241259.75,66848256,0.00,0.00,0.00,66848256,0.00,0.00,0.00,66848256,1,3.667,6.179,1.0000,1.0000,1.0000,10.497,40983606.56,0.00,0.4042,phase6.5-out-of-core-v1,streaming,0ce8b676,accffd77,377cce67
SmolLM2-360M,oracle,safe-mixed,8589934592,549755813888,512,131072,40983606.56,40983606.56,40983606.56,0.00,2466379.89,21.51,10.07,device_capacity,2749584375808,1462544880748,8589934592,0.3759,0,512,device,4326874.98,8385694.33,9112327.98,24931328,0.00,0.00,0.00,24931328,0.00,0.00,0.00,24931328,1,5.002,19.573,1.0000,1.0000,1.0000,10.497,40983606.56,0.00,0.9819,phase6.5-out-of-core-v1,streaming,0ce8b676,accffd77,65115ee8
SmolLM2-360M,oracle,safe-mixed,8589934592,1099511627776,512,131072,40983606.56,40983606.56,40983606.56,0.00,4992767.59,21.66,10.14,device_capacity,2749584375808,1462544880748,8589934592,0.7518,0,512,device,4356066.31,8404169.15,9129265.64,50157056,0.00,0.00,0.00,50157056,0.00,0.00,0.00,50157056,1,5.002,19.573,1.0000,1.0000,1.0000,10.497,40983606.56,0.00,0.5384,phase6.5-out-of-core-v1,streaming,0ce8b676,accffd77,2c941af4
SmolLM2-360M,oracle,safe-mixed,8589934592,2199023255552,512,131072,40983606.56,40983606.56,40983606.56,12492.80,6661084.70,21.70,10.16,link,2749584375808,1462544880748,8589934592,1.5036,512,512,none,4363259.88,8408545.62,9134357.06,66814976,0.00,0.00,0.00,66814976,0.00,0.00,0.00,66814976,1,5.002,19.573,1.0000,1.0000,1.0000,10.497,40983606.56,0.00,0.4042,phase6.5-out-of-core-v1,streaming,0ce8b676,accffd77,c0ef6e0c
