model,comparison,precision,host_cache_total_bytes,device_total_bytes,sequence_id,step_index,prefetch_bytes,compulsory_miss_bytes,link_wait_ns,device_wait_ns,quant_wait_ns,service_ns,total_latency_ns
SmolLM2-360M,exact-predictor-prefetch,fp16,8589934592,1099511627776,414,4096,18245713,12737723,42293575.37,0.00,0.00,42789754.12,42789754.12
SmolLM2-360M,exact-predictor-prefetch,fp16,8589934592,1099511627776,314,4096,18814584,13134865,42197958.83,0.00,0.00,42709599.23,42709599.23
SmolLM2-360M,exact-predictor-prefetch,fp16,8589934592,1099511627776,271,4096,18637902,13011519,42126790.62,0.00,0.00,42633628.88,42633628.88
SmolLM2-360M,exact-predictor-prefetch,fp16,8589934592,1099511627776,338,4096,18429710,12866176,42056566.96,0.00,0.00,42557746.67,42557746.67
SmolLM2-360M,exact-predictor-prefetch,fp16,8589934592,1099511627776,412,4096,18846095,13156863,41961103.00,0.00,0.00,42473599.83,42473599.83
SmolLM2-360M,exact-predictor-prefetch,fp16,8589934592,1099511627776,352,4096,18470223,12894459,41857986.06,0.00,0.00,42360266.90,42360266.90
SmolLM2-360M,exact-predictor-prefetch,fp16,8589934592,1099511627776,359,4096,19300742,13474262,41797480.60,0.00,0.00,42322334.50,42322334.50
SmolLM2-360M,exact-predictor-prefetch,fp16,8589934592,1099511627776,24,4096,19054850,13302599,41718775.77,0.00,0.00,42236946.44,42236946.44
SmolLM2-360M,exact-predictor-prefetch,fp16,8589934592,1099511627776,315,4096,19300742,13474262,41619894.60,0.00,0.00,42144748.50,42144748.50
SmolLM2-360M,exact-predictor-prefetch,fp16,8589934592,1099511627776,386,4096,18443214,12875603,41544580.79,0.00,0.00,42046127.52,42046127.52
SmolLM2-360M,exact-predictor-prefetch,fp16,8589934592,1099511627776,137,4096,18980576,13250747,41469815.48,0.00,0.00,41985967.43,41985967.43
SmolLM2-360M,exact-predictor-prefetch,fp16,8589934592,1099511627776,356,4096,18490480,12908600,41390321.75,0.00,0.00,41893153.13,41893153.13
SmolLM2-360M,exact-predictor-prefetch,fp16,8589934592,1099511627776,339,4096,18671663,13035088,41287099.88,0.00,0.00,41794855.72,41794855.72
SmolLM2-360M,exact-predictor-prefetch,fp16,8589934592,1099511627776,181,4096,18628337,13004841,41202478.25,0.00,0.00,41709056.51,41709056.51
SmolLM2-360M,exact-predictor-prefetch,fp16,8589934592,1099511627776,344,4096,18805019,13128187,41128208.04,0.00,0.00,41639588.45,41639588.45
SmolLM2-360M,exact-predictor-prefetch,fp16,8589934592,1099511627776,8,4096,18744249,13085762,41060597.40,0.00,0.00,41570326.10,41570326.10
SmolLM2-360M,exact-predictor-prefetch,fp16,8589934592,1099511627776,416,4096,18849471,13159220,40956411.21,0.00,0.00,41468999.80,41468999.80
SmolLM2-360M,exact-predictor-prefetch,fp16,8589934592,1099511627776,387,4096,18323363,12791933,40889651.83,0.00,0.00,41387941.10,41387941.10
SmolLM2-360M,exact-predictor-prefetch,fp16,8589934592,1099511627776,368,4096,18484290,12904279,40808865.10,0.00,0.00,41311528.26,41311528.26
SmolLM2-360M,exact-predictor-prefetch,fp16,8589934592,1099511627776,348,4097,19136869,12056807,40784347.77,0.00,0.00,41254016.90,41254016.90
SmolLM2-360M,exact-predictor-prefetch,fp16,8589934592,2199023255552,414,4096,18245713,12737723,42293575.37,0.00,0.00,42789754.12,42789754.12
SmolLM2-360M,exact-predictor-prefetch,fp16,8589934592,2199023255552,314,4096,18814584,13134865,42197958.83,0.00,0.00,42709599.23,42709599.23
SmolLM2-360M,exact-predictor-prefetch,fp16,8589934592,2199023255552,271,4096,18637902,13011519,42126790.62,0.00,0.00,42633628.88,42633628.88
SmolLM2-360M,exact-predictor-prefetch,fp16,8589934592,2199023255552,338,4096,18429710,12866176,42056566.96,0.00,0.00,42557746.67,42557746.67
SmolLM2-360M,exact-predictor-prefetch,fp16,8589934592,2199023255552,412,4096,18846095,13156863,41961103.00,0.00,0.00,42473599.83,42473599.83
SmolLM2-360M,exact-predictor-prefetch,fp16,8589934592,2199023255552,352,4096,18470223,12894459,41857986.06,0.00,0.00,42360266.90,42360266.90
SmolLM2-360M,exact-predictor-prefetch,fp16,8589934592,2199023255552,359,4096,19300742,13474262,41797480.60,0.00,0.00,42322334.50,42322334.50
SmolLM2-360M,exact-predictor-prefetch,fp16,8589934592,2199023255552,24,4096,19054850,13302599,41718775.77,0.00,0.00,42236946.44,42236946.44
SmolLM2-360M,exact-predictor-prefetch,fp16,8589934592,2199023255552,315,4096,19300742,13474262,41619894.60,0.00,0.00,42144748.50,42144748.50
SmolLM2-360M,exact-predictor-prefetch,fp16,8589934592,2199023255552,386,4096,18443214,12875603,41544580.79,0.00,0.00,42046127.52,42046127.52
SmolLM2-360M,exact-predictor-prefetch,fp16,8589934592,2199023255552,137,4096,18980576,13250747,41469815.48,0.00,0.00,41985967.43,41985967.43
SmolLM2-360M,exact-predictor-prefetch,fp16,8589934592,2199023255552,356,4096,18490480,12908600,41390321.75,0.00,0.00,41893153.13,41893153.13
SmolLM2-360M,exact-predictor-prefetch,fp16,8589934592,2199023255552,339,4096,18671663,13035088,41287099.88,0.00,0.00,41794855.72,41794855.72
SmolLM2-360M,exact-predictor-prefetch,fp16,8589934592,2199023255552,181,4096,18628337,13004841,41202478.25,0.00,0.00,41709056.51,41709056.51
SmolLM2-360M,exact-predictor-prefetch,fp16,8589934592,2199023255552,344,4096,18805019,13128187,41128208.04,0.00,0.00,41639588.45,41639588.45
SmolLM2-360M,exact-predictor-prefetch,fp16,8589934592,2199023255552,8,4096,18744249,13085762,41060597.40,0.00,0.00,41570326.10,41570326.10
SmolLM2-360M,exact-predictor-prefetch,fp16,8589934592,2199023255552,416,4096,18849471,13159220,40956411.21,0.00,0.00,41468999.80,41468999.80
SmolLM2-360M,exact-predictor-prefetch,fp16,8589934592,2199023255552,387,4096,18323363,12791933,40889651.83,0.00,0.00,41387941.10,41387941.10
SmolLM2-360M,exact-predictor-prefetch,fp16,8589934592,2199023255552,368,4096,18484290,12904279,40808865.10,0.00,0.00,41311528.26,41311528.26
SmolLM2-360M,exact-predictor-prefetch,fp16,8589934592,2199023255552,348,4097,19136869,12056807,40784347.77,0.00,0.00,41254016.90,41254016.90
SmolLM2-360M,exact-predictor-prefetch,fp16,8589934592,549755813888,414,4096,18245713,12737723,42293575.37,0.00,0.00,42789754.12,42789754.12
SmolLM2-360M,exact-predictor-prefetch,fp16,8589934592,549755813888,314,4096,18814584,13134865,42197958.83,0.00,0.00,42709599.23,42709599.23
SmolLM2-360M,exact-predictor-prefetch,fp16,8589934592,549755813888,271,4096,18637902,13011519,42126790.62,0.00,0.00,42633628.88,42633628.88
SmolLM2-360M,exact-predictor-prefetch,fp16,8589934592,549755813888,338,4096,18429710,12866176,42056566.96,0.00,0.00,42557746.67,42557746.67
SmolLM2-360M,exact-predictor-prefetch,fp16,8589934592,549755813888,412,4096,18846095,13156863,41961103.00,0.00,0.00,42473599.83,42473599.83
SmolLM2-360M,exact-predictor-prefetch,fp16,8589934592,549755813888,352,4096,18470223,12894459,41857986.06,0.00,0.00,42360266.90,42360266.90
SmolLM2-360M,exact-predictor-prefetch,fp16,8589934592,549755813888,359,4096,19300742,13474262,41797480.60,0.00,0.00,42322334.50,42322334.50
SmolLM2-360M,exact-predictor-prefetch,fp16,8589934592,549755813888,24,4096,19054850,13302599,41718775.77,0.00,0.00,42236946.44,42236946.44
SmolLM2-360M,exact-predictor-prefetch,fp16,8589934592,549755813888,315,4096,19300742,13474262,41619894.60,0.00,0.00,42144748.50,42144748.50
SmolLM2-360M,exact-predictor-prefetch,fp16,8589934592,549755813888,386,4096,18443214,12875603,41544580.79,0.00,0.00,42046127.52,42046127.52
SmolLM2-360M,exact-predictor-prefetch,fp16,8589934592,549755813888,137,4096,18980576,13250747,41469815.48,0.00,0.00,41985967.43,41985967.43
SmolLM2-360M,exact-predictor-prefetch,fp16,8589934592,549755813888,356,4096,18490480,12908600,41390321.75,0.00,0.00,41893153.13,41893153.13
SmolLM2-360M,exact-predictor-prefetch,fp16,8589934592,549755813888,339,4096,18671663,13035088,41287099.88,0.00,0.00,41794855.72,41794855.72
SmolLM2-360M,exact-predictor-prefetch,fp16,8589934592,549755813888,181,4096,18628337,13004841,41202478.25,0.00,0.00,41709056.51,41709056.51
SmolLM2-360M,exact-predictor-prefetch,fp16,8589934592,549755813888,344,4096,18805019,13128187,41128208.04,0.00,0.00,41639588.45,41639588.45
SmolLM2-360M,exact-predictor-prefetch,fp16,8589934592,549755813888,8,4096,18744249,13085762,41060597.40,0.00,0.00,41570326.10,41570326.10
SmolLM2-360M,exact-predictor-prefetch,fp16,8589934592,549755813888,416,4096,18849471,13159220,40956411.21,0.00,0.00,41468999.80,41468999.80
SmolLM2-360M,exact-predictor-prefetch,fp16,8589934592,549755813888,387,4096,18323363,12791933,40889651.83,0.00,0.00,41387941.10,41387941.10
SmolLM2-360M,exact-predictor-prefetch,fp16,8589934592,549755813888,368,4096,18484290,12904279,40808865.10,0.00,0.00,41311528.26,41311528.26
SmolLM2-360M,exact-predictor-prefetch,fp16,8589934592,549755813888,348,4097,19136869,12056807,40784347.77,0.00,0.00,41254016.90,41254016.90
SmolLM2-360M,exact-predictor-prefetch,fp16,4294967296,2199023255552,414,4096,18851512,12737723,43136082.04,0.00,0.00,43632260.79,43632260.79
SmolLM2-360M,exact-predictor-prefetch,fp16,4294967296,2199023255552,314,4096,19439271,13134865,43028485.33,0.00,0.00,43540125.73,43540125.73
SmolLM2-360M,exact-predictor-prefetch,fp16,4294967296,2199023255552,271,4096,19256723,13011519,42952614.46,0.00,0.00,43459452.71,43459452.71
SmolLM2-360M,exact-predictor-prefetch,fp16,4294967296,2199023255552,338,4096,19041618,12866176,42869030.17,0.00,0.00,43370209.88,43370209.88
SmolLM2-360M,exact-predictor-prefetch,fp16,4294967296,2199023255552,412,4096,19471828,13156863,42788124.17,0.00,0.00,43300620.99,43300620.99
SmolLM2-360M,exact-predictor-prefetch,fp16,4294967296,2199023255552,352,4096,19083476,12894459,42683809.90,0.00,0.00,43186090.73,43186090.73
SmolLM2-360M,exact-predictor-prefetch,fp16,4294967296,2199023255552,359,4096,19941570,13474262,42608587.35,0.00,0.00,43133441.25,43133441.25
SmolLM2-360M,exact-predictor-prefetch,fp16,4294967296,2199023255552,24,4096,19687514,13302599,42530021.77,0.00,0.00,43048192.44,43048192.44
SmolLM2-360M,exact-predictor-prefetch,fp16,4294967296,2199023255552,315,4096,19941570,13474262,42449365.17,0.00,0.00,42974219.06,42974219.06
SmolLM2-360M,exact-predictor-prefetch,fp16,4294967296,2199023255552,386,4096,19055571,12875603,42362331.19,0.00,0.00,42863877.92,42863877.92
SmolLM2-360M,exact-predictor-prefetch,fp16,4294967296,2199023255552,137,4096,19610774,13250747,42284137.98,0.00,0.00,42800289.93,42800289.93
SmolLM2-360M,exact-predictor-prefetch,fp16,4294967296,2199023255552,356,4096,19104406,12908600,42189604.46,0.00,0.00,42692435.84,42692435.84
SmolLM2-360M,exact-predictor-prefetch,fp16,4294967296,2199023255552,339,4096,19291605,13035088,42100770.46,0.00,0.00,42608526.31,42608526.31
SmolLM2-360M,exact-predictor-prefetch,fp16,4294967296,2199023255552,181,4096,19246840,13004841,42015544.65,0.00,0.00,42522122.91,42522122.91
SmolLM2-360M,exact-predictor-prefetch,fp16,4294967296,2199023255552,344,4096,19429388,13128187,41926185.67,0.00,0.00,42437566.07,42437566.07
SmolLM2-360M,exact-predictor-prefetch,fp16,4294967296,2199023255552,8,4096,19366601,13085762,41859053.27,0.00,0.00,42368781.97,42368781.97
SmolLM2-360M,exact-predictor-prefetch,fp16,4294967296,2199023255552,416,4096,19475316,13159220,41772966.31,0.00,0.00,42285554.90,42285554.90
SmolLM2-360M,exact-predictor-prefetch,fp16,4294967296,2199023255552,387,4096,18931740,12791933,41694516.75,0.00,0.00,42192806.02,42192806.02
SmolLM2-360M,exact-predictor-prefetch,fp16,4294967296,2199023255552,368,4096,19098011,12904279,41610179.92,0.00,0.00,42112843.07,42112843.07
SmolLM2-360M,exact-predictor-prefetch,fp16,4294967296,2199023255552,143,4097,20044152,12231469,41615405.02,0.00,0.00,42091874.14,42091874.14
SmolLM2-360M,exact-predictor-prefetch,all-q8,67108864,549755813888,129,26828,10897247,7027448,725687.58,0.00,0.00,999552.24,40983606.56
SmolLM2-360M,exact-predictor-prefetch,all-q8,67108864,549755813888,498,26828,10747745,6931036,806039.04,0.00,0.00,1076150.16,40983606.56
SmolLM2-360M,exact-predictor-prefetch,all-q8,67108864,549755813888,493,26828,10383213,6695956,655170.31,0.00,0.00,916129.22,40983606.56
SmolLM2-360M,exact-predictor-prefetch,all-q8,67108864,549755813888,282,26828,10713709,6909087,446459.58,0.00,0.00,715716.17,40983606.56
SmolLM2-360M,exact-predictor-prefetch,all-q8,67108864,549755813888,19,26828,10395300,6703751,649339.46,0.00,0.00,910601.85,40983606.56
SmolLM2-360M,exact-predictor-prefetch,all-q8,67108864,549755813888,7,26828,10653590,6870317,585179.00,0.00,0.00,852926.19,40983606.56
SmolLM2-360M,exact-predictor-prefetch,all-q8,67108864,549755813888,476,26828,10837128,6988678,789170.94,0.00,0.00,1061526.19,40983606.56
SmolLM2-360M,exact-predictor-prefetch,all-q8,67108864,549755813888,480,26828,10622735,6850420,0.00,0.00,0.00,266972.55,40983606.56
SmolLM2-360M,exact-predictor-prefetch,all-q8,67108864,549755813888,504,26828,10519356,6783752,144579.42,0.00,0.00,408956.43,40983606.56
SmolLM2-360M,exact-predictor-prefetch,all-q8,67108864,549755813888,250,26828,10415022,6716469,143280.25,0.00,0.00,405037.78,40983606.56
SmolLM2-360M,exact-predictor-prefetch,all-q8,67108864,549755813888,0,26828,10719435,6912779,0.00,0.00,0.00,269400.33,40983606.56
SmolLM2-360M,exact-predictor-prefetch,all-q8,67108864,549755813888,131,26828,10833629,6986422,286077.58,0.00,0.00,558345.00,40983606.56
SmolLM2-360M,exact-predictor-prefetch,all-q8,67108864,549755813888,499,26828,10891522,7023755,507947.85,0.00,0.00,781668.73,40983606.56
SmolLM2-360M,exact-predictor-prefetch,all-q8,67108864,549755813888,497,26828,10414704,6716264,509247.29,0.00,16.37,771013.21,40983606.56
SmolLM2-360M,exact-predictor-prefetch,all-q8,67108864,549755813888,487,26828,10877526,7014730,222086.65,0.00,0.00,495456.16,40983606.56
SmolLM2-360M,exact-predictor-prefetch,all-q8,67108864,549755813888,283,26828,10748699,6931652,0.00,0.00,0.00,270135.10,40983606.56
SmolLM2-360M,exact-predictor-prefetch,all-q8,67108864,549755813888,338,26828,10738202,6924882,363509.48,0.00,0.00,633381.00,40983606.56
SmolLM2-360M,exact-predictor-prefetch,all-q8,67108864,549755813888,28,26828,10418839,6718931,368396.85,0.00,0.00,630250.24,40983606.56
SmolLM2-360M,exact-predictor-prefetch,all-q8,67108864,549755813888,484,26828,10651999,6869292,0.00,0.00,0.00,267707.28,40983606.56
SmolLM2-360M,exact-predictor-prefetch,all-q8,67108864,549755813888,289,26828,10694305,6896574,224101.23,0.00,0.00,492870.66,40983606.56
SmolLM2-360M,exact-predictor-prefetch,all-q8,67108864,1099511627776,344,53656,11902628,7905510,805618.40,0.00,0.00,1113668.02,40983606.56
SmolLM2-360M,exact-predictor-prefetch,all-q8,67108864,1099511627776,492,53656,11552554,7672997,894865.90,0.00,0.00,1193863.25,40983606.56
SmolLM2-360M,exact-predictor-prefetch,all-q8,67108864,1099511627776,322,53656,11975589,7953969,735223.71,0.00,0.00,1045159.95,40983606.56
SmolLM2-360M,exact-predictor-prefetch,all-q8,67108864,1099511627776,175,53656,11848609,7869631,489027.42,0.00,0.00,795680.19,40983606.56
SmolLM2-360M,exact-predictor-prefetch,all-q8,67108864,1099511627776,5,53656,11594296,7700721,718420.75,0.00,0.00,1018497.47,40983606.56
SmolLM2-360M,exact-predictor-prefetch,all-q8,67108864,1099511627776,362,53656,11765124,7814182,642652.94,0.00,0.00,947146.95,40983606.56
SmolLM2-360M,exact-predictor-prefetch,all-q8,67108864,1099511627776,63,53656,11362434,7546723,879022.44,0.00,0.00,1173103.66,40983606.56
SmolLM2-360M,exact-predictor-prefetch,all-q8,67108864,1099511627776,265,53656,11657436,7742658,0.00,0.00,0.00,301709.42,40983606.56
SmolLM2-360M,exact-predictor-prefetch,all-q8,67108864,1099511627776,498,53656,11669362,7750579,165169.04,0.00,0.00,467186.84,40983606.56
SmolLM2-360M,exact-predictor-prefetch,all-q8,67108864,1099511627776,328,53656,11582370,7692800,159931.88,0.00,0.00,459700.21,40983606.56
SmolLM2-360M,exact-predictor-prefetch,all-q8,67108864,1099511627776,0,53656,11425573,7588659,0.00,0.00,0.00,295713.89,40983606.56
SmolLM2-360M,exact-predictor-prefetch,all-q8,67108864,1099511627776,348,53656,11711105,7778303,326809.44,0.00,0.00,629906.60,40983606.56
SmolLM2-360M,exact-predictor-prefetch,all-q8,67108864,1099511627776,29,53656,11632882,7726349,557285.15,0.00,0.00,858359.62,40983606.56
SmolLM2-360M,exact-predictor-prefetch,all-q8,67108864,1099511627776,323,53656,12018033,7982160,572540.25,0.00,0.00,883574.03,40983606.56
SmolLM2-360M,exact-predictor-prefetch,all-q8,67108864,1099511627776,65,53656,11384883,7561633,240709.35,0.00,0.00,535371.06,40983606.56
SmolLM2-360M,exact-predictor-prefetch,all-q8,67108864,1099511627776,357,53656,11924376,7919954,0.00,0.00,0.00,308611.96,40983606.56
SmolLM2-360M,exact-predictor-prefetch,all-q8,67108864,1099511627776,223,53656,11373659,7554178,399736.44,0.00,0.00,694107.90,40983606.56
SmolLM2-360M,exact-predictor-prefetch,all-q8,67108864,1099511627776,64,53656,11410841,7578874,414477.04,0.00,0.00,709809.97,40983606.56
SmolLM2-360M,exact-predictor-prefetch,all-q8,67108864,1099511627776,134,53656,11545889,7668570,0.00,0.00,0.00,298825.00,40983606.56
SmolLM2-360M,exact-predictor-prefetch,all-q8,67108864,1099511627776,363,53656,11975940,7954202,248594.50,0.00,0.00,558539.81,40983606.56
SmolLM2-360M,exact-predictor-prefetch,all-q8,268435456,549755813888,129,26828,10892768,636008,460583.12,69263.17,101121.58,655999.13,40983606.56
SmolLM2-360M,exact-predictor-prefetch,all-q8,268435456,549755813888,498,26828,10743327,627283,474381.33,72858.23,96370.56,668301.69,40983606.56
SmolLM2-360M,exact-predictor-prefetch,all-q8,268435456,549755813888,493,26828,10378945,606007,449577.06,75744.20,100603.61,649788.11,40983606.56
SmolLM2-360M,exact-predictor-prefetch,all-q8,268435456,549755813888,282,26828,10709305,625296,243373.62,64025.89,98883.46,430897.18,40983606.56
SmolLM2-360M,exact-predictor-prefetch,all-q8,268435456,549755813888,19,26828,10391028,606713,447773.27,75881.91,96548.72,644094.63,40983606.56
SmolLM2-360M,exact-predictor-prefetch,all-q8,268435456,549755813888,7,26828,10649211,621787,275306.31,63225.25,99112.09,462121.25,40983606.56
SmolLM2-360M,exact-predictor-prefetch,all-q8,268435456,549755813888,476,26828,10832674,632499,473624.44,62395.81,101260.99,662175.88,40983606.56
SmolLM2-360M,exact-predictor-prefetch,all-q8,268435456,549755813888,480,26828,10618369,619987,0.00,0.00,0.00,24407.51,40983606.56
SmolLM2-360M,exact-predictor-prefetch,all-q8,268435456,549755813888,504,26828,10515032,613953,13239.54,0.00,0.00,37412.14,40983606.56
SmolLM2-360M,exact-predictor-prefetch,all-q8,268435456,549755813888,250,26828,10410741,607864,13121.98,0.00,0.00,37057.52,40983606.56
SmolLM2-360M,exact-predictor-prefetch,all-q8,268435456,549755813888,0,26828,10715029,625630,0.00,0.00,0.00,24627.21,40983606.56
SmolLM2-360M,exact-predictor-prefetch,all-q8,268435456,549755813888,131,26828,10829176,632295,223399.77,76049.10,99269.83,423605.39,40983606.56
SmolLM2-360M,exact-predictor-prefetch,all-q8,268435456,549755813888,499,26828,10887045,635674,252647.79,59846.31,99592.58,437104.93,40983606.56
SmolLM2-360M,exact-predictor-prefetch,all-q8,268435456,549755813888,497,26828,10410423,607845,262472.88,68050.27,101016.80,455474.75,40983606.56
SmolLM2-360M,exact-predictor-prefetch,all-q8,268435456,549755813888,487,26828,10873055,634857,26200.23,0.00,0.00,51186.67,40983606.56
SmolLM2-360M,exact-predictor-prefetch,all-q8,268435456,549755813888,283,26828,10744281,627338,0.00,0.00,0.00,24693.71,40983606.56
SmolLM2-360M,exact-predictor-prefetch,all-q8,268435456,549755813888,338,26828,10733788,626726,230146.83,71900.17,98073.89,424790.77,40983606.56
SmolLM2-360M,exact-predictor-prefetch,all-q8,268435456,549755813888,28,26828,10414557,608086,234559.44,70762.91,99520.06,428786.59,40983606.56
SmolLM2-360M,exact-predictor-prefetch,all-q8,268435456,549755813888,484,26828,10647621,621695,0.00,0.00,0.00,24474.01,40983606.56
SmolLM2-360M,exact-predictor-prefetch,all-q8,268435456,549755813888,289,26828,10689910,624164,221386.02,75412.99,98393.64,419762.79,40983606.56
SmolLM2-360M,exact-predictor-prefetch,all-q8,67108864,2199023255552,344,53656,11902628,7905510,805618.40,0.00,0.00,1113668.02,40983606.56
SmolLM2-360M,exact-predictor-prefetch,all-q8,67108864,2199023255552,492,53656,11552554,7672997,894865.90,0.00,0.00,1193863.25,40983606.56
SmolLM2-360M,exact-predictor-prefetch,all-q8,67108864,2199023255552,322,53656,11975589,7953969,735223.71,0.00,0.00,1045159.95,40983606.56
SmolLM2-360M,exact-predictor-prefetch,all-q8,67108864,2199023255552,175,53656,11848609,7869631,489027.42,0.00,0.00,795680.19,40983606.56
SmolLM2-360M,exact-predictor-prefetch,all-q8,67108864,2199023255552,5,53656,11594296,7700721,718420.75,0.00,0.00,1018497.47,40983606.56
SmolLM2-360M,exact-predictor-prefetch,all-q8,67108864,2199023255552,362,53656,11765124,7814182,642652.94,0.00,0.00,947146.95,40983606.56
SmolLM2-360M,exact-predictor-prefetch,all-q8,67108864,2199023255552,63,53656,11362434,7546723,879022.44,0.00,0.00,1173103.66,40983606.56
SmolLM2-360M,exact-predictor-prefetch,all-q8,67108864,2199023255552,265,53656,11657436,7742658,0.00,0.00,0.00,301709.42,40983606.56
SmolLM2-360M,exact-predictor-prefetch,all-q8,67108864,2199023255552,498,53656,11669362,7750579,165169.04,0.00,0.00,467186.84,40983606.56
SmolLM2-360M,exact-predictor-prefetch,all-q8,67108864,2199023255552,328,53656,11582370,7692800,159931.88,0.00,0.00,459700.21,40983606.56
SmolLM2-360M,exact-predictor-prefetch,all-q8,67108864,2199023255552,0,53656,11425573,7588659,0.00,0.00,0.00,295713.89,40983606.56
SmolLM2-360M,exact-predictor-prefetch,all-q8,67108864,2199023255552,348,53656,11711105,7778303,326809.44,0.00,0.00,629906.60,40983606.56
SmolLM2-360M,exact-predictor-prefetch,all-q8,67108864,2199023255552,29,53656,11632882,7726349,557285.15,0.00,0.00,858359.62,40983606.56
SmolLM2-360M,exact-predictor-prefetch,all-q8,67108864,2199023255552,323,53656,12018033,7982160,572540.25,0.00,0.00,883574.03,40983606.56
SmolLM2-360M,exact-predictor-prefetch,all-q8,67108864,2199023255552,65,53656,11384883,7561633,240709.35,0.00,0.00,535371.06,40983606.56
SmolLM2-360M,exact-predictor-prefetch,all-q8,67108864,2199023255552,357,53656,11924376,7919954,0.00,0.00,0.00,308611.96,40983606.56
SmolLM2-360M,exact-predictor-prefetch,all-q8,67108864,2199023255552,223,53656,11373659,7554178,399736.44,0.00,0.00,694107.90,40983606.56
SmolLM2-360M,exact-predictor-prefetch,all-q8,67108864,2199023255552,64,53656,11410841,7578874,414477.04,0.00,0.00,709809.97,40983606.56
SmolLM2-360M,exact-predictor-prefetch,all-q8,67108864,2199023255552,134,53656,11545889,7668570,0.00,0.00,0.00,298825.00,40983606.56
SmolLM2-360M,exact-predictor-prefetch,all-q8,67108864,2199023255552,363,53656,11975940,7954202,248594.50,0.00,0.00,558539.81,40983606.56
SmolLM2-360M,exact-predictor-prefetch,all-q8,268435456,1099511627776,344,53656,11880446,1055842,511098.23,63873.48,104759.86,721107.92,40983606.56
SmolLM2-360M,exact-predictor-prefetch,all-q8,268435456,1099511627776,492,53656,11531025,1024788,544488.98,54171.88,106268.56,745096.76,40983606.56
SmolLM2-360M,exact-predictor-prefetch,all-q8,268435456,1099511627776,322,53656,11953272,1062314,499757.60,66126.66,103284.38,710796.96,40983606.56
SmolLM2-360M,exact-predictor-prefetch,all-q8,268435456,1099511627776,175,53656,11826528,1051050,279995.35,59643.46,104887.49,485716.09,40983606.56
SmolLM2-360M,exact-predictor-prefetch,all-q8,268435456,1099511627776,5,53656,11572689,1028491,483957.77,73960.38,102193.14,700422.80,40983606.56
SmolLM2-360M,exact-predictor-prefetch,all-q8,268435456,1099511627776,362,53656,11743199,1043645,329699.46,62457.66,107937.55,540996.16,40983606.56
SmolLM2-360M,exact-predictor-prefetch,all-q8,268435456,1099511627776,63,53656,11341259,1007923,523320.58,65263.65,106994.08,735089.06,40983606.56
SmolLM2-360M,exact-predictor-prefetch,all-q8,268435456,1099511627776,265,53656,11635711,1034092,0.00,0.00,0.00,40529.57,40983606.56
SmolLM2-360M,exact-predictor-prefetch,all-q8,268435456,1099511627776,498,53656,11647615,1035150,22206.90,0.00,0.00,62777.66,40983606.56
SmolLM2-360M,exact-predictor-prefetch,all-q8,268435456,1099511627776,328,53656,11560785,1027433,21507.44,0.00,0.00,61777.76,40983606.56
SmolLM2-360M,exact-predictor-prefetch,all-q8,268435456,1099511627776,0,53656,11404281,1013524,0.00,0.00,0.00,39728.81,40983606.56
SmolLM2-360M,exact-predictor-prefetch,all-q8,268435456,1099511627776,348,53656,11689280,1038853,242580.65,75251.49,104872.88,463419.94,40983606.56
SmolLM2-360M,exact-predictor-prefetch,all-q8,268435456,1099511627776,29,53656,11611203,1031914,285651.27,63244.96,106452.37,495793.37,40983606.56
SmolLM2-360M,exact-predictor-prefetch,all-q8,268435456,1099511627776,323,53656,11995636,1066079,307319.48,49564.26,107545.66,506204.30,40983606.56
SmolLM2-360M,exact-predictor-prefetch,all-q8,268435456,1099511627776,65,53656,11363667,1009915,43942.52,0.00,0.00,83530.83,40983606.56
SmolLM2-360M,exact-predictor-prefetch,all-q8,268435456,1099511627776,357,53656,11902154,1057771,0.00,0.00,0.00,41451.45,40983606.56
SmolLM2-360M,exact-predictor-prefetch,all-q8,268435456,1099511627776,223,53656,11352463,1008919,260061.38,66165.64,107496.13,473272.67,40983606.56
SmolLM2-360M,exact-predictor-prefetch,all-q8,268435456,1099511627776,64,53656,11389576,1012217,264393.42,70272.55,107183.98,481527.87,40983606.56
SmolLM2-360M,exact-predictor-prefetch,all-q8,268435456,1099511627776,134,53656,11524373,1024197,0.00,0.00,0.00,40144.34,40983606.56
SmolLM2-360M,exact-predictor-prefetch,all-q8,268435456,1099511627776,363,53656,11953622,1062345,237759.19,72833.49,102417.06,454639.26,40983606.56
SmolLM2-360M,exact-predictor-prefetch,all-q8,1073741824,1099511627776,344,53656,11765102,1055842,506350.23,62999.40,103683.51,714409.48,40983606.56
SmolLM2-360M,exact-predictor-prefetch,all-q8,1073741824,1099511627776,492,53656,11419073,1024788,539833.75,53232.46,105037.06,738270.62,40983606.56
SmolLM2-360M,exact-predictor-prefetch,all-q8,1073741824,1099511627776,322,53656,11837221,1062314,495115.54,65146.63,102208.03,704098.52,40983606.56
SmolLM2-360M,exact-predictor-prefetch,all-q8,1073741824,1099511627776,175,53656,11711707,1051050,277696.88,58643.68,103783.16,481313.51,40983606.56
SmolLM2-360M,exact-predictor-prefetch,all-q8,1073741824,1099511627776,5,53656,11460333,1028491,479262.46,73033.60,101116.79,693724.36,40983606.56
SmolLM2-360M,exact-predictor-prefetch,all-q8,1073741824,1099511627776,362,53656,11629187,1043645,327345.96,61426.22,106804.20,536477.87,40983606.56
SmolLM2-360M,exact-predictor-prefetch,all-q8,1073741824,1099511627776,63,53656,11231150,1007923,518665.35,64214.04,105872.78,728262.92,40983606.56
SmolLM2-360M,exact-predictor-prefetch,all-q8,1073741824,1099511627776,265,53656,11522743,1034092,0.00,0.00,0.00,40529.57,40983606.56
SmolLM2-360M,exact-predictor-prefetch,all-q8,1073741824,1099511627776,498,53656,11534532,1035150,22206.90,0.00,0.00,62777.66,40983606.56
SmolLM2-360M,exact-predictor-prefetch,all-q8,1073741824,1099511627776,328,53656,11448545,1027433,21507.44,0.00,0.00,61777.76,40983606.56
SmolLM2-360M,exact-predictor-prefetch,all-q8,1073741824,1099511627776,0,53656,11293560,1013524,0.00,0.00,0.00,39728.81,40983606.56
SmolLM2-360M,exact-predictor-prefetch,all-q8,1073741824,1099511627776,348,53656,11575792,1038853,240227.15,74310.09,103769.68,459021.84,40983606.56
SmolLM2-360M,exact-predictor-prefetch,all-q8,1073741824,1099511627776,29,53656,11498473,1031914,283297.77,62300.20,105348.04,491390.79,40983606.56
SmolLM2-360M,exact-predictor-prefetch,all-q8,1073741824,1099511627776,323,53656,11879174,1066079,304965.98,48619.51,106441.33,501801.72,40983606.56
SmolLM2-360M,exact-predictor-prefetch,all-q8,1073741824,1099511627776,65,53656,11253340,1009915,43942.52,0.00,0.00,83530.83,40983606.56
SmolLM2-360M,exact-predictor-prefetch,all-q8,1073741824,1099511627776,357,53656,11786599,1057771,0.00,0.00,0.00,41451.45,40983606.56
SmolLM2-360M,exact-predictor-prefetch,all-q8,1073741824,1099511627776,223,53656,11242245,1008919,257754.69,65101.97,106468.38,468874.56,40983606.56
SmolLM2-360M,exact-predictor-prefetch,all-q8,1073741824,1099511627776,64,53656,11278997,1012217,262039.92,69255.69,106184.57,477158.11,40983606.56
SmolLM2-360M,exact-predictor-prefetch,all-q8,1073741824,1099511627776,134,53656,11412486,1024197,0.00,0.00,0.00,40144.34,40983606.56
SmolLM2-360M,exact-predictor-prefetch,all-q8,1073741824,1099511627776,363,53656,11837567,1062345,235452.50,71910.81,101335.80,450328.63,40983606.56
SmolLM2-360M,exact-predictor-prefetch,all-q8,1073741824,549755813888,129,26828,10803190,541951,455004.27,71633.06,99221.37,647228.09,40983606.56
SmolLM2-360M,exact-predictor-prefetch,all-q8,1073741824,549755813888,498,26828,10654977,534515,466900.33,72223.61,97507.42,657711.26,40983606.56
SmolLM2-360M,exact-predictor-prefetch,all-q8,1073741824,549755813888,493,26828,10293592,516386,444120.00,78646.72,98794.79,641935.60,40983606.56
SmolLM2-360M,exact-predictor-prefetch,all-q8,1073741824,549755813888,282,26828,10621236,532823,237748.88,67488.68,99296.53,425548.10,40983606.56
SmolLM2-360M,exact-predictor-prefetch,all-q8,1073741824,549755813888,19,26828,10305575,516987,444063.71,75233.70,96460.05,636154.94,40983606.56
SmolLM2-360M,exact-predictor-prefetch,all-q8,1073741824,549755813888,7,26828,10561635,529833,265821.69,66281.14,99501.12,452501.56,40983606.56
SmolLM2-360M,exact-predictor-prefetch,all-q8,1073741824,549755813888,476,26828,10743589,538961,464289.58,67326.84,99621.97,652491.38,40983606.56
SmolLM2-360M,exact-predictor-prefetch,all-q8,1073741824,549755813888,480,26828,10531047,528298,0.00,0.00,0.00,20837.85,40983606.56
SmolLM2-360M,exact-predictor-prefetch,all-q8,1073741824,549755813888,504,26828,10428560,523157,11306.73,0.00,0.00,31944.43,40983606.56
SmolLM2-360M,exact-predictor-prefetch,all-q8,1073741824,549755813888,250,26828,10325127,517968,11206.54,0.00,0.00,31642.22,40983606.56
SmolLM2-360M,exact-predictor-prefetch,all-q8,1073741824,549755813888,0,26828,10626912,533107,0.00,0.00,0.00,21025.08,40983606.56
SmolLM2-360M,exact-predictor-prefetch,all-q8,1073741824,549755813888,131,26828,10740121,538787,221564.00,77262.87,98615.57,418688.66,40983606.56
SmolLM2-360M,exact-predictor-prefetch,all-q8,1073741824,549755813888,499,26828,10797513,541666,246996.67,62596.85,99885.99,430837.80,40983606.56
SmolLM2-360M,exact-predictor-prefetch,all-q8,1073741824,549755813888,497,26828,10324811,517952,254861.02,71138.63,100892.70,447327.41,40983606.56
SmolLM2-360M,exact-predictor-prefetch,all-q8,1073741824,549755813888,487,26828,10783638,540970,22375.83,0.00,0.00,43707.04,40983606.56
SmolLM2-360M,exact-predictor-prefetch,all-q8,1073741824,549755813888,283,26828,10655923,534563,0.00,0.00,0.00,21081.76,40983606.56
SmolLM2-360M,exact-predictor-prefetch,all-q8,1073741824,549755813888,338,26828,10645517,534041,226453.02,74208.81,98621.47,420344.75,40983606.56
SmolLM2-360M,exact-predictor-prefetch,all-q8,1073741824,549755813888,28,26828,10328911,518158,230817.19,73029.35,98324.66,422614.27,40983606.56
SmolLM2-360M,exact-predictor-prefetch,all-q8,1073741824,549755813888,484,26828,10560059,529754,0.00,0.00,0.00,20894.54,40983606.56
SmolLM2-360M,exact-predictor-prefetch,all-q8,1073741824,549755813888,289,26828,10601999,531858,219566.81,76608.35,98310.11,415461.72,40983606.56
SmolLM2-360M,exact-predictor-prefetch,all-q8,268435456,2199023255552,344,53656,11880446,1055842,511098.23,63873.48,104759.86,721107.92,40983606.56
SmolLM2-360M,exact-predictor-prefetch,all-q8,268435456,2199023255552,492,53656,11531025,1024788,544488.98,54171.88,106268.56,745096.76,40983606.56
SmolLM2-360M,exact-predictor-prefetch,all-q8,268435456,2199023255552,322,53656,11953272,1062314,499757.60,66126.66,103284.38,710796.96,40983606.56
SmolLM2-360M,exact-predictor-prefetch,all-q8,268435456,2199023255552,175,53656,11826528,1051050,279995.35,59643.46,104887.49,485716.09,40983606.56
SmolLM2-360M,exact-predictor-prefetch,all-q8,268435456,2199023255552,5,53656,11572689,1028491,483957.77,73960.38,102193.14,700422.80,40983606.56
SmolLM2-360M,exact-predictor-prefetch,all-q8,268435456,2199023255552,362,53656,11743199,1043645,329699.46,62457.66,107937.55,540996.16,40983606.56
SmolLM2-360M,exact-predictor-prefetch,all-q8,268435456,2199023255552,63,53656,11341259,1007923,523320.58,65263.65,106994.08,735089.06,40983606.56
SmolLM2-360M,exact-predictor-prefetch,all-q8,268435456,2199023255552,265,53656,11635711,1034092,0.00,0.00,0.00,40529.57,40983606.56
SmolLM2-360M,exact-predictor-prefetch,all-q8,268435456,2199023255552,498,53656,11647615,1035150,22206.90,0.00,0.00,62777.66,40983606.56
SmolLM2-360M,exact-predictor-prefetch,all-q8,268435456,2199023255552,328,53656,11560785,1027433,21507.44,0.00,0.00,61777.76,40983606.56
SmolLM2-360M,exact-predictor-prefetch,all-q8,268435456,2199023255552,0,53656,11404281,1013524,0.00,0.00,0.00,39728.81,40983606.56
SmolLM2-360M,exact-predictor-prefetch,all-q8,268435456,2199023255552,348,53656,11689280,1038853,242580.65,75251.49,104872.88,463419.94,40983606.56
SmolLM2-360M,exact-predictor-prefetch,all-q8,268435456,2199023255552,29,53656,11611203,1031914,285651.27,63244.96,106452.37,495793.37,40983606.56
SmolLM2-360M,exact-predictor-prefetch,all-q8,268435456,2199023255552,323,53656,11995636,1066079,307319.48,49564.26,107545.66,506204.30,40983606.56
SmolLM2-360M,exact-predictor-prefetch,all-q8,268435456,2199023255552,65,53656,11363667,1009915,43942.52,0.00,0.00,83530.83,40983606.56
SmolLM2-360M,exact-predictor-prefetch,all-q8,268435456,2199023255552,357,53656,11902154,1057771,0.00,0.00,0.00,41451.45,40983606.56
SmolLM2-360M,exact-predictor-prefetch,all-q8,268435456,2199023255552,223,53656,11352463,1008919,260061.38,66165.64,107496.13,473272.67,40983606.56
SmolLM2-360M,exact-predictor-prefetch,all-q8,268435456,2199023255552,64,53656,11389576,1012217,264393.42,70272.55,107183.98,481527.87,40983606.56
SmolLM2-360M,exact-predictor-prefetch,all-q8,268435456,2199023255552,134,53656,11524373,1024197,0.00,0.00,0.00,40144.34,40983606.56
SmolLM2-360M,exact-predictor-prefetch,all-q8,268435456,2199023255552,363,53656,11953622,1062345,237759.19,72833.49,102417.06,454639.26,40983606.56
SmolLM2-360M,exact-predictor-prefetch,all-q8,1073741824,2199023255552,344,53656,11765102,1055842,506350.23,62999.40,103683.51,714409.48,40983606.56
SmolLM2-360M,exact-predictor-prefetch,all-q8,1073741824,2199023255552,492,53656,11419073,1024788,539833.75,53232.46,105037.06,738270.62,40983606.56
SmolLM2-360M,exact-predictor-prefetch,all-q8,1073741824,2199023255552,322,53656,11837221,1062314,495115.54,65146.63,102208.03,704098.52,40983606.56
SmolLM2-360M,exact-predictor-prefetch,all-q8,1073741824,2199023255552,175,53656,11711707,1051050,277696.88,58643.68,103783.16,481313.51,40983606.56
SmolLM2-360M,exact-predictor-prefetch,all-q8,1073741824,2199023255552,5,53656,11460333,1028491,479262.46,73033.60,101116.79,693724.36,40983606.56
SmolLM2-360M,exact-predictor-prefetch,all-q8,1073741824,2199023255552,362,53656,11629187,1043645,327345.96,61426.22,106804.20,536477.87,40983606.56
SmolLM2-360M,exact-predictor-prefetch,all-q8,1073741824,2199023255552,63,53656,11231150,1007923,518665.35,64214.04,105872.78,728262.92,40983606.56
SmolLM2-360M,exact-predictor-prefetch,all-q8,1073741824,2199023255552,265,53656,11522743,1034092,0.00,0.00,0.00,40529.57,40983606.56
SmolLM2-360M,exact-predictor-prefetch,all-q8,1073741824,2199023255552,498,53656,11534532,1035150,22206.90,0.00,0.00,62777.66,40983606.56
SmolLM2-360M,exact-predictor-prefetch,all-q8,1073741824,2199023255552,328,53656,11448545,1027433,21507.44,0.00,0.00,61777.76,40983606.56
SmolLM2-360M,exact-predictor-prefetch,all-q8,1073741824,2199023255552,0,53656,11293560,1013524,0.00,0.00,0.00,39728.81,40983606.56
SmolLM2-360M,exact-predictor-prefetch,all-q8,1073741824,2199023255552,348,53656,11575792,1038853,240227.15,74310.09,103769.68,459021.84,40983606.56
SmolLM2-360M,exact-predictor-prefetch,all-q8,1073741824,2199023255552,29,53656,11498473,1031914,283297.77,62300.20,105348.04,491390.79,40983606.56
SmolLM2-360M,exact-predictor-prefetch,all-q8,1073741824,2199023255552,323,53656,11879174,1066079,304965.98,48619.51,106441.33,501801.72,40983606.56
SmolLM2-360M,exact-predictor-prefetch,all-q8,1073741824,2199023255552,65,53656,11253340,1009915,43942.52,0.00,0.00,83530.83,40983606.56
SmolLM2-360M,exact-predictor-prefetch,all-q8,1073741824,2199023255552,357,53656,11786599,1057771,0.00,0.00,0.00,41451.45,40983606.56
SmolLM2-360M,exact-predictor-prefetch,all-q8,1073741824,2199023255552,223,53656,11242245,1008919,257754.69,65101.97,106468.38,468874.56,40983606.56
SmolLM2-360M,exact-predictor-prefetch,all-q8,1073741824,2199023255552,64,53656,11278997,1012217,262039.92,69255.69,106184.57,477158.11,40983606.56
SmolLM2-360M,exact-predictor-prefetch,all-q8,1073741824,2199023255552,134,53656,11412486,1024197,0.00,0.00,0.00,40144.34,40983606.56
SmolLM2-360M,exact-predictor-prefetch,all-q8,1073741824,2199023255552,363,53656,11837567,1062345,235452.50,71910.81,101335.80,450328.63,40983606.56
SmolLM2-360M,exact-predictor-prefetch,all-q8,4294967296,1099511627776,344,53656,11303726,1055842,487358.19,59503.06,99378.11,687615.70,40983606.56
SmolLM2-360M,exact-predictor-prefetch,all-q8,4294967296,1099511627776,492,53656,10971266,1024788,521212.79,49474.79,100111.11,710966.03,40983606.56
SmolLM2-360M,exact-predictor-prefetch,all-q8,4294967296,1099511627776,322,53656,11373016,1062314,476547.29,61226.50,97902.63,677304.75,40983606.56
SmolLM2-360M,exact-predictor-prefetch,all-q8,4294967296,1099511627776,175,53656,11252424,1051050,268502.96,54644.50,99365.83,463703.07,40983606.56
SmolLM2-360M,exact-predictor-prefetch,all-q8,4294967296,1099511627776,5,53656,11010908,1028491,460481.17,69326.52,96811.39,666930.58,40983606.56
SmolLM2-360M,exact-predictor-prefetch,all-q8,4294967296,1099511627776,362,53656,11173140,1043645,317931.96,57300.53,102270.82,518404.80,40983606.56
SmolLM2-360M,exact-predictor-prefetch,all-q8,4294967296,1099511627776,63,53656,10790712,1007923,500044.40,60015.60,101387.59,700958.34,40983606.56
SmolLM2-360M,exact-predictor-prefetch,all-q8,4294967296,1099511627776,265,53656,11070871,1034092,0.00,0.00,0.00,40529.57,40983606.56
SmolLM2-360M,exact-predictor-prefetch,all-q8,4294967296,1099511627776,498,53656,11082197,1035150,22206.90,0.00,0.00,62777.66,40983606.56
SmolLM2-360M,exact-predictor-prefetch,all-q8,4294967296,1099511627776,328,53656,10999582,1027433,21507.44,0.00,0.00,61777.76,40983606.56
SmolLM2-360M,exact-predictor-prefetch,all-q8,4294967296,1099511627776,0,53656,10850675,1013524,0.00,0.00,0.00,39728.81,40983606.56
SmolLM2-360M,exact-predictor-prefetch,all-q8,4294967296,1099511627776,348,53656,11121839,1038853,230813.15,70544.49,99356.87,441429.43,40983606.56
SmolLM2-360M,exact-predictor-prefetch,all-q8,4294967296,1099511627776,29,53656,11047552,1031914,273883.77,58521.10,100930.71,473780.35,40983606.56
SmolLM2-360M,exact-predictor-prefetch,all-q8,4294967296,1099511627776,323,53656,11413324,1066079,295551.98,44840.40,102024.00,484191.28,40983606.56
SmolLM2-360M,exact-predictor-prefetch,all-q8,4294967296,1099511627776,65,53656,10812032,1009915,43942.52,0.00,0.00,83530.83,40983606.56
SmolLM2-360M,exact-predictor-prefetch,all-q8,4294967296,1099511627776,357,53656,11324379,1057771,0.00,0.00,0.00,41451.45,40983606.56
SmolLM2-360M,exact-predictor-prefetch,all-q8,4294967296,1099511627776,223,53656,10801372,1008919,248527.92,60847.32,102081.98,451006.75,40983606.56
SmolLM2-360M,exact-predictor-prefetch,all-q8,4294967296,1099511627776,64,53656,10836684,1012217,252625.92,65188.28,102186.83,459678.95,40983606.56
SmolLM2-360M,exact-predictor-prefetch,all-q8,4294967296,1099511627776,134,53656,10964937,1024197,0.00,0.00,0.00,40144.34,40983606.56
SmolLM2-360M,exact-predictor-prefetch,all-q8,4294967296,1099511627776,363,53656,11373349,1062345,226225.73,68220.10,97010.75,433086.11,40983606.56
SmolLM2-360M,exact-predictor-prefetch,all-q8,4294967296,549755813888,129,26828,10337380,541951,435900.65,67743.93,94771.70,619785.68,40983606.56
SmolLM2-360M,exact-predictor-prefetch,all-q8,4294967296,549755813888,498,26828,10195559,534515,447741.19,69123.35,92324.42,630268.84,40983606.56
SmolLM2-360M,exact-predictor-prefetch,all-q8,4294967296,549755813888,493,26828,9849756,516386,425417.54,74356.43,94345.13,614493.19,40983606.56
SmolLM2-360M,exact-predictor-prefetch,all-q8,4294967296,549755813888,282,26828,10163272,532823,228473.94,63519.76,94652.59,407660.30,40983606.56
SmolLM2-360M,exact-predictor-prefetch,all-q8,4294967296,549755813888,19,26828,9861222,516987,424960.08,71979.82,92110.83,609448.22,40983606.56
SmolLM2-360M,exact-predictor-prefetch,all-q8,4294967296,549755813888,7,26828,10106241,529833,256298.06,62471.69,94732.00,434399.36,40983606.56
SmolLM2-360M,exact-predictor-prefetch,all-q8,4294967296,549755813888,476,26828,10280350,538961,445740.02,62973.10,95082.86,625048.97,40983606.56
SmolLM2-360M,exact-predictor-prefetch,all-q8,4294967296,549755813888,480,26828,10076972,528298,0.00,0.00,0.00,20837.85,40983606.56
SmolLM2-360M,exact-predictor-prefetch,all-q8,4294967296,549755813888,504,26828,9978904,523157,11306.73,0.00,0.00,31944.43,40983606.56
SmolLM2-360M,exact-predictor-prefetch,all-q8,4294967296,549755813888,250,26828,9879930,517968,11206.54,0.00,0.00,31642.22,40983606.56
SmolLM2-360M,exact-predictor-prefetch,all-q8,4294967296,549755813888,0,26828,10168703,533107,0.00,0.00,0.00,21025.08,40983606.56
SmolLM2-360M,exact-predictor-prefetch,all-q8,4294967296,549755813888,131,26828,10277031,538787,212017.98,73444.46,94647.46,401356.12,40983606.56
SmolLM2-360M,exact-predictor-prefetch,all-q8,4294967296,549755813888,499,26828,10331949,541666,237309.88,59039.78,95242.05,412950.01,40983606.56
SmolLM2-360M,exact-predictor-prefetch,all-q8,4294967296,549755813888,497,26828,9879629,517952,245337.40,67100.75,96352.01,429225.21,40983606.56
SmolLM2-360M,exact-predictor-prefetch,all-q8,4294967296,549755813888,487,26828,10318672,540970,22375.83,0.00,0.00,43707.04,40983606.56
SmolLM2-360M,exact-predictor-prefetch,all-q8,4294967296,549755813888,283,26828,10196464,534563,0.00,0.00,0.00,21081.76,40983606.56
SmolLM2-360M,exact-predictor-prefetch,all-q8,4294967296,549755813888,338,26828,10186506,534041,217178.08,70239.90,93977.54,402456.95,40983606.56
SmolLM2-360M,exact-predictor-prefetch,all-q8,4294967296,549755813888,28,26828,9883551,518158,221357.29,69124.81,94182.95,405108.13,40983606.56
SmolLM2-360M,exact-predictor-prefetch,all-q8,4294967296,549755813888,484,26828,10104733,529754,0.00,0.00,0.00,20894.54,40983606.56
SmolLM2-360M,exact-predictor-prefetch,all-q8,4294967296,549755813888,289,26828,10144865,531858,210106.92,72824.39,93875.78,397783.54,40983606.56
SmolLM2-360M,exact-predictor-prefetch,all-q8,4294967296,2199023255552,344,53656,11303726,1055842,487358.19,59503.06,99378.11,687615.70,40983606.56
SmolLM2-360M,exact-predictor-prefetch,all-q8,4294967296,2199023255552,492,53656,10971266,1024788,521212.79,49474.79,100111.11,710966.03,40983606.56
SmolLM2-360M,exact-predictor-prefetch,all-q8,4294967296,2199023255552,322,53656,11373016,1062314,476547.29,61226.50,97902.63,677304.75,40983606.56
SmolLM2-360M,exact-predictor-prefetch,all-q8,4294967296,2199023255552,175,53656,11252424,1051050,268502.96,54644.50,99365.83,463703.07,40983606.56
SmolLM2-360M,exact-predictor-prefetch,all-q8,4294967296,2199023255552,5,53656,11010908,1028491,460481.17,69326.52,96811.39,666930.58,40983606.56
SmolLM2-360M,exact-predictor-prefetch,all-q8,4294967296,2199023255552,362,53656,11173140,1043645,317931.96,57300.53,102270.82,518404.80,40983606.56
SmolLM2-360M,exact-predictor-prefetch,all-q8,4294967296,2199023255552,63,53656,10790712,1007923,500044.40,60015.60,101387.59,700958.34,40983606.56
SmolLM2-360M,exact-predictor-prefetch,all-q8,4294967296,2199023255552,265,53656,11070871,1034092,0.00,0.00,0.00,40529.57,40983606.56
SmolLM2-360M,exact-predictor-prefetch,all-q8,4294967296,2199023255552,498,53656,11082197,1035150,22206.90,0.00,0.00,62777.66,40983606.56
SmolLM2-360M,exact-predictor-prefetch,all-q8,4294967296,2199023255552,328,53656,10999582,1027433,21507.44,0.00,0.00,61777.76,40983606.56
SmolLM2-360M,exact-predictor-prefetch,all-q8,4294967296,2199023255552,0,53656,10850675,1013524,0.00,0.00,0.00,39728.81,40983606.56
SmolLM2-360M,exact-predictor-prefetch,all-q8,4294967296,2199023255552,348,53656,11121839,1038853,230813.15,70544.49,99356.87,441429.43,40983606.56
SmolLM2-360M,exact-predictor-prefetch,all-q8,4294967296,2199023255552,29,53656,11047552,1031914,273883.77,58521.10,100930.71,473780.35,40983606.56
SmolLM2-360M,exact-predictor-prefetch,all-q8,4294967296,2199023255552,323,53656,11413324,1066079,295551.98,44840.40,102024.00,484191.28,40983606.56
SmolLM2-360M,exact-predictor-prefetch,all-q8,4294967296,2199023255552,65,53656,10812032,1009915,43942.52,0.00,0.00,83530.83,40983606.56
SmolLM2-360M,exact-predictor-prefetch,all-q8,4294967296,2199023255552,357,53656,11324379,1057771,0.00,0.00,0.00,41451.45,40983606.56
SmolLM2-360M,exact-predictor-prefetch,all-q8,4294967296,2199023255552,223,53656,10801372,1008919,248527.92,60847.32,102081.98,451006.75,40983606.56
SmolLM2-360M,exact-predictor-prefetch,all-q8,4294967296,2199023255552,64,53656,10836684,1012217,252625.92,65188.28,102186.83,459678.95,40983606.56
SmolLM2-360M,exact-predictor-prefetch,all-q8,4294967296,2199023255552,134,53656,10964937,1024197,0.00,0.00,0.00,40144.34,40983606.56
SmolLM2-360M,exact-predictor-prefetch,all-q8,4294967296,2199023255552,363,53656,11373349,1062345,226225.73,68220.10,97010.75,433086.11,40983606.56
SmolLM2-360M,exact-predictor-prefetch,all-q8,8589934592,549755813888,129,26828,10247802,541951,432221.08,67001.80,94055.35,614647.63,40983606.56
SmolLM2-360M,exact-predictor-prefetch,all-q8,8589934592,549755813888,498,26828,10107209,534515,444056.73,68527.16,91467.01,625130.79,40983606.56
SmolLM2-360M,exact-predictor-prefetch,all-q8,8589934592,549755813888,493,26828,9764403,516386,421831.73,73520.54,93628.78,609355.14,40983606.56
SmolLM2-360M,exact-predictor-prefetch,all-q8,8589934592,549755813888,282,26828,10075202,532823,226690.31,62756.49,93759.50,404220.32,40983606.56
SmolLM2-360M,exact-predictor-prefetch,all-q8,8589934592,549755813888,19,26828,9775770,516987,421280.52,71359.85,91274.44,604312.30,40983606.56
SmolLM2-360M,exact-predictor-prefetch,all-q8,8589934592,549755813888,7,26828,10018666,529833,254466.60,61739.10,93814.83,430918.16,40983606.56
SmolLM2-360M,exact-predictor-prefetch,all-q8,8589934592,549755813888,476,26828,10191265,538961,442172.81,62135.83,94349.29,619910.92,40983606.56
SmolLM2-360M,exact-predictor-prefetch,all-q8,8589934592,549755813888,480,26828,9989650,528298,0.00,0.00,0.00,20837.85,40983606.56
SmolLM2-360M,exact-predictor-prefetch,all-q8,8589934592,549755813888,504,26828,9892431,523157,11306.73,0.00,0.00,31944.43,40983606.56
SmolLM2-360M,exact-predictor-prefetch,all-q8,8589934592,549755813888,250,26828,9794316,517968,11206.54,0.00,0.00,31642.22,40983606.56
SmolLM2-360M,exact-predictor-prefetch,all-q8,8589934592,549755813888,0,26828,10080586,533107,0.00,0.00,0.00,21025.08,40983606.56
SmolLM2-360M,exact-predictor-prefetch,all-q8,8589934592,549755813888,131,26828,10187975,538787,210182.21,72710.15,93853.33,397991.91,40983606.56
SmolLM2-360M,exact-predictor-prefetch,all-q8,8589934592,549755813888,499,26828,10242417,541666,235447.02,58355.75,94348.97,409510.03,40983606.56
SmolLM2-360M,exact-predictor-prefetch,all-q8,8589934592,549755813888,497,26828,9794017,517952,243505.94,66324.21,95478.80,425744.01,40983606.56
SmolLM2-360M,exact-predictor-prefetch,all-q8,8589934592,549755813888,487,26828,10229255,540970,22375.83,0.00,0.00,43707.04,40983606.56
SmolLM2-360M,exact-predictor-prefetch,all-q8,8589934592,549755813888,283,26828,10108106,534563,0.00,0.00,0.00,21081.76,40983606.56
SmolLM2-360M,exact-predictor-prefetch,all-q8,8589934592,549755813888,338,26828,10098235,534041,215394.46,69476.63,93084.45,399016.98,40983606.56
SmolLM2-360M,exact-predictor-prefetch,all-q8,8589934592,549755813888,28,26828,9797905,518158,219538.08,68373.94,93386.44,401741.54,40983606.56
SmolLM2-360M,exact-predictor-prefetch,all-q8,8589934592,549755813888,484,26828,10017170,529754,0.00,0.00,0.00,20894.54,40983606.56
SmolLM2-360M,exact-predictor-prefetch,all-q8,8589934592,549755813888,289,26828,10056955,531858,208287.71,72096.71,93023.03,394383.89,40983606.56
SmolLM2-360M,exact-predictor-prefetch,safe-mixed,67108864,549755813888,129,26828,10897247,7027448,725687.58,0.00,0.00,999552.24,40983606.56
SmolLM2-360M,exact-predictor-prefetch,safe-mixed,67108864,549755813888,498,26828,10747745,6931036,806039.04,0.00,0.00,1076150.16,40983606.56
SmolLM2-360M,exact-predictor-prefetch,safe-mixed,67108864,549755813888,493,26828,10383213,6695956,655170.31,0.00,0.00,916129.22,40983606.56
SmolLM2-360M,exact-predictor-prefetch,safe-mixed,67108864,549755813888,282,26828,10713709,6909087,446459.58,0.00,0.00,715716.17,40983606.56
SmolLM2-360M,exact-predictor-prefetch,safe-mixed,67108864,549755813888,19,26828,10395300,6703751,649339.46,0.00,0.00,910601.85,40983606.56
SmolLM2-360M,exact-predictor-prefetch,safe-mixed,67108864,549755813888,7,26828,10653590,6870317,585179.00,0.00,0.00,852926.19,40983606.56
SmolLM2-360M,exact-predictor-prefetch,safe-mixed,67108864,549755813888,476,26828,10837128,6988678,789170.94,0.00,0.00,1061526.19,40983606.56
SmolLM2-360M,exact-predictor-prefetch,safe-mixed,67108864,549755813888,480,26828,10622735,6850420,0.00,0.00,0.00,266972.55,40983606.56
SmolLM2-360M,exact-predictor-prefetch,safe-mixed,67108864,549755813888,504,26828,10519356,6783752,144579.42,0.00,0.00,408956.43,40983606.56
SmolLM2-360M,exact-predictor-prefetch,safe-mixed,67108864,549755813888,250,26828,10415022,6716469,143280.25,0.00,0.00,405037.78,40983606.56
SmolLM2-360M,exact-predictor-prefetch,safe-mixed,67108864,549755813888,0,26828,10719435,6912779,0.00,0.00,0.00,269400.33,40983606.56
SmolLM2-360M,exact-predictor-prefetch,safe-mixed,67108864,549755813888,131,26828,10833629,6986422,286077.58,0.00,0.00,558345.00,40983606.56
SmolLM2-360M,exact-predictor-prefetch,safe-mixed,67108864,549755813888,499,26828,10891522,7023755,507947.85,0.00,0.00,781668.73,40983606.56
SmolLM2-360M,exact-predictor-prefetch,safe-mixed,67108864,549755813888,497,26828,10414704,6716264,509247.29,0.00,16.37,771013.21,40983606.56
SmolLM2-360M,exact-predictor-prefetch,safe-mixed,67108864,549755813888,487,26828,10877526,7014730,222086.65,0.00,0.00,495456.16,40983606.56
SmolLM2-360M,exact-predictor-prefetch,safe-mixed,67108864,549755813888,283,26828,10748699,6931652,0.00,0.00,0.00,270135.10,40983606.56
SmolLM2-360M,exact-predictor-prefetch,safe-mixed,67108864,549755813888,338,26828,10738202,6924882,363509.48,0.00,0.00,633381.00,40983606.56
SmolLM2-360M,exact-predictor-prefetch,safe-mixed,67108864,549755813888,28,26828,10418839,6718931,368396.85,0.00,0.00,630250.24,40983606.56
SmolLM2-360M,exact-predictor-prefetch,safe-mixed,67108864,549755813888,484,26828,10651999,6869292,0.00,0.00,0.00,267707.28,40983606.56
SmolLM2-360M,exact-predictor-prefetch,safe-mixed,67108864,549755813888,289,26828,10694305,6896574,224101.23,0.00,0.00,492870.66,40983606.56
SmolLM2-360M,exact-predictor-prefetch,all-q8,8589934592,1099511627776,344,53656,11201690,1055842,483158.04,58729.85,98425.96,681690.20,40983606.56
SmolLM2-360M,exact-predictor-prefetch,all-q8,8589934592,1099511627776,492,53656,10872232,1024788,517094.69,48643.76,99021.75,704927.54,40983606.56
SmolLM2-360M,exact-predictor-prefetch,all-q8,8589934592,1099511627776,322,53656,11270355,1062314,472440.83,60359.61,96950.48,671379.24,40983606.56
SmolLM2-360M,exact-predictor-prefetch,all-q8,8589934592,1099511627776,175,53656,11150852,1051050,266469.71,53760.06,98388.93,459808.48,40983606.56
SmolLM2-360M,exact-predictor-prefetch,all-q8,8589934592,1099511627776,5,53656,10911516,1028491,456327.62,68506.70,95859.24,661005.08,40983606.56
SmolLM2-360M,exact-predictor-prefetch,all-q8,8589934592,1099511627776,362,53656,11072284,1043645,315850.02,56388.10,101268.24,514407.86,40983606.56
SmolLM2-360M,exact-predictor-prefetch,all-q8,8589934592,1099511627776,63,53656,10693308,1007923,495926.29,59087.12,100395.68,694919.85,40983606.56
SmolLM2-360M,exact-predictor-prefetch,all-q8,8589934592,1099511627776,265,53656,10970938,1034092,0.00,0.00,0.00,40529.57,40983606.56
SmolLM2-360M,exact-predictor-prefetch,all-q8,8589934592,1099511627776,498,53656,10982162,1035150,22206.90,0.00,0.00,62777.66,40983606.56
SmolLM2-360M,exact-predictor-prefetch,all-q8,8589934592,1099511627776,328,53656,10900292,1027433,21507.44,0.00,0.00,61777.76,40983606.56
SmolLM2-360M,exact-predictor-prefetch,all-q8,8589934592,1099511627776,0,53656,10752729,1013524,0.00,0.00,0.00,39728.81,40983606.56
SmolLM2-360M,exact-predictor-prefetch,all-q8,8589934592,1099511627776,348,53656,11021446,1038853,228731.21,69711.71,98380.96,437538.81,40983606.56
SmolLM2-360M,exact-predictor-prefetch,all-q8,8589934592,1099511627776,29,53656,10947829,1031914,271801.83,57685.35,99953.80,469885.76,40983606.56
SmolLM2-360M,exact-predictor-prefetch,all-q8,8589934592,1099511627776,323,53656,11310299,1066079,293470.04,44004.65,101047.10,480296.69,40983606.56
SmolLM2-360M,exact-predictor-prefetch,all-q8,8589934592,1099511627776,65,53656,10714436,1009915,43942.52,0.00,0.00,83530.83,40983606.56
SmolLM2-360M,exact-predictor-prefetch,all-q8,8589934592,1099511627776,357,53656,11222158,1057771,0.00,0.00,0.00,41451.45,40983606.56
SmolLM2-360M,exact-predictor-prefetch,all-q8,8589934592,1099511627776,223,53656,10703872,1008919,246487.38,59906.42,101083.73,447027.05,40983606.56
SmolLM2-360M,exact-predictor-prefetch,all-q8,8589934592,1099511627776,64,53656,10738864,1012217,250543.98,64288.77,101302.69,455813.36,40983606.56
SmolLM2-360M,exact-predictor-prefetch,all-q8,8589934592,1099511627776,134,53656,10865960,1024197,0.00,0.00,0.00,40144.34,40983606.56
SmolLM2-360M,exact-predictor-prefetch,all-q8,8589934592,1099511627776,363,53656,11270685,1062345,224185.19,67403.89,96054.24,429272.84,40983606.56
SmolLM2-360M,exact-predictor-prefetch,all-q8,8589934592,2199023255552,344,53656,11201690,1055842,483158.04,58729.85,98425.96,681690.20,40983606.56
SmolLM2-360M,exact-predictor-prefetch,all-q8,8589934592,2199023255552,492,53656,10872232,1024788,517094.69,48643.76,99021.75,704927.54,40983606.56
SmolLM2-360M,exact-predictor-prefetch,all-q8,8589934592,2199023255552,322,53656,11270355,1062314,472440.83,60359.61,96950.48,671379.24,40983606.56
SmolLM2-360M,exact-predictor-prefetch,all-q8,8589934592,2199023255552,175,53656,11150852,1051050,266469.71,53760.06,98388.93,459808.48,40983606.56
SmolLM2-360M,exact-predictor-prefetch,all-q8,8589934592,2199023255552,5,53656,10911516,1028491,456327.62,68506.70,95859.24,661005.08,40983606.56
SmolLM2-360M,exact-predictor-prefetch,all-q8,8589934592,2199023255552,362,53656,11072284,1043645,315850.02,56388.10,101268.24,514407.86,40983606.56
SmolLM2-360M,exact-predictor-prefetch,all-q8,8589934592,2199023255552,63,53656,10693308,1007923,495926.29,59087.12,100395.68,694919.85,40983606.56
SmolLM2-360M,exact-predictor-prefetch,all-q8,8589934592,2199023255552,265,53656,10970938,1034092,0.00,0.00,0.00,40529.57,40983606.56
SmolLM2-360M,exact-predictor-prefetch,all-q8,8589934592,2199023255552,498,53656,10982162,1035150,22206.90,0.00,0.00,62777.66,40983606.56
SmolLM2-360M,exact-predictor-prefetch,all-q8,8589934592,2199023255552,328,53656,10900292,1027433,21507.44,0.00,0.00,61777.76,40983606.56
SmolLM2-360M,exact-predictor-prefetch,all-q8,8589934592,2199023255552,0,53656,10752729,1013524,0.00,0.00,0.00,39728.81,40983606.56
SmolLM2-360M,exact-predictor-prefetch,all-q8,8589934592,2199023255552,348,53656,11021446,1038853,228731.21,69711.71,98380.96,437538.81,40983606.56
SmolLM2-360M,exact-predictor-prefetch,all-q8,8589934592,2199023255552,29,53656,10947829,1031914,271801.83,57685.35,99953.80,469885.76,40983606.56
SmolLM2-360M,exact-predictor-prefetch,all-q8,8589934592,2199023255552,323,53656,11310299,1066079,293470.04,44004.65,101047.10,480296.69,40983606.56
SmolLM2-360M,exact-predictor-prefetch,all-q8,8589934592,2199023255552,65,53656,10714436,1009915,43942.52,0.00,0.00,83530.83,40983606.56
SmolLM2-360M,exact-predictor-prefetch,all-q8,8589934592,2199023255552,357,53656,11222158,1057771,0.00,0.00,0.00,41451.45,40983606.56
SmolLM2-360M,exact-predictor-prefetch,all-q8,8589934592,2199023255552,223,53656,10703872,1008919,246487.38,59906.42,101083.73,447027.05,40983606.56
SmolLM2-360M,exact-predictor-prefetch,all-q8,8589934592,2199023255552,64,53656,10738864,1012217,250543.98,64288.77,101302.69,455813.36,40983606.56
SmolLM2-360M,exact-predictor-prefetch,all-q8,8589934592,2199023255552,134,53656,10865960,1024197,0.00,0.00,0.00,40144.34,40983606.56
SmolLM2-360M,exact-predictor-prefetch,all-q8,8589934592,2199023255552,363,53656,11270685,1062345,224185.19,67403.89,96054.24,429272.84,40983606.56
SmolLM2-360M,exact-predictor-prefetch,safe-mixed,67108864,1099511627776,344,53656,11902628,7905510,805618.40,0.00,0.00,1113668.02,40983606.56
SmolLM2-360M,exact-predictor-prefetch,safe-mixed,67108864,1099511627776,492,53656,11552554,7672997,894865.90,0.00,0.00,1193863.25,40983606.56
SmolLM2-360M,exact-predictor-prefetch,safe-mixed,67108864,1099511627776,322,53656,11975589,7953969,735223.71,0.00,0.00,1045159.95,40983606.56
SmolLM2-360M,exact-predictor-prefetch,safe-mixed,67108864,1099511627776,175,53656,11848609,7869631,489027.42,0.00,0.00,795680.19,40983606.56
SmolLM2-360M,exact-predictor-prefetch,safe-mixed,67108864,1099511627776,5,53656,11594296,7700721,718420.75,0.00,0.00,1018497.47,40983606.56
SmolLM2-360M,exact-predictor-prefetch,safe-mixed,67108864,1099511627776,362,53656,11765124,7814182,642652.94,0.00,0.00,947146.95,40983606.56
SmolLM2-360M,exact-predictor-prefetch,safe-mixed,67108864,1099511627776,63,53656,11362434,7546723,879022.44,0.00,0.00,1173103.66,40983606.56
SmolLM2-360M,exact-predictor-prefetch,safe-mixed,67108864,1099511627776,265,53656,11657436,7742658,0.00,0.00,0.00,301709.42,40983606.56
SmolLM2-360M,exact-predictor-prefetch,safe-mixed,67108864,1099511627776,498,53656,11669362,7750579,165169.04,0.00,0.00,467186.84,40983606.56
SmolLM2-360M,exact-predictor-prefetch,safe-mixed,67108864,1099511627776,328,53656,11582370,7692800,159931.88,0.00,0.00,459700.21,40983606.56
SmolLM2-360M,exact-predictor-prefetch,safe-mixed,67108864,1099511627776,0,53656,11425573,7588659,0.00,0.00,0.00,295713.89,40983606.56
SmolLM2-360M,exact-predictor-prefetch,safe-mixed,67108864,1099511627776,348,53656,11711105,7778303,326809.44,0.00,0.00,629906.60,40983606.56
SmolLM2-360M,exact-predictor-prefetch,safe-mixed,67108864,1099511627776,29,53656,11632882,7726349,557285.15,0.00,0.00,858359.62,40983606.56
SmolLM2-360M,exact-predictor-prefetch,safe-mixed,67108864,1099511627776,323,53656,12018033,7982160,572540.25,0.00,0.00,883574.03,40983606.56
SmolLM2-360M,exact-predictor-prefetch,safe-mixed,67108864,1099511627776,65,53656,11384883,7561633,240709.35,0.00,0.00,535371.06,40983606.56
SmolLM2-360M,exact-predictor-prefetch,safe-mixed,67108864,1099511627776,357,53656,11924376,7919954,0.00,0.00,0.00,308611.96,40983606.56
SmolLM2-360M,exact-predictor-prefetch,safe-mixed,67108864,1099511627776,223,53656,11373659,7554178,399736.44,0.00,0.00,694107.90,40983606.56
SmolLM2-360M,exact-predictor-prefetch,safe-mixed,67108864,1099511627776,64,53656,11410841,7578874,414477.04,0.00,0.00,709809.97,40983606.56
SmolLM2-360M,exact-predictor-prefetch,safe-mixed,67108864,1099511627776,134,53656,11545889,7668570,0.00,0.00,0.00,298825.00,40983606.56
SmolLM2-360M,exact-predictor-prefetch,safe-mixed,67108864,1099511627776,363,53656,11975940,7954202,248594.50,0.00,0.00,558539.81,40983606.56
SmolLM2-360M,exact-predictor-prefetch,safe-mixed,67108864,2199023255552,344,53656,11902628,7905510,805618.40,0.00,0.00,1113668.02,40983606.56
SmolLM2-360M,exact-predictor-prefetch,safe-mixed,67108864,2199023255552,492,53656,11552554,7672997,894865.90,0.00,0.00,1193863.25,40983606.56
SmolLM2-360M,exact-predictor-prefetch,safe-mixed,67108864,2199023255552,322,53656,11975589,7953969,735223.71,0.00,0.00,1045159.95,40983606.56
SmolLM2-360M,exact-predictor-prefetch,safe-mixed,67108864,2199023255552,175,53656,11848609,7869631,489027.42,0.00,0.00,795680.19,40983606.56
SmolLM2-360M,exact-predictor-prefetch,safe-mixed,67108864,2199023255552,5,53656,11594296,7700721,718420.75,0.00,0.00,1018497.47,40983606.56
SmolLM2-360M,exact-predictor-prefetch,safe-mixed,67108864,2199023255552,362,53656,11765124,7814182,642652.94,0.00,0.00,947146.95,40983606.56
SmolLM2-360M,exact-predictor-prefetch,safe-mixed,67108864,2199023255552,63,53656,11362434,7546723,879022.44,0.00,0.00,1173103.66,40983606.56
SmolLM2-360M,exact-predictor-prefetch,safe-mixed,67108864,2199023255552,265,53656,11657436,7742658,0.00,0.00,0.00,301709.42,40983606.56
SmolLM2-360M,exact-predictor-prefetch,safe-mixed,67108864,2199023255552,498,53656,11669362,7750579,165169.04,0.00,0.00,467186.84,40983606.56
SmolLM2-360M,exact-predictor-prefetch,safe-mixed,67108864,2199023255552,328,53656,11582370,7692800,159931.88,0.00,0.00,459700.21,40983606.56
SmolLM2-360M,exact-predictor-prefetch,safe-mixed,67108864,2199023255552,0,53656,11425573,7588659,0.00,0.00,0.00,295713.89,40983606.56
SmolLM2-360M,exact-predictor-prefetch,safe-mixed,67108864,2199023255552,348,53656,11711105,7778303,326809.44,0.00,0.00,629906.60,40983606.56
SmolLM2-360M,exact-predictor-prefetch,safe-mixed,67108864,2199023255552,29,53656,11632882,7726349,557285.15,0.00,0.00,858359.62,40983606.56
SmolLM2-360M,exact-predictor-prefetch,safe-mixed,67108864,2199023255552,323,53656,12018033,7982160,572540.25,0.00,0.00,883574.03,40983606.56
SmolLM2-360M,exact-predictor-prefetch,safe-mixed,67108864,2199023255552,65,53656,11384883,7561633,240709.35,0.00,0.00,535371.06,40983606.56
SmolLM2-360M,exact-predictor-prefetch,safe-mixed,67108864,2199023255552,357,53656,11924376,7919954,0.00,0.00,0.00,308611.96,40983606.56
SmolLM2-360M,exact-predictor-prefetch,safe-mixed,67108864,2199023255552,223,53656,11373659,7554178,399736.44,0.00,0.00,694107.90,40983606.56
SmolLM2-360M,exact-predictor-prefetch,safe-mixed,67108864,2199023255552,64,53656,11410841,7578874,414477.04,0.00,0.00,709809.97,40983606.56
SmolLM2-360M,exact-predictor-prefetch,safe-mixed,67108864,2199023255552,134,53656,11545889,7668570,0.00,0.00,0.00,298825.00,40983606.56
SmolLM2-360M,exact-predictor-prefetch,safe-mixed,67108864,2199023255552,363,53656,11975940,7954202,248594.50,0.00,0.00,558539.81,40983606.56
SmolLM2-360M,exact-predictor-prefetch,safe-mixed,268435456,549755813888,129,26828,10892768,636008,460583.12,69263.17,101121.58,655999.13,40983606.56
SmolLM2-360M,exact-predictor-prefetch,safe-mixed,268435456,549755813888,498,26828,10743327,627283,474381.33,72858.23,96370.56,668301.69,40983606.56
SmolLM2-360M,exact-predictor-prefetch,safe-mixed,268435456,549755813888,493,26828,10378945,606007,449577.06,75744.20,100603.61,649788.11,40983606.56
SmolLM2-360M,exact-predictor-prefetch,safe-mixed,268435456,549755813888,282,26828,10709305,625296,243373.62,64025.89,98883.46,430897.18,40983606.56
SmolLM2-360M,exact-predictor-prefetch,safe-mixed,268435456,549755813888,19,26828,10391028,606713,447773.27,75881.91,96548.72,644094.63,40983606.56
SmolLM2-360M,exact-predictor-prefetch,safe-mixed,268435456,549755813888,7,26828,10649211,621787,275306.31,63225.25,99112.09,462121.25,40983606.56
SmolLM2-360M,exact-predictor-prefetch,safe-mixed,268435456,549755813888,476,26828,10832674,632499,473624.44,62395.81,101260.99,662175.88,40983606.56
SmolLM2-360M,exact-predictor-prefetch,safe-mixed,268435456,549755813888,480,26828,10618369,619987,0.00,0.00,0.00,24407.51,40983606.56
SmolLM2-360M,exact-predictor-prefetch,safe-mixed,268435456,549755813888,504,26828,10515032,613953,13239.54,0.00,0.00,37412.14,40983606.56
SmolLM2-360M,exact-predictor-prefetch,safe-mixed,268435456,549755813888,250,26828,10410741,607864,13121.98,0.00,0.00,37057.52,40983606.56
SmolLM2-360M,exact-predictor-prefetch,safe-mixed,268435456,549755813888,0,26828,10715029,625630,0.00,0.00,0.00,24627.21,40983606.56
SmolLM2-360M,exact-predictor-prefetch,safe-mixed,268435456,549755813888,131,26828,10829176,632295,223399.77,76049.10,99269.83,423605.39,40983606.56
SmolLM2-360M,exact-predictor-prefetch,safe-mixed,268435456,549755813888,499,26828,10887045,635674,252647.79,59846.31,99592.58,437104.93,40983606.56
SmolLM2-360M,exact-predictor-prefetch,safe-mixed,268435456,549755813888,497,26828,10410423,607845,262472.88,68050.27,101016.80,455474.75,40983606.56
SmolLM2-360M,exact-predictor-prefetch,safe-mixed,268435456,549755813888,487,26828,10873055,634857,26200.23,0.00,0.00,51186.67,40983606.56
SmolLM2-360M,exact-predictor-prefetch,safe-mixed,268435456,549755813888,283,26828,10744281,627338,0.00,0.00,0.00,24693.71,40983606.56
SmolLM2-360M,exact-predictor-prefetch,safe-mixed,268435456,549755813888,338,26828,10733788,626726,230146.83,71900.17,98073.89,424790.77,40983606.56
SmolLM2-360M,exact-predictor-prefetch,safe-mixed,268435456,549755813888,28,26828,10414557,608086,234559.44,70762.91,99520.06,428786.59,40983606.56
SmolLM2-360M,exact-predictor-prefetch,safe-mixed,268435456,549755813888,484,26828,10647621,621695,0.00,0.00,0.00,24474.01,40983606.56
SmolLM2-360M,exact-predictor-prefetch,safe-mixed,268435456,549755813888,289,26828,10689910,624164,221386.02,75412.99,98393.64,419762.79,40983606.56
SmolLM2-360M,exact-predictor-prefetch,safe-mixed,268435456,1099511627776,344,53656,11880446,1055842,511098.23,63873.48,104759.86,721107.92,40983606.56
SmolLM2-360M,exact-predictor-prefetch,safe-mixed,268435456,1099511627776,492,53656,11531025,1024788,544488.98,54171.88,106268.56,745096.76,40983606.56
SmolLM2-360M,exact-predictor-prefetch,safe-mixed,268435456,1099511627776,322,53656,11953272,1062314,499757.60,66126.66,103284.38,710796.96,40983606.56
SmolLM2-360M,exact-predictor-prefetch,safe-mixed,268435456,1099511627776,175,53656,11826528,1051050,279995.35,59643.46,104887.49,485716.09,40983606.56
SmolLM2-360M,exact-predictor-prefetch,safe-mixed,268435456,1099511627776,5,53656,11572689,1028491,483957.77,73960.38,102193.14,700422.80,40983606.56
SmolLM2-360M,exact-predictor-prefetch,safe-mixed,268435456,1099511627776,362,53656,11743199,1043645,329699.46,62457.66,107937.55,540996.16,40983606.56
SmolLM2-360M,exact-predictor-prefetch,safe-mixed,268435456,1099511627776,63,53656,11341259,1007923,523320.58,65263.65,106994.08,735089.06,40983606.56
SmolLM2-360M,exact-predictor-prefetch,safe-mixed,268435456,1099511627776,265,53656,11635711,1034092,0.00,0.00,0.00,40529.57,40983606.56
SmolLM2-360M,exact-predictor-prefetch,safe-mixed,268435456,1099511627776,498,53656,11647615,1035150,22206.90,0.00,0.00,62777.66,40983606.56
SmolLM2-360M,exact-predictor-prefetch,safe-mixed,268435456,1099511627776,328,53656,11560785,1027433,21507.44,0.00,0.00,61777.76,40983606.56
SmolLM2-360M,exact-predictor-prefetch,safe-mixed,268435456,1099511627776,0,53656,11404281,1013524,0.00,0.00,0.00,39728.81,40983606.56
SmolLM2-360M,exact-predictor-prefetch,safe-mixed,268435456,1099511627776,348,53656,11689280,1038853,242580.65,75251.49,104872.88,463419.94,40983606.56
SmolLM2-360M,exact-predictor-prefetch,safe-mixed,268435456,1099511627776,29,53656,11611203,1031914,285651.27,63244.96,106452.37,495793.37,40983606.56
SmolLM2-360M,exact-predictor-prefetch,safe-mixed,268435456,1099511627776,323,53656,11995636,1066079,307319.48,49564.26,107545.66,506204.30,40983606.56
SmolLM2-360M,exact-predictor-prefetch,safe-mixed,268435456,1099511627776,65,53656,11363667,1009915,43942.52,0.00,0.00,83530.83,40983606.56
SmolLM2-360M,exact-predictor-prefetch,safe-mixed,268435456,1099511627776,357,53656,11902154,1057771,0.00,0.00,0.00,41451.45,40983606.56
SmolLM2-360M,exact-predictor-prefetch,safe-mixed,268435456,1099511627776,223,53656,11352463,1008919,260061.38,66165.64,107496.13,473272.67,40983606.56
SmolLM2-360M,exact-predictor-prefetch,safe-mixed,268435456,1099511627776,64,53656,11389576,1012217,264393.42,70272.55,107183.98,481527.87,40983606.56
SmolLM2-360M,exact-predictor-prefetch,safe-mixed,268435456,1099511627776,134,53656,11524373,1024197,0.00,0.00,0.00,40144.34,40983606.56
SmolLM2-360M,exact-predictor-prefetch,safe-mixed,268435456,1099511627776,363,53656,11953622,1062345,237759.19,72833.49,102417.06,454639.26,40983606.56
SmolLM2-360M,exact-predictor-prefetch,safe-mixed,268435456,2199023255552,344,53656,11880446,1055842,511098.23,63873.48,104759.86,721107.92,40983606.56
SmolLM2-360M,exact-predictor-prefetch,safe-mixed,268435456,2199023255552,492,53656,11531025,1024788,544488.98,54171.88,106268.56,745096.76,40983606.56
SmolLM2-360M,exact-predictor-prefetch,safe-mixed,268435456,2199023255552,322,53656,11953272,1062314,499757.60,66126.66,103284.38,710796.96,40983606.56
SmolLM2-360M,exact-predictor-prefetch,safe-mixed,268435456,2199023255552,175,53656,11826528,1051050,279995.35,59643.46,104887.49,485716.09,40983606.56
SmolLM2-360M,exact-predictor-prefetch,safe-mixed,268435456,2199023255552,5,53656,11572689,1028491,483957.77,73960.38,102193.14,700422.80,40983606.56
SmolLM2-360M,exact-predictor-prefetch,safe-mixed,268435456,2199023255552,362,53656,11743199,1043645,329699.46,62457.66,107937.55,540996.16,40983606.56
SmolLM2-360M,exact-predictor-prefetch,safe-mixed,268435456,2199023255552,63,53656,11341259,1007923,523320.58,65263.65,106994.08,735089.06,40983606.56
SmolLM2-360M,exact-predictor-prefetch,safe-mixed,268435456,2199023255552,265,53656,11635711,1034092,0.00,0.00,0.00,40529.57,40983606.56
SmolLM2-360M,exact-predictor-prefetch,safe-mixed,268435456,2199023255552,498,53656,11647615,1035150,22206.90,0.00,0.00,62777.66,40983606.56
SmolLM2-360M,exact-predictor-prefetch,safe-mixed,268435456,2199023255552,328,53656,11560785,1027433,21507.44,0.00,0.00,61777.76,40983606.56
SmolLM2-360M,exact-predictor-prefetch,safe-mixed,268435456,2199023255552,0,53656,11404281,1013524,0.00,0.00,0.00,39728.81,40983606.56
SmolLM2-360M,exact-predictor-prefetch,safe-mixed,268435456,2199023255552,348,53656,11689280,1038853,242580.65,75251.49,104872.88,463419.94,40983606.56
SmolLM2-360M,exact-predictor-prefetch,safe-mixed,268435456,2199023255552,29,53656,11611203,1031914,285651.27,63244.96,106452.37,495793.37,40983606.56
SmolLM2-360M,exact-predictor-prefetch,safe-mixed,268435456,2199023255552,323,53656,11995636,1066079,307319.48,49564.26,107545.66,506204.30,40983606.56
SmolLM2-360M,exact-predictor-prefetch,safe-mixed,268435456,2199023255552,65,53656,11363667,1009915,43942.52,0.00,0.00,83530.83,40983606.56
SmolLM2-360M,exact-predictor-prefetch,safe-mixed,268435456,2199023255552,357,53656,11902154,1057771,0.00,0.00,0.00,41451.45,40983606.56
SmolLM2-360M,exact-predictor-prefetch,safe-mixed,268435456,2199023255552,223,53656,11352463,1008919,260061.38,66165.64,107496.13,473272.67,40983606.56
SmolLM2-360M,exact-predictor-prefetch,safe-mixed,268435456,2199023255552,64,53656,11389576,1012217,264393.42,70272.55,107183.98,481527.87,40983606.56
SmolLM2-360M,exact-predictor-prefetch,safe-mixed,268435456,2199023255552,134,53656,11524373,1024197,0.00,0.00,0.00,40144.34,40983606.56
SmolLM2-360M,exact-predictor-prefetch,safe-mixed,268435456,2199023255552,363,53656,11953622,1062345,237759.19,72833.49,102417.06,454639.26,40983606.56
SmolLM2-360M,exact-predictor-prefetch,safe-mixed,1073741824,549755813888,129,26828,10803190,541951,455004.27,71633.06,99221.37,647228.09,40983606.56
SmolLM2-360M,exact-predictor-prefetch,safe-mixed,1073741824,549755813888,498,26828,10654977,534515,466900.33,72223.61,97507.42,657711.26,40983606.56
SmolLM2-360M,exact-predictor-prefetch,safe-mixed,1073741824,549755813888,493,26828,10293592,516386,444120.00,78646.72,98794.79,641935.60,40983606.56
SmolLM2-360M,exact-predictor-prefetch,safe-mixed,1073741824,549755813888,282,26828,10621236,532823,237748.88,67488.68,99296.53,425548.10,40983606.56
SmolLM2-360M,exact-predictor-prefetch,safe-mixed,1073741824,549755813888,19,26828,10305575,516987,444063.71,75233.70,96460.05,636154.94,40983606.56
SmolLM2-360M,exact-predictor-prefetch,safe-mixed,1073741824,549755813888,7,26828,10561635,529833,265821.69,66281.14,99501.12,452501.56,40983606.56
SmolLM2-360M,exact-predictor-prefetch,safe-mixed,1073741824,549755813888,476,26828,10743589,538961,464289.58,67326.84,99621.97,652491.38,40983606.56
SmolLM2-360M,exact-predictor-prefetch,safe-mixed,1073741824,549755813888,480,26828,10531047,528298,0.00,0.00,0.00,20837.85,40983606.56
SmolLM2-360M,exact-predictor-prefetch,safe-mixed,1073741824,549755813888,504,26828,10428560,523157,11306.73,0.00,0.00,31944.43,40983606.56
SmolLM2-360M,exact-predictor-prefetch,safe-mixed,1073741824,549755813888,250,26828,10325127,517968,11206.54,0.00,0.00,31642.22,40983606.56
SmolLM2-360M,exact-predictor-prefetch,safe-mixed,1073741824,549755813888,0,26828,10626912,533107,0.00,0.00,0.00,21025.08,40983606.56
SmolLM2-360M,exact-predictor-prefetch,safe-mixed,1073741824,549755813888,131,26828,10740121,538787,221564.00,77262.87,98615.57,418688.66,40983606.56
SmolLM2-360M,exact-predictor-prefetch,safe-mixed,1073741824,549755813888,499,26828,10797513,541666,246996.67,62596.85,99885.99,430837.80,40983606.56
SmolLM2-360M,exact-predictor-prefetch,safe-mixed,1073741824,549755813888,497,26828,10324811,517952,254861.02,71138.63,100892.70,447327.41,40983606.56
SmolLM2-360M,exact-predictor-prefetch,safe-mixed,1073741824,549755813888,487,26828,10783638,540970,22375.83,0.00,0.00,43707.04,40983606.56
SmolLM2-360M,exact-predictor-prefetch,safe-mixed,1073741824,549755813888,283,26828,10655923,534563,0.00,0.00,0.00,21081.76,40983606.56
SmolLM2-360M,exact-predictor-prefetch,safe-mixed,1073741824,549755813888,338,26828,10645517,534041,226453.02,74208.81,98621.47,420344.75,40983606.56
SmolLM2-360M,exact-predictor-prefetch,safe-mixed,1073741824,549755813888,28,26828,10328911,518158,230817.19,73029.35,98324.66,422614.27,40983606.56
SmolLM2-360M,exact-predictor-prefetch,safe-mixed,1073741824,549755813888,484,26828,10560059,529754,0.00,0.00,0.00,20894.54,40983606.56
SmolLM2-360M,exact-predictor-prefetch,safe-mixed,1073741824,549755813888,289,26828,10601999,531858,219566.81,76608.35,98310.11,415461.72,40983606.56
SmolLM2-360M,exact-predictor-prefetch,safe-mixed,1073741824,1099511627776,344,53656,11765102,1055842,506350.23,62999.40,103683.51,714409.48,40983606.56
SmolLM2-360M,exact-predictor-prefetch,safe-mixed,1073741824,1099511627776,492,53656,11419073,1024788,539833.75,53232.46,105037.06,738270.62,40983606.56
SmolLM2-360M,exact-predictor-prefetch,safe-mixed,1073741824,1099511627776,322,53656,11837221,1062314,495115.54,65146.63,102208.03,704098.52,40983606.56
SmolLM2-360M,exact-predictor-prefetch,safe-mixed,1073741824,1099511627776,175,53656,11711707,1051050,277696.88,58643.68,103783.16,481313.51,40983606.56
SmolLM2-360M,exact-predictor-prefetch,safe-mixed,1073741824,1099511627776,5,53656,11460333,1028491,479262.46,73033.60,101116.79,693724.36,40983606.56
SmolLM2-360M,exact-predictor-prefetch,safe-mixed,1073741824,1099511627776,362,53656,11629187,1043645,327345.96,61426.22,106804.20,536477.87,40983606.56
SmolLM2-360M,exact-predictor-prefetch,safe-mixed,1073741824,1099511627776,63,53656,11231150,1007923,518665.35,64214.04,105872.78,728262.92,40983606.56
SmolLM2-360M,exact-predictor-prefetch,safe-mixed,1073741824,1099511627776,265,53656,11522743,1034092,0.00,0.00,0.00,40529.57,40983606.56
SmolLM2-360M,exact-predictor-prefetch,safe-mixed,1073741824,1099511627776,498,53656,11534532,1035150,22206.90,0.00,0.00,62777.66,40983606.56
SmolLM2-360M,exact-predictor-prefetch,safe-mixed,1073741824,1099511627776,328,53656,11448545,1027433,21507.44,0.00,0.00,61777.76,40983606.56
SmolLM2-360M,exact-predictor-prefetch,safe-mixed,1073741824,1099511627776,0,53656,11293560,1013524,0.00,0.00,0.00,39728.81,40983606.56
SmolLM2-360M,exact-predictor-prefetch,safe-mixed,1073741824,1099511627776,348,53656,11575792,1038853,240227.15,74310.09,103769.68,459021.84,40983606.56
SmolLM2-360M,exact-predictor-prefetch,safe-mixed,1073741824,1099511627776,29,53656,11498473,1031914,283297.77,62300.20,105348.04,491390.79,40983606.56
SmolLM2-360M,exact-predictor-prefetch,safe-mixed,1073741824,1099511627776,323,53656,11879174,1066079,304965.98,48619.51,106441.33,501801.72,40983606.56
SmolLM2-360M,exact-predictor-prefetch,safe-mixed,1073741824,1099511627776,65,53656,11253340,1009915,43942.52,0.00,0.00,83530.83,40983606.56
SmolLM2-360M,exact-predictor-prefetch,safe-mixed,1073741824,1099511627776,357,53656,11786599,1057771,0.00,0.00,0.00,41451.45,40983606.56
SmolLM2-360M,exact-predictor-prefetch,safe-mixed,1073741824,1099511627776,223,53656,11242245,1008919,257754.69,65101.97,106468.38,468874.56,40983606.56
SmolLM2-360M,exact-predictor-prefetch,safe-mixed,1073741824,1099511627776,64,53656,11278997,1012217,262039.92,69255.69,106184.57,477158.11,40983606.56
SmolLM2-360M,exact-predictor-prefetch,safe-mixed,1073741824,1099511627776,134,53656,11412486,1024197,0.00,0.00,0.00,40144.34,40983606.56
SmolLM2-360M,exact-predictor-prefetch,safe-mixed,1073741824,1099511627776,363,53656,11837567,1062345,235452.50,71910.81,101335.80,450328.63,40983606.56
SmolLM2-360M,exact-predictor-prefetch,safe-mixed,1073741824,2199023255552,344,53656,11765102,1055842,506350.23,62999.40,103683.51,714409.48,40983606.56
SmolLM2-360M,exact-predictor-prefetch,safe-mixed,1073741824,2199023255552,492,53656,11419073,1024788,539833.75,53232.46,105037.06,738270.62,40983606.56
SmolLM2-360M,exact-predictor-prefetch,safe-mixed,1073741824,2199023255552,322,53656,11837221,1062314,495115.54,65146.63,102208.03,704098.52,40983606.56
SmolLM2-360M,exact-predictor-prefetch,safe-mixed,1073741824,2199023255552,175,53656,11711707,1051050,277696.88,58643.68,103783.16,481313.51,40983606.56
SmolLM2-360M,exact-predictor-prefetch,safe-mixed,1073741824,2199023255552,5,53656,11460333,1028491,479262.46,73033.60,101116.79,693724.36,40983606.56
SmolLM2-360M,exact-predictor-prefetch,safe-mixed,1073741824,2199023255552,362,53656,11629187,1043645,327345.96,61426.22,106804.20,536477.87,40983606.56
SmolLM2-360M,exact-predictor-prefetch,safe-mixed,1073741824,2199023255552,63,53656,11231150,1007923,518665.35,64214.04,105872.78,728262.92,40983606.56
SmolLM2-360M,exact-predictor-prefetch,safe-mixed,1073741824,2199023255552,265,53656,11522743,1034092,0.00,0.00,0.00,40529.57,40983606.56
SmolLM2-360M,exact-predictor-prefetch,safe-mixed,1073741824,2199023255552,498,53656,11534532,1035150,22206.90,0.00,0.00,62777.66,40983606.56
SmolLM2-360M,exact-predictor-prefetch,safe-mixed,1073741824,2199023255552,328,53656,11448545,1027433,21507.44,0.00,0.00,61777.76,40983606.56
SmolLM2-360M,exact-predictor-prefetch,safe-mixed,1073741824,2199023255552,0,53656,11293560,1013524,0.00,0.00,0.00,39728.81,40983606.56
SmolLM2-360M,exact-predictor-prefetch,safe-mixed,1073741824,2199023255552,348,53656,11575792,1038853,240227.15,74310.09,103769.68,459021.84,40983606.56
SmolLM2-360M,exact-predictor-prefetch,safe-mixed,1073741824,2199023255552,29,53656,11498473,1031914,283297.77,62300.20,105348.04,491390.79,40983606.56
SmolLM2-360M,exact-predictor-prefetch,safe-mixed,1073741824,2199023255552,323,53656,11879174,1066079,304965.98,48619.51,106441.33,501801.72,40983606.56
SmolLM2-360M,exact-predictor-prefetch,safe-mixed,1073741824,2199023255552,65,53656,11253340,1009915,43942.52,0.00,0.00,83530.83,40983606.56
SmolLM2-360M,exact-predictor-prefetch,safe-mixed,1073741824,2199023255552,357,53656,11786599,1057771,0.00,0.00,0.00,41451.45,40983606.56
SmolLM2-360M,exact-predictor-prefetch,safe-mixed,1073741824,2199023255552,223,53656,11242245,1008919,257754.69,65101.97,106468.38,468874.56,40983606.56
SmolLM2-360M,exact-predictor-prefetch,safe-mixed,1073741824,2199023255552,64,53656,11278997,1012217,262039.92,69255.69,106184.57,477158.11,40983606.56
SmolLM2-360M,exact-predictor-prefetch,safe-mixed,1073741824,2199023255552,134,53656,11412486,1024197,0.00,0.00,0.00,40144.34,40983606.56
SmolLM2-360M,exact-predictor-prefetch,safe-mixed,1073741824,2199023255552,363,53656,11837567,1062345,235452.50,71910.81,101335.80,450328.63,40983606.56
SmolLM2-360M,exact-predictor-prefetch,safe-mixed,4294967296,549755813888,129,26828,10337380,541951,435900.65,67743.93,94771.70,619785.68,40983606.56
SmolLM2-360M,exact-predictor-prefetch,safe-mixed,4294967296,549755813888,498,26828,10195559,534515,447741.19,69123.35,92324.42,630268.84,40983606.56
SmolLM2-360M,exact-predictor-prefetch,safe-mixed,4294967296,549755813888,493,26828,9849756,516386,425417.54,74356.43,94345.13,614493.19,40983606.56
SmolLM2-360M,exact-predictor-prefetch,safe-mixed,4294967296,549755813888,282,26828,10163272,532823,228473.94,63519.76,94652.59,407660.30,40983606.56
SmolLM2-360M,exact-predictor-prefetch,safe-mixed,4294967296,549755813888,19,26828,9861222,516987,424960.08,71979.82,92110.83,609448.22,40983606.56
SmolLM2-360M,exact-predictor-prefetch,safe-mixed,4294967296,549755813888,7,26828,10106241,529833,256298.06,62471.69,94732.00,434399.36,40983606.56
SmolLM2-360M,exact-predictor-prefetch,safe-mixed,4294967296,549755813888,476,26828,10280350,538961,445740.02,62973.10,95082.86,625048.97,40983606.56
SmolLM2-360M,exact-predictor-prefetch,safe-mixed,4294967296,549755813888,480,26828,10076972,528298,0.00,0.00,0.00,20837.85,40983606.56
SmolLM2-360M,exact-predictor-prefetch,safe-mixed,4294967296,549755813888,504,26828,9978904,523157,11306.73,0.00,0.00,31944.43,40983606.56
SmolLM2-360M,exact-predictor-prefetch,safe-mixed,4294967296,549755813888,250,26828,9879930,517968,11206.54,0.00,0.00,31642.22,40983606.56
SmolLM2-360M,exact-predictor-prefetch,safe-mixed,4294967296,549755813888,0,26828,10168703,533107,0.00,0.00,0.00,21025.08,40983606.56
SmolLM2-360M,exact-predictor-prefetch,safe-mixed,4294967296,549755813888,131,26828,10277031,538787,212017.98,73444.46,94647.46,401356.12,40983606.56
SmolLM2-360M,exact-predictor-prefetch,safe-mixed,4294967296,549755813888,499,26828,10331949,541666,237309.88,59039.78,95242.05,412950.01,40983606.56
SmolLM2-360M,exact-predictor-prefetch,safe-mixed,4294967296,549755813888,497,26828,9879629,517952,245337.40,67100.75,96352.01,429225.21,40983606.56
SmolLM2-360M,exact-predictor-prefetch,safe-mixed,4294967296,549755813888,487,26828,10318672,540970,22375.83,0.00,0.00,43707.04,40983606.56
SmolLM2-360M,exact-predictor-prefetch,safe-mixed,4294967296,549755813888,283,26828,10196464,534563,0.00,0.00,0.00,21081.76,40983606.56
SmolLM2-360M,exact-predictor-prefetch,safe-mixed,4294967296,549755813888,338,26828,10186506,534041,217178.08,70239.90,93977.54,402456.95,40983606.56
SmolLM2-360M,exact-predictor-prefetch,safe-mixed,4294967296,549755813888,28,26828,9883551,518158,221357.29,69124.81,94182.95,405108.13,40983606.56
SmolLM2-360M,exact-predictor-prefetch,safe-mixed,4294967296,549755813888,484,26828,10104733,529754,0.00,0.00,0.00,20894.54,40983606.56
SmolLM2-360M,exact-predictor-prefetch,safe-mixed,4294967296,549755813888,289,26828,10144865,531858,210106.92,72824.39,93875.78,397783.54,40983606.56
SmolLM2-360M,exact-predictor-prefetch,safe-mixed,4294967296,1099511627776,344,53656,11303726,1055842,487358.19,59503.06,99378.11,687615.70,40983606.56
SmolLM2-360M,exact-predictor-prefetch,safe-mixed,4294967296,1099511627776,492,53656,10971266,1024788,521212.79,49474.79,100111.11,710966.03,40983606.56
SmolLM2-360M,exact-predictor-prefetch,safe-mixed,4294967296,1099511627776,322,53656,11373016,1062314,476547.29,61226.50,97902.63,677304.75,40983606.56
SmolLM2-360M,exact-predictor-prefetch,safe-mixed,4294967296,1099511627776,175,53656,11252424,1051050,268502.96,54644.50,99365.83,463703.07,40983606.56
SmolLM2-360M,exact-predictor-prefetch,safe-mixed,4294967296,1099511627776,5,53656,11010908,1028491,460481.17,69326.52,96811.39,666930.58,40983606.56
SmolLM2-360M,exact-predictor-prefetch,safe-mixed,4294967296,1099511627776,362,53656,11173140,1043645,317931.96,57300.53,102270.82,518404.80,40983606.56
SmolLM2-360M,exact-predictor-prefetch,safe-mixed,4294967296,1099511627776,63,53656,10790712,1007923,500044.40,60015.60,101387.59,700958.34,40983606.56
SmolLM2-360M,exact-predictor-prefetch,safe-mixed,4294967296,1099511627776,265,53656,11070871,1034092,0.00,0.00,0.00,40529.57,40983606.56
SmolLM2-360M,exact-predictor-prefetch,safe-mixed,4294967296,1099511627776,498,53656,11082197,1035150,22206.90,0.00,0.00,62777.66,40983606.56
SmolLM2-360M,exact-predictor-prefetch,safe-mixed,4294967296,1099511627776,328,53656,10999582,1027433,21507.44,0.00,0.00,61777.76,40983606.56
SmolLM2-360M,exact-predictor-prefetch,safe-mixed,4294967296,1099511627776,0,53656,10850675,1013524,0.00,0.00,0.00,39728.81,40983606.56
SmolLM2-360M,exact-predictor-prefetch,safe-mixed,4294967296,1099511627776,348,53656,11121839,1038853,230813.15,70544.49,99356.87,441429.43,40983606.56
SmolLM2-360M,exact-predictor-prefetch,safe-mixed,4294967296,1099511627776,29,53656,11047552,1031914,273883.77,58521.10,100930.71,473780.35,40983606.56
SmolLM2-360M,exact-predictor-prefetch,safe-mixed,4294967296,1099511627776,323,53656,11413324,1066079,295551.98,44840.40,102024.00,484191.28,40983606.56
SmolLM2-360M,exact-predictor-prefetch,safe-mixed,4294967296,1099511627776,65,53656,10812032,1009915,43942.52,0.00,0.00,83530.83,40983606.56
SmolLM2-360M,exact-predictor-prefetch,safe-mixed,4294967296,1099511627776,357,53656,11324379,1057771,0.00,0.00,0.00,41451.45,40983606.56
SmolLM2-360M,exact-predictor-prefetch,safe-mixed,4294967296,1099511627776,223,53656,10801372,1008919,248527.92,60847.32,102081.98,451006.75,40983606.56
SmolLM2-360M,exact-predictor-prefetch,safe-mixed,4294967296,1099511627776,64,53656,10836684,1012217,252625.92,65188.28,102186.83,459678.95,40983606.56
SmolLM2-360M,exact-predictor-prefetch,safe-mixed,4294967296,1099511627776,134,53656,10964937,1024197,0.00,0.00,0.00,40144.34,40983606.56
SmolLM2-360M,exact-predictor-prefetch,safe-mixed,4294967296,1099511627776,363,53656,11373349,1062345,226225.73,68220.10,97010.75,433086.11,40983606.56
SmolLM2-360M,exact-predictor-prefetch,safe-mixed,8589934592,549755813888,129,26828,10247802,541951,432221.08,67001.80,94055.35,614647.63,40983606.56
SmolLM2-360M,exact-predictor-prefetch,safe-mixed,8589934592,549755813888,498,26828,10107209,534515,444056.73,68527.16,91467.01,625130.79,40983606.56
SmolLM2-360M,exact-predictor-prefetch,safe-mixed,8589934592,549755813888,493,26828,9764403,516386,421831.73,73520.54,93628.78,609355.14,40983606.56
SmolLM2-360M,exact-predictor-prefetch,safe-mixed,8589934592,549755813888,282,26828,10075202,532823,226690.31,62756.49,93759.50,404220.32,40983606.56
SmolLM2-360M,exact-predictor-prefetch,safe-mixed,8589934592,549755813888,19,26828,9775770,516987,421280.52,71359.85,91274.44,604312.30,40983606.56
SmolLM2-360M,exact-predictor-prefetch,safe-mixed,8589934592,549755813888,7,26828,10018666,529833,254466.60,61739.10,93814.83,430918.16,40983606.56
SmolLM2-360M,exact-predictor-prefetch,safe-mixed,8589934592,549755813888,476,26828,10191265,538961,442172.81,62135.83,94349.29,619910.92,40983606.56
SmolLM2-360M,exact-predictor-prefetch,safe-mixed,8589934592,549755813888,480,26828,9989650,528298,0.00,0.00,0.00,20837.85,40983606.56
SmolLM2-360M,exact-predictor-prefetch,safe-mixed,8589934592,549755813888,504,26828,9892431,523157,11306.73,0.00,0.00,31944.43,40983606.56
SmolLM2-360M,exact-predictor-prefetch,safe-mixed,8589934592,549755813888,250,26828,9794316,517968,11206.54,0.00,0.00,31642.22,40983606.56
SmolLM2-360M,exact-predictor-prefetch,safe-mixed,8589934592,549755813888,0,26828,10080586,533107,0.00,0.00,0.00,21025.08,40983606.56
SmolLM2-360M,exact-predictor-prefetch,safe-mixed,8589934592,549755813888,131,26828,10187975,538787,210182.21,72710.15,93853.33,397991.91,40983606.56
SmolLM2-360M,exact-predictor-prefetch,safe-mixed,8589934592,549755813888,499,26828,10242417,541666,235447.02,58355.75,94348.97,409510.03,40983606.56
SmolLM2-360M,exact-predictor-prefetch,safe-mixed,8589934592,549755813888,497,26828,9794017,517952,243505.94,66324.21,95478.80,425744.01,40983606.56
SmolLM2-360M,exact-predictor-prefetch,safe-mixed,8589934592,549755813888,487,26828,10229255,540970,22375.83,0.00,0.00,43707.04,40983606.56
SmolLM2-360M,exact-predictor-prefetch,safe-mixed,8589934592,549755813888,283,26828,10108106,534563,0.00,0.00,0.00,21081.76,40983606.56
SmolLM2-360M,exact-predictor-prefetch,safe-mixed,8589934592,549755813888,338,26828,10098235,534041,215394.46,69476.63,93084.45,399016.98,40983606.56
SmolLM2-360M,exact-predictor-prefetch,safe-mixed,8589934592,549755813888,28,26828,9797905,518158,219538.08,68373.94,93386.44,401741.54,40983606.56
SmolLM2-360M,exact-predictor-prefetch,safe-mixed,8589934592,549755813888,484,26828,10017170,529754,0.00,0.00,0.00,20894.54,40983606.56
SmolLM2-360M,exact-predictor-prefetch,safe-mixed,8589934592,549755813888,289,26828,10056955,531858,208287.71,72096.71,93023.03,394383.89,40983606.56
SmolLM2-360M,exact-predictor-prefetch,safe-mixed,4294967296,2199023255552,344,53656,11303726,1055842,487358.19,59503.06,99378.11,687615.70,40983606.56
SmolLM2-360M,exact-predictor-prefetch,safe-mixed,4294967296,2199023255552,492,53656,10971266,1024788,521212.79,49474.79,100111.11,710966.03,40983606.56
SmolLM2-360M,exact-predictor-prefetch,safe-mixed,4294967296,2199023255552,322,53656,11373016,1062314,476547.29,61226.50,97902.63,677304.75,40983606.56
SmolLM2-360M,exact-predictor-prefetch,safe-mixed,4294967296,2199023255552,175,53656,11252424,1051050,268502.96,54644.50,99365.83,463703.07,40983606.56
SmolLM2-360M,exact-predictor-prefetch,safe-mixed,4294967296,2199023255552,5,53656,11010908,1028491,460481.17,69326.52,96811.39,666930.58,40983606.56
SmolLM2-360M,exact-predictor-prefetch,safe-mixed,4294967296,2199023255552,362,53656,11173140,1043645,317931.96,57300.53,102270.82,518404.80,40983606.56
SmolLM2-360M,exact-predictor-prefetch,safe-mixed,4294967296,2199023255552,63,53656,10790712,1007923,500044.40,60015.60,101387.59,700958.34,40983606.56
SmolLM2-360M,exact-predictor-prefetch,safe-mixed,4294967296,2199023255552,265,53656,11070871,1034092,0.00,0.00,0.00,40529.57,40983606.56
SmolLM2-360M,exact-predictor-prefetch,safe-mixed,4294967296,2199023255552,498,53656,11082197,1035150,22206.90,0.00,0.00,62777.66,40983606.56
SmolLM2-360M,exact-predictor-prefetch,safe-mixed,4294967296,2199023255552,328,53656,10999582,1027433,21507.44,0.00,0.00,61777.76,40983606.56
SmolLM2-360M,exact-predictor-prefetch,safe-mixed,4294967296,2199023255552,0,53656,10850675,1013524,0.00,0.00,0.00,39728.81,40983606.56
SmolLM2-360M,exact-predictor-prefetch,safe-mixed,4294967296,2199023255552,348,53656,11121839,1038853,230813.15,70544.49,99356.87,441429.43,40983606.56
SmolLM2-360M,exact-predictor-prefetch,safe-mixed,4294967296,2199023255552,29,53656,11047552,1031914,273883.77,58521.10,100930.71,473780.35,40983606.56
SmolLM2-360M,exact-predictor-prefetch,safe-mixed,4294967296,2199023255552,323,53656,11413324,1066079,295551.98,44840.40,102024.00,484191.28,40983606.56
SmolLM2-360M,exact-predictor-prefetch,safe-mixed,4294967296,2199023255552,65,53656,10812032,1009915,43942.52,0.00,0.00,83530.83,40983606.56
SmolLM2-360M,exact-predictor-prefetch,safe-mixed,4294967296,2199023255552,357,53656,11324379,1057771,0.00,0.00,0.00,41451.45,40983606.56
SmolLM2-360M,exact-predictor-prefetch,safe-mixed,4294967296,2199023255552,223,53656,10801372,1008919,248527.92,60847.32,102081.98,451006.75,40983606.56
SmolLM2-360M,exact-predictor-prefetch,safe-mixed,4294967296,2199023255552,64,53656,10836684,1012217,252625.92,65188.28,102186.83,459678.95,40983606.56
SmolLM2-360M,exact-predictor-prefetch,safe-mixed,4294967296,2199023255552,134,53656,10964937,1024197,0.00,0.00,0.00,40144.34,40983606.56
SmolLM2-360M,exact-predictor-prefetch,safe-mixed,4294967296,2199023255552,363,53656,11373349,1062345,226225.73,68220.10,97010.75,433086.11,40983606.56
SmolLM2-360M,exact-predictor-prefetch,safe-mixed,8589934592,1099511627776,344,53656,11201690,1055842,483158.04,58729.85,98425.96,681690.20,40983606.56
SmolLM2-360M,exact-predictor-prefetch,safe-mixed,8589934592,1099511627776,492,53656,10872232,1024788,517094.69,48643.76,99021.75,704927.54,40983606.56
SmolLM2-360M,exact-predictor-prefetch,safe-mixed,8589934592,1099511627776,322,53656,11270355,1062314,472440.83,60359.61,96950.48,671379.24,40983606.56
SmolLM2-360M,exact-predictor-prefetch,safe-mixed,8589934592,1099511627776,175,53656,11150852,1051050,266469.71,53760.06,98388.93,459808.48,40983606.56
SmolLM2-360M,exact-predictor-prefetch,safe-mixed,8589934592,1099511627776,5,53656,10911516,1028491,456327.62,68506.70,95859.24,661005.08,40983606.56
SmolLM2-360M,exact-predictor-prefetch,safe-mixed,8589934592,1099511627776,362,53656,11072284,1043645,315850.02,56388.10,101268.24,514407.86,40983606.56
SmolLM2-360M,exact-predictor-prefetch,safe-mixed,8589934592,1099511627776,63,53656,10693308,1007923,495926.29,59087.12,100395.68,694919.85,40983606.56
SmolLM2-360M,exact-predictor-prefetch,safe-mixed,8589934592,1099511627776,265,53656,10970938,1034092,0.00,0.00,0.00,40529.57,40983606.56
SmolLM2-360M,exact-predictor-prefetch,safe-mixed,8589934592,1099511627776,498,53656,10982162,1035150,22206.90,0.00,0.00,62777.66,40983606.56
SmolLM2-360M,exact-predictor-prefetch,safe-mixed,8589934592,1099511627776,328,53656,10900292,1027433,21507.44,0.00,0.00,61777.76,40983606.56
SmolLM2-360M,exact-predictor-prefetch,safe-mixed,8589934592,1099511627776,0,53656,10752729,1013524,0.00,0.00,0.00,39728.81,40983606.56
SmolLM2-360M,exact-predictor-prefetch,safe-mixed,8589934592,1099511627776,348,53656,11021446,1038853,228731.21,69711.71,98380.96,437538.81,40983606.56
SmolLM2-360M,exact-predictor-prefetch,safe-mixed,8589934592,1099511627776,29,53656,10947829,1031914,271801.83,57685.35,99953.80,469885.76,40983606.56
SmolLM2-360M,exact-predictor-prefetch,safe-mixed,8589934592,1099511627776,323,53656,11310299,1066079,293470.04,44004.65,101047.10,480296.69,40983606.56
SmolLM2-360M,exact-predictor-prefetch,safe-mixed,8589934592,1099511627776,65,53656,10714436,1009915,43942.52,0.00,0.00,83530.83,40983606.56
SmolLM2-360M,exact-predictor-prefetch,safe-mixed,8589934592,1099511627776,357,53656,11222158,1057771,0.00,0.00,0.00,41451.45,40983606.56
SmolLM2-360M,exact-predictor-prefetch,safe-mixed,8589934592,1099511627776,223,53656,10703872,1008919,246487.38,59906.42,101083.73,447027.05,40983606.56
SmolLM2-360M,exact-predictor-prefetch,safe-mixed,8589934592,1099511627776,64,53656,10738864,1012217,250543.98,64288.77,101302.69,455813.36,40983606.56
SmolLM2-360M,exact-predictor-prefetch,safe-mixed,8589934592,1099511627776,134,53656,10865960,1024197,0.00,0.00,0.00,40144.34,40983606.56
SmolLM2-360M,exact-predictor-prefetch,safe-mixed,8589934592,1099511627776,363,53656,11270685,1062345,224185.19,67403.89,96054.24,429272.84,40983606.56
SmolLM2-360M,exact-predictor-prefetch,safe-mixed,8589934592,2199023255552,344,53656,11201690,1055842,483158.04,58729.85,98425.96,681690.20,40983606.56
SmolLM2-360M,exact-predictor-prefetch,safe-mixed,8589934592,2199023255552,492,53656,10872232,1024788,517094.69,48643.76,99021.75,704927.54,40983606.56
SmolLM2-360M,exact-predictor-prefetch,safe-mixed,8589934592,2199023255552,322,53656,11270355,1062314,472440.83,60359.61,96950.48,671379.24,40983606.56
SmolLM2-360M,exact-predictor-prefetch,safe-mixed,8589934592,2199023255552,175,53656,11150852,1051050,266469.71,53760.06,98388.93,459808.48,40983606.56
SmolLM2-360M,exact-predictor-prefetch,safe-mixed,8589934592,2199023255552,5,53656,10911516,1028491,456327.62,68506.70,95859.24,661005.08,40983606.56
SmolLM2-360M,exact-predictor-prefetch,safe-mixed,8589934592,2199023255552,362,53656,11072284,1043645,315850.02,56388.10,101268.24,514407.86,40983606.56
SmolLM2-360M,exact-predictor-prefetch,safe-mixed,8589934592,2199023255552,63,53656,10693308,1007923,495926.29,59087.12,100395.68,694919.85,40983606.56
SmolLM2-360M,exact-predictor-prefetch,safe-mixed,8589934592,2199023255552,265,53656,10970938,1034092,0.00,0.00,0.00,40529.57,40983606.56
SmolLM2-360M,exact-predictor-prefetch,safe-mixed,8589934592,2199023255552,498,53656,10982162,1035150,22206.90,0.00,0.00,62777.66,40983606.56
SmolLM2-360M,exact-predictor-prefetch,safe-mixed,8589934592,2199023255552,328,53656,10900292,1027433,21507.44,0.00,0.00,61777.76,40983606.56
SmolLM2-360M,exact-predictor-prefetch,safe-mixed,8589934592,2199023255552,0,53656,10752729,1013524,0.00,0.00,0.00,39728.81,40983606.56
SmolLM2-360M,exact-predictor-prefetch,safe-mixed,8589934592,2199023255552,348,53656,11021446,1038853,228731.21,69711.71,98380.96,437538.81,40983606.56
SmolLM2-360M,exact-predictor-prefetch,safe-mixed,8589934592,2199023255552,29,53656,10947829,1031914,271801.83,57685.35,99953.80,469885.76,40983606.56
SmolLM2-360M,exact-predictor-prefetch,safe-mixed,8589934592,2199023255552,323,53656,11310299,1066079,293470.04,44004.65,101047.10,480296.69,40983606.56
SmolLM2-360M,exact-predictor-prefetch,safe-mixed,8589934592,2199023255552,65,53656,10714436,1009915,43942.52,0.00,0.00,83530.83,40983606.56
SmolLM2-360M,exact-predictor-prefetch,safe-mixed,8589934592,2199023255552,357,53656,11222158,1057771,0.00,0.00,0.00,41451.45,40983606.56
SmolLM2-360M,exact-predictor-prefetch,safe-mixed,8589934592,2199023255552,223,53656,10703872,1008919,246487.38,59906.42,101083.73,447027.05,40983606.56
SmolLM2-360M,exact-predictor-prefetch,safe-mixed,8589934592,2199023255552,64,53656,10738864,1012217,250543.98,64288.77,101302.69,455813.36,40983606.56
SmolLM2-360M,exact-predictor-prefetch,safe-mixed,8589934592,2199023255552,134,53656,10865960,1024197,0.00,0.00,0.00,40144.34,40983606.56
SmolLM2-360M,exact-predictor-prefetch,safe-mixed,8589934592,2199023255552,363,53656,11270685,1062345,224185.19,67403.89,96054.24,429272.84,40983606.56
SmolLM2-135M,exact-predictor-prefetch,fp16,268435456,549755813888,257,40806,15391876,10033470,33023568.72,0.00,0.00,33414464.70,33414464.70
SmolLM2-135M,exact-predictor-prefetch,fp16,268435456,549755813888,63,44902,14944548,9741871,33034585.14,0.00,0.00,33414128.51,33414128.51
SmolLM2-135M,exact-predictor-prefetch,fp16,268435456,549755813888,128,40806,15133470,9865023,33025451.45,0.00,0.00,33409789.41,33409789.41
SmolLM2-135M,exact-predictor-prefetch,fp16,268435456,549755813888,256,40806,15215670,9918606,33017578.63,0.00,0.00,33404002.69,33404002.69
SmolLM2-135M,exact-predictor-prefetch,fp16,268435456,549755813888,261,44902,15163443,9884562,33018741.61,0.00,0.00,33403840.26,33403840.26
SmolLM2-135M,exact-predictor-prefetch,fp16,268435456,549755813888,263,40806,15539472,10129682,33008303.35,0.00,0.00,33402945.08,33402945.08
SmolLM2-135M,exact-predictor-prefetch,fp16,268435456,549755813888,260,40806,14988145,9770290,33019534.94,0.00,0.00,33400184.72,33400184.72
SmolLM2-135M,exact-predictor-prefetch,fp16,268435456,549755813888,129,40806,15443648,10067218,33007971.90,0.00,0.00,33400181.77,33400181.77
SmolLM2-135M,exact-predictor-prefetch,fp16,268435456,549755813888,259,40806,15494966,10100671,33003766.71,0.00,0.00,33397278.98,33397278.98
SmolLM2-135M,exact-predictor-prefetch,fp16,268435456,549755813888,266,40806,15583977,10158694,33000451.15,0.00,0.00,33396222.39,33396222.39
SmolLM2-135M,exact-predictor-prefetch,fp16,268435456,549755813888,258,40806,15142099,9870648,33011345.06,0.00,0.00,33395902.01,33395902.01
SmolLM2-135M,exact-predictor-prefetch,fp16,268435456,549755813888,258,44902,14855990,9684143,33018263.40,0.00,0.00,33395559.28,33395559.28
SmolLM2-135M,exact-predictor-prefetch,fp16,268435456,549755813888,63,40806,14944548,9741871,33015891.32,0.00,0.00,33395434.68,33395434.68
SmolLM2-135M,exact-predictor-prefetch,fp16,268435456,549755813888,127,40806,14774245,9630856,33019905.78,0.00,0.00,33395127.08,33395127.08
SmolLM2-135M,exact-predictor-prefetch,fp16,268435456,549755813888,264,40806,15296961,9971597,33005538.28,0.00,0.00,33394025.40,33394025.40
SmolLM2-135M,exact-predictor-prefetch,fp16,268435456,549755813888,262,40806,14994957,9774731,33011229.73,0.00,0.00,33392052.40,33392052.40
SmolLM2-135M,exact-predictor-prefetch,fp16,268435456,549755813888,260,44902,15573532,10151885,32995970.03,0.00,0.00,33391476.18,33391476.18
SmolLM2-135M,exact-predictor-prefetch,fp16,268435456,549755813888,129,44902,15370986,10019852,33000454.16,0.00,0.00,33390819.96,33390819.96
SmolLM2-135M,exact-predictor-prefetch,fp16,268435456,549755813888,131,40806,15299231,9973078,33000801.38,0.00,0.00,33389346.16,33389346.16
SmolLM2-135M,exact-predictor-prefetch,fp16,268435456,549755813888,31,44902,15142099,9870648,33004319.76,0.00,0.00,33388876.71,33388876.71
SmolLM2-135M,exact-predictor-prefetch,fp16,67108864,549755813888,128,40587,15435943,10847553,34204779.31,0.00,0.00,34627369.41,34627369.41
SmolLM2-135M,exact-predictor-prefetch,fp16,67108864,549755813888,64,36491,15241888,10702974,34208436.66,0.00,0.00,34625397.96,34625397.96
SmolLM2-135M,exact-predictor-prefetch,fp16,67108864,549755813888,127,36491,15642326,10984164,34189927.28,0.00,0.00,34617835.95,34617835.95
SmolLM2-135M,exact-predictor-prefetch,fp16,67108864,549755813888,256,40587,15242801,10711823,34199801.21,0.00,0.00,34617107.03,34617107.03
SmolLM2-135M,exact-predictor-prefetch,fp16,67108864,549755813888,128,36491,15132304,10626023,34198566.97,0.00,0.00,34612532.39,34612532.39
SmolLM2-135M,exact-predictor-prefetch,fp16,67108864,549755813888,255,36491,15468361,10862005,34189276.09,0.00,0.00,34612428.84,34612428.84
SmolLM2-135M,exact-predictor-prefetch,fp16,67108864,549755813888,255,24203,14942359,10500688,34200917.80,0.00,0.00,34610003.64,34610003.64
SmolLM2-135M,exact-predictor-prefetch,fp16,67108864,549755813888,63,36491,15095320,10600052,34196536.31,0.00,0.00,34609490.62,34609490.62
SmolLM2-135M,exact-predictor-prefetch,fp16,67108864,549755813888,261,36491,15466535,10860722,34185733.59,0.00,0.00,34608836.39,34608836.39
SmolLM2-135M,exact-predictor-prefetch,fp16,67108864,549755813888,262,36491,15595296,10951139,34182156.76,0.00,0.00,34608779.70,34608779.70
SmolLM2-135M,exact-predictor-prefetch,fp16,67108864,549755813888,259,36491,15590273,10947612,34180745.36,0.00,0.00,34607230.99,34607230.99
SmolLM2-135M,exact-predictor-prefetch,fp16,67108864,549755813888,63,24203,15319510,10765730,34187719.48,0.00,0.00,34607124.02,34607124.02
SmolLM2-135M,exact-predictor-prefetch,fp16,67108864,549755813888,31,40587,15594839,10959217,34179709.17,0.00,0.00,34606646.60,34606646.60
SmolLM2-135M,exact-predictor-prefetch,fp16,67108864,549755813888,260,40587,15347363,10785303,34185911.18,0.00,0.00,34606077.74,34606077.74
SmolLM2-135M,exact-predictor-prefetch,fp16,67108864,549755813888,258,40587,15442335,10852045,34180739.20,0.00,0.00,34603504.18,34603504.18
SmolLM2-135M,exact-predictor-prefetch,fp16,67108864,549755813888,63,44683,15667895,11010556,34174306.92,0.00,0.00,34603243.10,34603243.10
SmolLM2-135M,exact-predictor-prefetch,fp16,67108864,549755813888,260,36491,15249650,10708424,34185896.98,0.00,0.00,34603070.47,34603070.47
SmolLM2-135M,exact-predictor-prefetch,fp16,67108864,549755813888,130,40587,15294397,10748082,34184303.48,0.00,0.00,34603020.95,34603020.95
SmolLM2-135M,exact-predictor-prefetch,fp16,67108864,549755813888,257,24203,15454663,10860708,34178699.96,0.00,0.00,34601802.21,34601802.21
SmolLM2-135M,exact-predictor-prefetch,fp16,67108864,549755813888,63,40587,15024090,10558125,34190461.77,0.00,0.00,34601783.77,34601783.77
SmolLM2-135M,exact-predictor-prefetch,fp16,67108864,1099511627776,63,85643,15087558,10602726,34233814.09,0.00,0.00,34646872.52,34646872.52
SmolLM2-135M,exact-predictor-prefetch,fp16,67108864,1099511627776,256,65163,15055596,10580265,34230131.85,0.00,0.00,34642315.82,34642315.82
SmolLM2-135M,exact-predictor-prefetch,fp16,67108864,1099511627776,261,85643,15065184,10587003,34217663.15,0.00,0.00,34630109.44,34630109.44
SmolLM2-135M,exact-predictor-prefetch,fp16,67108864,1099511627776,259,85643,15177964,10666259,34214428.65,0.00,0.00,34629960.56,34629960.56
SmolLM2-135M,exact-predictor-prefetch,fp16,67108864,1099511627776,63,89739,15587990,10954403,34202027.87,0.00,0.00,34628777.88,34628777.88
SmolLM2-135M,exact-predictor-prefetch,fp16,67108864,1099511627776,129,89739,15050117,10576415,34216677.99,0.00,0.00,34628712.07,34628712.07
SmolLM2-135M,exact-predictor-prefetch,fp16,67108864,1099511627776,266,85643,15309922,10758992,34209490.25,0.00,0.00,34628632.47,34628632.47
SmolLM2-135M,exact-predictor-prefetch,fp16,67108864,1099511627776,268,89739,15616756,10974618,34200892.43,0.00,0.00,34628429.46,34628429.46
SmolLM2-135M,exact-predictor-prefetch,fp16,67108864,1099511627776,127,73355,15626801,10981678,34200494.38,0.00,0.00,34628306.27,34628306.27
SmolLM2-135M,exact-predictor-prefetch,fp16,67108864,1099511627776,128,40587,15435943,10847553,34204779.31,0.00,0.00,34627369.41,34627369.41
SmolLM2-135M,exact-predictor-prefetch,fp16,67108864,1099511627776,63,65163,15419049,10835680,34204350.48,0.00,0.00,34626478.33,34626478.33
SmolLM2-135M,exact-predictor-prefetch,fp16,67108864,1099511627776,129,85643,15064728,10586683,34213140.87,0.00,0.00,34625574.70,34625574.70
SmolLM2-135M,exact-predictor-prefetch,fp16,67108864,1099511627776,64,36491,15241888,10702974,34208436.66,0.00,0.00,34625397.96,34625397.96
SmolLM2-135M,exact-predictor-prefetch,fp16,67108864,1099511627776,263,89739,15399872,10822204,34202508.56,0.00,0.00,34624111.76,34624111.76
SmolLM2-135M,exact-predictor-prefetch,fp16,67108864,1099511627776,31,65163,15408547,10828300,34201823.09,0.00,0.00,34623663.63,34623663.63
SmolLM2-135M,exact-predictor-prefetch,fp16,67108864,1099511627776,257,73355,15654197,11000930,34193414.90,0.00,0.00,34621976.31,34621976.31
SmolLM2-135M,exact-predictor-prefetch,fp16,67108864,1099511627776,256,89739,15597122,10960821,34194798.86,0.00,0.00,34621798.74,34621798.74
SmolLM2-135M,exact-predictor-prefetch,fp16,67108864,1099511627776,262,85643,15119520,10625187,34207856.87,0.00,0.00,34621789.75,34621789.75
SmolLM2-135M,exact-predictor-prefetch,fp16,67108864,1099511627776,263,85643,15595296,10959537,34193804.24,0.00,0.00,34620754.13,34620754.13
SmolLM2-135M,exact-predictor-prefetch,fp16,67108864,1099511627776,64,89739,15269741,10730755,34202436.75,0.00,0.00,34620479.63,34620479.63
SmolLM2-135M,exact-predictor-prefetch,fp16,67108864,2199023255552,63,85643,15087558,10602726,34233814.09,0.00,0.00,34646872.52,34646872.52
SmolLM2-135M,exact-predictor-prefetch,fp16,67108864,2199023255552,256,65163,15055596,10580265,34230131.85,0.00,0.00,34642315.82,34642315.82
SmolLM2-135M,exact-predictor-prefetch,fp16,67108864,2199023255552,261,85643,15065184,10587003,34217663.15,0.00,0.00,34630109.44,34630109.44
SmolLM2-135M,exact-predictor-prefetch,fp16,67108864,2199023255552,259,85643,15177964,10666259,34214428.65,0.00,0.00,34629960.56,34629960.56
SmolLM2-135M,exact-predictor-prefetch,fp16,67108864,2199023255552,63,89739,15587990,10954403,34202027.87,0.00,0.00,34628777.88,34628777.88
SmolLM2-135M,exact-predictor-prefetch,fp16,67108864,2199023255552,129,89739,15050117,10576415,34216677.99,0.00,0.00,34628712.07,34628712.07
SmolLM2-135M,exact-predictor-prefetch,fp16,67108864,2199023255552,266,85643,15309922,10758992,34209490.25,0.00,0.00,34628632.47,34628632.47
SmolLM2-135M,exact-predictor-prefetch,fp16,67108864,2199023255552,268,89739,15616756,10974618,34200892.43,0.00,0.00,34628429.46,34628429.46
SmolLM2-135M,exact-predictor-prefetch,fp16,67108864,2199023255552,127,73355,15626801,10981678,34200494.38,0.00,0.00,34628306.27,34628306.27
SmolLM2-135M,exact-predictor-prefetch,fp16,67108864,2199023255552,128,40587,15435943,10847553,34204779.31,0.00,0.00,34627369.41,34627369.41
SmolLM2-135M,exact-predictor-prefetch,fp16,67108864,2199023255552,63,65163,15419049,10835680,34204350.48,0.00,0.00,34626478.33,34626478.33
SmolLM2-135M,exact-predictor-prefetch,fp16,67108864,2199023255552,129,85643,15064728,10586683,34213140.87,0.00,0.00,34625574.70,34625574.70
SmolLM2-135M,exact-predictor-prefetch,fp16,67108864,2199023255552,64,36491,15241888,10702974,34208436.66,0.00,0.00,34625397.96,34625397.96
SmolLM2-135M,exact-predictor-prefetch,fp16,67108864,2199023255552,129,122507,15663329,11007348,34195549.24,0.00,0.00,34624360.52,34624360.52
SmolLM2-135M,exact-predictor-prefetch,fp16,67108864,2199023255552,263,89739,15399872,10822204,34202508.56,0.00,0.00,34624111.76,34624111.76
SmolLM2-135M,exact-predictor-prefetch,fp16,67108864,2199023255552,31,65163,15408547,10828300,34201823.09,0.00,0.00,34623663.63,34623663.63
SmolLM2-135M,exact-predictor-prefetch,fp16,67108864,2199023255552,257,73355,15654197,11000930,34193414.90,0.00,0.00,34621976.31,34621976.31
SmolLM2-135M,exact-predictor-prefetch,fp16,67108864,2199023255552,256,89739,15597122,10960821,34194798.86,0.00,0.00,34621798.74,34621798.74
SmolLM2-135M,exact-predictor-prefetch,fp16,67108864,2199023255552,262,85643,15119520,10625187,34207856.87,0.00,0.00,34621789.75,34621789.75
SmolLM2-135M,exact-predictor-prefetch,fp16,67108864,2199023255552,265,122507,15345993,10784341,34201170.23,0.00,0.00,34621299.34,34621299.34
SmolLM2-135M,exact-predictor-prefetch,fp16,268435456,1099511627776,127,53094,15591698,10163727,33029880.85,0.00,0.00,33425848.03,33425848.03
SmolLM2-135M,exact-predictor-prefetch,fp16,268435456,1099511627776,63,53094,15229748,9927783,33036856.70,0.00,0.00,33423638.05,33423638.05
SmolLM2-135M,exact-predictor-prefetch,fp16,268435456,1099511627776,128,73574,15415491,10048864,33031451.37,0.00,0.00,33422946.68,33422946.68
SmolLM2-135M,exact-predictor-prefetch,fp16,268435456,1099511627776,262,53094,14764708,9624639,33045233.74,0.00,0.00,33420213.00,33420213.00
SmolLM2-135M,exact-predictor-prefetch,fp16,268435456,1099511627776,128,53094,15184334,9898180,33034468.03,0.00,0.00,33420096.86,33420096.86
SmolLM2-135M,exact-predictor-prefetch,fp16,268435456,1099511627776,257,40806,15391876,10033470,33023568.72,0.00,0.00,33414464.70,33414464.70
SmolLM2-135M,exact-predictor-prefetch,fp16,268435456,1099511627776,261,53094,15568991,10148925,33018751.67,0.00,0.00,33414142.58,33414142.58
SmolLM2-135M,exact-predictor-prefetch,fp16,268435456,1099511627776,63,44902,14944548,9741871,33034585.14,0.00,0.00,33414128.51,33414128.51
SmolLM2-135M,exact-predictor-prefetch,fp16,268435456,1099511627776,260,53094,15483158,10092974,33017754.71,0.00,0.00,33410967.32,33410967.32
SmolLM2-135M,exact-predictor-prefetch,fp16,268435456,1099511627776,258,53094,15305589,9977222,33022232.87,0.00,0.00,33410938.99,33410938.99
SmolLM2-135M,exact-predictor-prefetch,fp16,268435456,1099511627776,257,53094,14921387,9726773,33031286.68,0.00,0.00,33410242.24,33410242.24
SmolLM2-135M,exact-predictor-prefetch,fp16,268435456,1099511627776,128,40806,15133470,9865023,33025451.45,0.00,0.00,33409789.41,33409789.41
SmolLM2-135M,exact-predictor-prefetch,fp16,268435456,1099511627776,260,81766,15167076,9886930,33024337.21,0.00,0.00,33409528.06,33409528.06
SmolLM2-135M,exact-predictor-prefetch,fp16,268435456,1099511627776,31,73574,15244734,9937553,33021186.66,0.00,0.00,33408348.37,33408348.37
SmolLM2-135M,exact-predictor-prefetch,fp16,268435456,1099511627776,31,53094,15354636,10009194,33017896.76,0.00,0.00,33407847.62,33407847.62
SmolLM2-135M,exact-predictor-prefetch,fp16,268435456,1099511627776,265,53094,15380522,10026069,33015667.68,0.00,0.00,33406275.52,33406275.52
SmolLM2-135M,exact-predictor-prefetch,fp16,268435456,1099511627776,267,53094,15266079,9951467,33018316.39,0.00,0.00,33406019.81,33406019.81
SmolLM2-135M,exact-predictor-prefetch,fp16,268435456,1099511627776,256,53094,14964984,9755192,33025902.84,0.00,0.00,33405964.82,33405964.82
SmolLM2-135M,exact-predictor-prefetch,fp16,268435456,1099511627776,131,53094,15383701,10028141,33013384.08,0.00,0.00,33404072.59,33404072.59
SmolLM2-135M,exact-predictor-prefetch,fp16,268435456,1099511627776,256,40806,15215670,9918606,33017578.63,0.00,0.00,33404002.69,33404002.69
SmolLM2-135M,exact-predictor-prefetch,fp16,1073741824,549755813888,72,16384,14737104,7315833,29481506.74,0.00,31734.29,29798333.17,29798333.17
SmolLM2-135M,exact-predictor-prefetch,fp16,1073741824,549755813888,72,8192,14491681,7209990,29512314.92,0.00,0.00,29793286.36,29793286.36
SmolLM2-135M,exact-predictor-prefetch,fp16,1073741824,549755813888,163,16384,15210227,7550702,29494399.60,0.00,0.00,29788635.73,29788635.73
SmolLM2-135M,exact-predictor-prefetch,fp16,1073741824,549755813888,72,24576,14836605,7369282,29436945.58,0.00,50027.09,29774145.71,29774145.71
SmolLM2-135M,exact-predictor-prefetch,fp16,1073741824,549755813888,72,12288,14461451,7178992,29475971.94,0.00,16164.36,29771900.92,29771900.92
SmolLM2-135M,exact-predictor-prefetch,fp16,1073741824,549755813888,237,24576,14759803,7331136,29416614.99,0.00,51461.32,29753764.24,29753764.24
SmolLM2-135M,exact-predictor-prefetch,fp16,1073741824,549755813888,163,12288,15146340,7518986,29460048.29,0.00,0.00,29753049.65,29753049.65
SmolLM2-135M,exact-predictor-prefetch,fp16,1073741824,549755813888,238,8193,14449406,5499941,29448489.12,0.00,84454.20,29747338.63,29747338.63
SmolLM2-135M,exact-predictor-prefetch,fp16,1073741824,549755813888,237,45056,14776771,7339563,29444021.19,0.00,17127.56,29747164.76,29747164.76
SmolLM2-135M,exact-predictor-prefetch,fp16,1073741824,549755813888,140,12288,14940829,7416966,29454614.94,0.00,0.00,29743644.42,29743644.42
SmolLM2-135M,exact-predictor-prefetch,fp16,1073741824,549755813888,365,16384,15132937,7512333,29444469.99,0.00,5075.62,29742287.95,29742287.95
SmolLM2-135M,exact-predictor-prefetch,fp16,1073741824,549755813888,237,16384,14919384,7406320,29413573.56,0.00,39612.43,29741801.01,29741801.01
SmolLM2-135M,exact-predictor-prefetch,fp16,1073741824,549755813888,237,12288,14913576,7403437,29452054.79,0.00,0.00,29740557.56,29740557.56
SmolLM2-135M,exact-predictor-prefetch,fp16,1073741824,549755813888,163,36864,14691486,7297203,29437995.95,0.00,17984.60,29740347.38,29740347.38
SmolLM2-135M,exact-predictor-prefetch,fp16,1073741824,549755813888,140,8192,15227417,7576037,29416696.25,0.00,28198.51,29740117.24,29740117.24
SmolLM2-135M,exact-predictor-prefetch,fp16,1073741824,549755813888,365,12288,14827797,7360855,29409611.56,0.00,41763.43,29738219.94,29738219.94
SmolLM2-135M,exact-predictor-prefetch,fp16,1073741824,549755813888,163,8192,14760482,7343725,29409300.78,0.00,40704.02,29736182.85,29736182.85
SmolLM2-135M,exact-predictor-prefetch,fp16,1073741824,549755813888,72,40960,14944215,7422732,29443583.17,0.00,2842.13,29735679.27,29735679.27
SmolLM2-135M,exact-predictor-prefetch,fp16,1073741824,549755813888,163,20480,14621839,7258612,29399403.86,0.00,50739.05,29733007.31,29733007.31
SmolLM2-135M,exact-predictor-prefetch,fp16,1073741824,549755813888,237,8192,14497048,7212660,29451881.01,0.00,0.00,29732956.39,29732956.39
SmolLM2-135M,exact-predictor-prefetch,fp16,268435456,2199023255552,127,53094,15591698,10163727,33029880.85,0.00,0.00,33425848.03,33425848.03
SmolLM2-135M,exact-predictor-prefetch,fp16,268435456,2199023255552,63,53094,15229748,9927783,33036856.70,0.00,0.00,33423638.05,33423638.05
SmolLM2-135M,exact-predictor-prefetch,fp16,268435456,2199023255552,128,73574,15415491,10048864,33031451.37,0.00,0.00,33422946.68,33422946.68
SmolLM2-135M,exact-predictor-prefetch,fp16,268435456,2199023255552,131,126822,15516310,10114584,33027920.33,0.00,0.00,33421974.27,33421974.27
SmolLM2-135M,exact-predictor-prefetch,fp16,268435456,2199023255552,262,53094,14764708,9624639,33045233.74,0.00,0.00,33420213.00,33420213.00
SmolLM2-135M,exact-predictor-prefetch,fp16,268435456,2199023255552,128,53094,15184334,9898180,33034468.03,0.00,0.00,33420096.86,33420096.86
SmolLM2-135M,exact-predictor-prefetch,fp16,268435456,2199023255552,257,40806,15391876,10033470,33023568.72,0.00,0.00,33414464.70,33414464.70
SmolLM2-135M,exact-predictor-prefetch,fp16,268435456,2199023255552,261,53094,15568991,10148925,33018751.67,0.00,0.00,33414142.58,33414142.58
SmolLM2-135M,exact-predictor-prefetch,fp16,268435456,2199023255552,63,44902,14944548,9741871,33034585.14,0.00,0.00,33414128.51,33414128.51
SmolLM2-135M,exact-predictor-prefetch,fp16,268435456,2199023255552,260,126822,15469534,10084092,33020537.55,0.00,0.00,33413404.36,33413404.36
SmolLM2-135M,exact-predictor-prefetch,fp16,268435456,2199023255552,260,53094,15483158,10092974,33017754.71,0.00,0.00,33410967.32,33410967.32
SmolLM2-135M,exact-predictor-prefetch,fp16,268435456,2199023255552,258,53094,15305589,9977222,33022232.87,0.00,0.00,33410938.99,33410938.99
SmolLM2-135M,exact-predictor-prefetch,fp16,268435456,2199023255552,257,53094,14921387,9726773,33031286.68,0.00,0.00,33410242.24,33410242.24
SmolLM2-135M,exact-predictor-prefetch,fp16,268435456,2199023255552,129,126822,15321030,9987287,33021010.91,0.00,0.00,33410108.88,33410108.88
SmolLM2-135M,exact-predictor-prefetch,fp16,268435456,2199023255552,260,98150,15455456,10074915,33017298.40,0.00,0.00,33409807.93,33409807.93
SmolLM2-135M,exact-predictor-prefetch,fp16,268435456,2199023255552,128,40806,15133470,9865023,33025451.45,0.00,0.00,33409789.41,33409789.41
SmolLM2-135M,exact-predictor-prefetch,fp16,268435456,2199023255552,260,81766,15167076,9886930,33024337.21,0.00,0.00,33409528.06,33409528.06
SmolLM2-135M,exact-predictor-prefetch,fp16,268435456,2199023255552,63,98150,14860986,9687399,33031950.03,0.00,0.00,33409372.68,33409372.68
SmolLM2-135M,exact-predictor-prefetch,fp16,268435456,2199023255552,31,73574,15244734,9937553,33021186.66,0.00,0.00,33408348.37,33408348.37
SmolLM2-135M,exact-predictor-prefetch,fp16,268435456,2199023255552,266,98150,15588065,10161359,33012450.29,0.00,0.00,33408325.28,33408325.28
SmolLM2-135M,exact-predictor-prefetch,fp16,1073741824,1099511627776,72,16384,14737104,7315833,29481506.74,0.00,31734.29,29798333.17,29798333.17
SmolLM2-135M,exact-predictor-prefetch,fp16,1073741824,1099511627776,72,8192,14491681,7209990,29512314.92,0.00,0.00,29793286.36,29793286.36
SmolLM2-135M,exact-predictor-prefetch,fp16,1073741824,1099511627776,163,16384,15210227,7550702,29494399.60,0.00,0.00,29788635.73,29788635.73
SmolLM2-135M,exact-predictor-prefetch,fp16,1073741824,1099511627776,72,24576,14836605,7369282,29436945.58,0.00,50027.09,29774145.71,29774145.71
SmolLM2-135M,exact-predictor-prefetch,fp16,1073741824,1099511627776,72,12288,14461451,7178992,29475971.94,0.00,16164.36,29771900.92,29771900.92
SmolLM2-135M,exact-predictor-prefetch,fp16,1073741824,1099511627776,237,24576,14759803,7331136,29416614.99,0.00,51461.32,29753764.24,29753764.24
SmolLM2-135M,exact-predictor-prefetch,fp16,1073741824,1099511627776,163,12288,15146340,7518986,29460048.29,0.00,0.00,29753049.65,29753049.65
SmolLM2-135M,exact-predictor-prefetch,fp16,1073741824,1099511627776,238,8193,14449406,5499941,29448489.12,0.00,84454.20,29747338.63,29747338.63
SmolLM2-135M,exact-predictor-prefetch,fp16,1073741824,1099511627776,237,45056,14776771,7339563,29444021.19,0.00,17127.56,29747164.76,29747164.76
SmolLM2-135M,exact-predictor-prefetch,fp16,1073741824,1099511627776,140,12288,14940829,7416966,29454614.94,0.00,0.00,29743644.42,29743644.42
SmolLM2-135M,exact-predictor-prefetch,fp16,1073741824,1099511627776,365,16384,15132937,7512333,29444469.99,0.00,5075.62,29742287.95,29742287.95
SmolLM2-135M,exact-predictor-prefetch,fp16,1073741824,1099511627776,237,16384,14919384,7406320,29413573.56,0.00,39612.43,29741801.01,29741801.01
SmolLM2-135M,exact-predictor-prefetch,fp16,1073741824,1099511627776,237,12288,14913576,7403437,29452054.79,0.00,0.00,29740557.56,29740557.56
SmolLM2-135M,exact-predictor-prefetch,fp16,1073741824,1099511627776,163,36864,14691486,7297203,29437995.95,0.00,17984.60,29740347.38,29740347.38
SmolLM2-135M,exact-predictor-prefetch,fp16,1073741824,1099511627776,140,8192,15227417,7576037,29416696.25,0.00,28198.51,29740117.24,29740117.24
SmolLM2-135M,exact-predictor-prefetch,fp16,1073741824,1099511627776,365,12288,14827797,7360855,29409611.56,0.00,41763.43,29738219.94,29738219.94
SmolLM2-135M,exact-predictor-prefetch,fp16,1073741824,1099511627776,163,8192,14760482,7343725,29409300.78,0.00,40704.02,29736182.85,29736182.85
SmolLM2-135M,exact-predictor-prefetch,fp16,1073741824,1099511627776,72,40960,14944215,7422732,29443583.17,0.00,2842.13,29735679.27,29735679.27
SmolLM2-135M,exact-predictor-prefetch,fp16,1073741824,1099511627776,163,20480,14621839,7258612,29399403.86,0.00,50739.05,29733007.31,29733007.31
SmolLM2-135M,exact-predictor-prefetch,fp16,1073741824,1099511627776,237,8192,14497048,7212660,29451881.01,0.00,0.00,29732956.39,29732956.39
SmolLM2-135M,exact-predictor-prefetch,fp16,4294967296,549755813888,294,16384,14355902,7250947,28885391.98,0.00,29024.69,29196982.65,29196982.65
SmolLM2-135M,exact-predictor-prefetch,fp16,4294967296,549755813888,207,16384,14816787,7483733,28901270.07,0.00,0.00,29192898.94,29192898.94
SmolLM2-135M,exact-predictor-prefetch,fp16,4294967296,549755813888,294,8192,14141140,7122354,28915055.14,0.00,0.00,29192614.70,29192614.70
SmolLM2-135M,exact-predictor-prefetch,fp16,4294967296,549755813888,294,12288,14087379,7115320,28884267.21,0.00,7879.26,29169432.18,29169432.18
SmolLM2-135M,exact-predictor-prefetch,fp16,4294967296,549755813888,207,12288,14754553,7452299,28867822.77,0.00,0.00,29158227.85,29158227.85
SmolLM2-135M,exact-predictor-prefetch,fp16,4294967296,549755813888,165,45056,14394333,7274467,28851617.02,0.00,20120.20,29155218.89,29155218.89
SmolLM2-135M,exact-predictor-prefetch,fp16,4294967296,549755813888,165,24576,14377804,7266114,28823234.40,0.00,44142.75,29150533.62,29150533.62
SmolLM2-135M,exact-predictor-prefetch,fp16,4294967296,549755813888,207,36864,14311255,7232482,28838902.98,0.00,24154.62,29144904.70,29144904.70
SmolLM2-135M,exact-predictor-prefetch,fp16,4294967296,549755813888,309,12288,14554357,7351184,28858314.23,0.00,0.00,29144782.67,29144782.67
SmolLM2-135M,exact-predictor-prefetch,fp16,4294967296,549755813888,319,8193,14071487,5435614,28850998.22,0.00,78779.28,29141668.42,29141668.42
SmolLM2-135M,exact-predictor-prefetch,fp16,4294967296,549755813888,241,16384,14741496,7445705,28848685.92,0.00,2733.31,29141567.58,29141567.58
SmolLM2-135M,exact-predictor-prefetch,fp16,4294967296,549755813888,165,8192,14146377,7124992,28861371.29,0.00,0.00,29139033.56,29139033.56
SmolLM2-135M,exact-predictor-prefetch,fp16,4294967296,549755813888,165,12288,14527809,7337775,28853028.89,0.00,0.00,29138975.29,29138975.29
SmolLM2-135M,exact-predictor-prefetch,fp16,4294967296,549755813888,165,16384,14533467,7340632,28818718.55,0.00,33673.43,29138449.61,29138449.61
SmolLM2-135M,exact-predictor-prefetch,fp16,4294967296,549755813888,207,8192,14403439,7254464,28817928.64,0.00,36915.89,29137547.43,29137547.43
SmolLM2-135M,exact-predictor-prefetch,fp16,4294967296,549755813888,309,8192,14859079,7483953,28823970.20,0.00,21051.52,29136659.16,29136659.16
SmolLM2-135M,exact-predictor-prefetch,fp16,4294967296,549755813888,241,12288,14444250,7295570,28816530.10,0.00,35716.75,29136550.11,29136550.11
SmolLM2-135M,exact-predictor-prefetch,fp16,4294967296,549755813888,241,36864,14432174,7293592,28822148.00,0.00,28008.23,29134382.48,29134382.48
SmolLM2-135M,exact-predictor-prefetch,fp16,4294967296,549755813888,207,24576,14299511,7226547,28852727.51,0.00,0.00,29134343.54,29134343.54
SmolLM2-135M,exact-predictor-prefetch,fp16,4294967296,549755813888,294,20480,14895125,7523300,28838005.97,0.00,0.00,29131175.28,29131175.28
SmolLM2-135M,exact-predictor-prefetch,fp16,1073741824,2199023255552,72,16384,14737104,7315833,29481506.74,0.00,31734.29,29798333.17,29798333.17
SmolLM2-135M,exact-predictor-prefetch,fp16,1073741824,2199023255552,72,8192,14491681,7209990,29512314.92,0.00,0.00,29793286.36,29793286.36
SmolLM2-135M,exact-predictor-prefetch,fp16,1073741824,2199023255552,163,16384,15210227,7550702,29494399.60,0.00,0.00,29788635.73,29788635.73
SmolLM2-135M,exact-predictor-prefetch,fp16,1073741824,2199023255552,72,24576,14836605,7369282,29436945.58,0.00,50027.09,29774145.71,29774145.71
SmolLM2-135M,exact-predictor-prefetch,fp16,1073741824,2199023255552,72,12288,14461451,7178992,29475971.94,0.00,16164.36,29771900.92,29771900.92
SmolLM2-135M,exact-predictor-prefetch,fp16,1073741824,2199023255552,237,24576,14759803,7331136,29416614.99,0.00,51461.32,29753764.24,29753764.24
SmolLM2-135M,exact-predictor-prefetch,fp16,1073741824,2199023255552,163,12288,15146340,7518986,29460048.29,0.00,0.00,29753049.65,29753049.65
SmolLM2-135M,exact-predictor-prefetch,fp16,1073741824,2199023255552,238,8193,14449406,5499941,29448489.12,0.00,84454.20,29747338.63,29747338.63
SmolLM2-135M,exact-predictor-prefetch,fp16,1073741824,2199023255552,237,45056,14776771,7339563,29444021.19,0.00,17127.56,29747164.76,29747164.76
SmolLM2-135M,exact-predictor-prefetch,fp16,1073741824,2199023255552,140,12288,14940829,7416966,29454614.94,0.00,0.00,29743644.42,29743644.42
SmolLM2-135M,exact-predictor-prefetch,fp16,1073741824,2199023255552,365,16384,15132937,7512333,29444469.99,0.00,5075.62,29742287.95,29742287.95
SmolLM2-135M,exact-predictor-prefetch,fp16,1073741824,2199023255552,237,16384,14919384,7406320,29413573.56,0.00,39612.43,29741801.01,29741801.01
SmolLM2-135M,exact-predictor-prefetch,fp16,1073741824,2199023255552,237,12288,14913576,7403437,29452054.79,0.00,0.00,29740557.56,29740557.56
SmolLM2-135M,exact-predictor-prefetch,fp16,1073741824,2199023255552,163,36864,14691486,7297203,29437995.95,0.00,17984.60,29740347.38,29740347.38
SmolLM2-135M,exact-predictor-prefetch,fp16,1073741824,2199023255552,140,8192,15227417,7576037,29416696.25,0.00,28198.51,29740117.24,29740117.24
SmolLM2-135M,exact-predictor-prefetch,fp16,1073741824,2199023255552,365,12288,14827797,7360855,29409611.56,0.00,41763.43,29738219.94,29738219.94
SmolLM2-135M,exact-predictor-prefetch,fp16,1073741824,2199023255552,163,8192,14760482,7343725,29409300.78,0.00,40704.02,29736182.85,29736182.85
SmolLM2-135M,exact-predictor-prefetch,fp16,1073741824,2199023255552,72,40960,14944215,7422732,29443583.17,0.00,2842.13,29735679.27,29735679.27
SmolLM2-135M,exact-predictor-prefetch,fp16,1073741824,2199023255552,163,20480,14621839,7258612,29399403.86,0.00,50739.05,29733007.31,29733007.31
SmolLM2-135M,exact-predictor-prefetch,fp16,1073741824,2199023255552,237,8192,14497048,7212660,29451881.01,0.00,0.00,29732956.39,29732956.39
SmolLM2-135M,exact-predictor-prefetch,fp16,4294967296,1099511627776,294,16384,14355902,7250947,28885391.98,0.00,29024.69,29196982.65,29196982.65
SmolLM2-135M,exact-predictor-prefetch,fp16,4294967296,1099511627776,207,16384,14816787,7483733,28901270.07,0.00,0.00,29192898.94,29192898.94
SmolLM2-135M,exact-predictor-prefetch,fp16,4294967296,1099511627776,294,8192,14141140,7122354,28915055.14,0.00,0.00,29192614.70,29192614.70
SmolLM2-135M,exact-predictor-prefetch,fp16,4294967296,1099511627776,294,12288,14087379,7115320,28884267.21,0.00,7879.26,29169432.18,29169432.18
SmolLM2-135M,exact-predictor-prefetch,fp16,4294967296,1099511627776,207,12288,14754553,7452299,28867822.77,0.00,0.00,29158227.85,29158227.85
SmolLM2-135M,exact-predictor-prefetch,fp16,4294967296,1099511627776,165,45056,14394333,7274467,28851617.02,0.00,20120.20,29155218.89,29155218.89
SmolLM2-135M,exact-predictor-prefetch,fp16,4294967296,1099511627776,165,24576,14377804,7266114,28823234.40,0.00,44142.75,29150533.62,29150533.62
SmolLM2-135M,exact-predictor-prefetch,fp16,4294967296,1099511627776,207,36864,14311255,7232482,28838902.98,0.00,24154.62,29144904.70,29144904.70
SmolLM2-135M,exact-predictor-prefetch,fp16,4294967296,1099511627776,309,12288,14554357,7351184,28858314.23,0.00,0.00,29144782.67,29144782.67
SmolLM2-135M,exact-predictor-prefetch,fp16,4294967296,1099511627776,319,8193,14071487,5435614,28850998.22,0.00,78779.28,29141668.42,29141668.42
SmolLM2-135M,exact-predictor-prefetch,fp16,4294967296,1099511627776,241,16384,14741496,7445705,28848685.92,0.00,2733.31,29141567.58,29141567.58
SmolLM2-135M,exact-predictor-prefetch,fp16,4294967296,1099511627776,165,8192,14146377,7124992,28861371.29,0.00,0.00,29139033.56,29139033.56
SmolLM2-135M,exact-predictor-prefetch,fp16,4294967296,1099511627776,165,12288,14527809,7337775,28853028.89,0.00,0.00,29138975.29,29138975.29
SmolLM2-135M,exact-predictor-prefetch,fp16,4294967296,1099511627776,165,16384,14533467,7340632,28818718.55,0.00,33673.43,29138449.61,29138449.61
SmolLM2-135M,exact-predictor-prefetch,fp16,4294967296,1099511627776,207,8192,14403439,7254464,28817928.64,0.00,36915.89,29137547.43,29137547.43
SmolLM2-135M,exact-predictor-prefetch,fp16,4294967296,1099511627776,309,8192,14859079,7483953,28823970.20,0.00,21051.52,29136659.16,29136659.16
SmolLM2-135M,exact-predictor-prefetch,fp16,4294967296,1099511627776,241,12288,14444250,7295570,28816530.10,0.00,35716.75,29136550.11,29136550.11
SmolLM2-135M,exact-predictor-prefetch,fp16,4294967296,1099511627776,241,36864,14432174,7293592,28822148.00,0.00,28008.23,29134382.48,29134382.48
SmolLM2-135M,exact-predictor-prefetch,fp16,4294967296,1099511627776,207,24576,14299511,7226547,28852727.51,0.00,0.00,29134343.54,29134343.54
SmolLM2-135M,exact-predictor-prefetch,fp16,4294967296,1099511627776,165,65536,14843648,7501538,28822211.61,0.00,17273.98,29131807.66,29131807.66
SmolLM2-135M,exact-predictor-prefetch,fp16,4294967296,2199023255552,294,16384,14355902,7250947,28885391.98,0.00,29024.69,29196982.65,29196982.65
SmolLM2-135M,exact-predictor-prefetch,fp16,4294967296,2199023255552,207,16384,14816787,7483733,28901270.07,0.00,0.00,29192898.94,29192898.94
SmolLM2-135M,exact-predictor-prefetch,fp16,4294967296,2199023255552,294,8192,14141140,7122354,28915055.14,0.00,0.00,29192614.70,29192614.70
SmolLM2-135M,exact-predictor-prefetch,fp16,4294967296,2199023255552,294,12288,14087379,7115320,28884267.21,0.00,7879.26,29169432.18,29169432.18
SmolLM2-135M,exact-predictor-prefetch,fp16,4294967296,2199023255552,207,12288,14754553,7452299,28867822.77,0.00,0.00,29158227.85,29158227.85
SmolLM2-135M,exact-predictor-prefetch,fp16,4294967296,2199023255552,165,45056,14394333,7274467,28851617.02,0.00,20120.20,29155218.89,29155218.89
SmolLM2-135M,exact-predictor-prefetch,fp16,4294967296,2199023255552,165,24576,14377804,7266114,28823234.40,0.00,44142.75,29150533.62,29150533.62
SmolLM2-135M,exact-predictor-prefetch,fp16,4294967296,2199023255552,207,36864,14311255,7232482,28838902.98,0.00,24154.62,29144904.70,29144904.70
SmolLM2-135M,exact-predictor-prefetch,fp16,4294967296,2199023255552,309,12288,14554357,7351184,28858314.23,0.00,0.00,29144782.67,29144782.67
SmolLM2-135M,exact-predictor-prefetch,fp16,4294967296,2199023255552,319,8193,14071487,5435614,28850998.22,0.00,78779.28,29141668.42,29141668.42
SmolLM2-135M,exact-predictor-prefetch,fp16,4294967296,2199023255552,241,16384,14741496,7445705,28848685.92,0.00,2733.31,29141567.58,29141567.58
SmolLM2-135M,exact-predictor-prefetch,fp16,4294967296,2199023255552,165,8192,14146377,7124992,28861371.29,0.00,0.00,29139033.56,29139033.56
SmolLM2-135M,exact-predictor-prefetch,fp16,4294967296,2199023255552,165,12288,14527809,7337775,28853028.89,0.00,0.00,29138975.29,29138975.29
SmolLM2-135M,exact-predictor-prefetch,fp16,4294967296,2199023255552,165,16384,14533467,7340632,28818718.55,0.00,33673.43,29138449.61,29138449.61
SmolLM2-135M,exact-predictor-prefetch,fp16,4294967296,2199023255552,207,8192,14403439,7254464,28817928.64,0.00,36915.89,29137547.43,29137547.43
SmolLM2-135M,exact-predictor-prefetch,fp16,4294967296,2199023255552,309,8192,14859079,7483953,28823970.20,0.00,21051.52,29136659.16,29136659.16
SmolLM2-135M,exact-predictor-prefetch,fp16,4294967296,2199023255552,241,12288,14444250,7295570,28816530.10,0.00,35716.75,29136550.11,29136550.11
SmolLM2-135M,exact-predictor-prefetch,fp16,4294967296,2199023255552,241,36864,14432174,7293592,28822148.00,0.00,28008.23,29134382.48,29134382.48
SmolLM2-135M,exact-predictor-prefetch,fp16,4294967296,2199023255552,207,24576,14299511,7226547,28852727.51,0.00,0.00,29134343.54,29134343.54
SmolLM2-135M,exact-predictor-prefetch,fp16,4294967296,2199023255552,165,65536,14843648,7501538,28822211.61,0.00,17273.98,29131807.66,29131807.66
SmolLM2-135M,exact-predictor-prefetch,fp16,8589934592,549755813888,228,16384,14242353,7250947,28734976.91,0.00,25504.20,29043047.09,29043047.09
SmolLM2-135M,exact-predictor-prefetch,fp16,8589934592,549755813888,224,16384,14699592,7483733,28750477.25,0.00,0.00,29042106.13,29042106.13
SmolLM2-135M,exact-predictor-prefetch,fp16,8589934592,549755813888,228,8192,14029604,7122354,28761146.62,0.00,0.00,29038706.18,29038706.18
SmolLM2-135M,exact-predictor-prefetch,fp16,8589934592,549755813888,228,12288,13975954,7115320,28735901.24,0.00,2699.10,29015886.05,29015886.05
SmolLM2-135M,exact-predictor-prefetch,fp16,8589934592,549755813888,224,12288,14637850,7452299,28716014.70,0.00,0.00,29006419.78,29006419.78
SmolLM2-135M,exact-predictor-prefetch,fp16,8589934592,549755813888,433,45056,14280415,7274467,28701189.63,0.00,17801.37,29002472.68,29002472.68
SmolLM2-135M,exact-predictor-prefetch,fp16,8589934592,549755813888,433,24576,14264017,7266114,28671426.82,0.00,41946.22,28996529.51,28996529.51
SmolLM2-135M,exact-predictor-prefetch,fp16,8589934592,549755813888,228,40960,14442235,7356899,28707731.58,0.00,0.00,28994422.51,28994422.51
SmolLM2-135M,exact-predictor-prefetch,fp16,8589934592,549755813888,224,36864,14197995,7232482,28686590.85,0.00,23593.04,28992030.99,28992030.99
SmolLM2-135M,exact-predictor-prefetch,fp16,8589934592,549755813888,98,12288,14439238,7351184,28704683.63,0.00,0.00,28991152.07,28991152.07
SmolLM2-135M,exact-predictor-prefetch,fp16,8589934592,549755813888,299,16384,14624897,7445705,28698032.23,0.00,0.00,28988180.59,28988180.59
SmolLM2-135M,exact-predictor-prefetch,fp16,8589934592,549755813888,433,8192,14034800,7124992,28708811.74,0.00,0.00,28986474.01,28986474.01
SmolLM2-135M,exact-predictor-prefetch,fp16,8589934592,549755813888,101,8193,13958915,5427573,28700638.72,0.00,73970.66,28986187.24,28986187.24
SmolLM2-135M,exact-predictor-prefetch,fp16,8589934592,549755813888,433,16384,14418513,7340632,28668529.34,0.00,31003.88,28985590.84,28985590.84
SmolLM2-135M,exact-predictor-prefetch,fp16,8589934592,549755813888,433,12288,14412900,7337775,28699618.21,0.00,0.00,28985564.60,28985564.60
SmolLM2-135M,exact-predictor-prefetch,fp16,8589934592,549755813888,299,12288,14330001,7295570,28665360.58,0.00,33380.09,28983043.93,28983043.93
SmolLM2-135M,exact-predictor-prefetch,fp16,8589934592,549755813888,224,8192,14289834,7254464,28668496.20,0.00,31339.13,28982538.24,28982538.24
SmolLM2-135M,exact-predictor-prefetch,fp16,8589934592,549755813888,98,8192,14741881,7483953,28673348.47,0.00,16369.69,28981355.61,28981355.61
SmolLM2-135M,exact-predictor-prefetch,fp16,8589934592,549755813888,299,36864,14317957,7293592,28669326.72,0.00,27446.65,28980999.62,28980999.62
SmolLM2-135M,exact-predictor-prefetch,fp16,8589934592,549755813888,228,20480,14777310,7523300,28686616.65,0.00,0.00,28979785.96,28979785.96
SmolLM2-135M,exact-predictor-prefetch,all-q8,67108864,549755813888,497,85643,8024239,5608757,18180880.31,0.00,0.00,18399512.08,18399512.08
SmolLM2-135M,exact-predictor-prefetch,all-q8,67108864,549755813888,497,40587,8209526,5738268,18167855.57,0.00,0.00,18391529.50,18391529.50
SmolLM2-135M,exact-predictor-prefetch,all-q8,67108864,549755813888,186,85643,8012340,5600440,18171697.21,0.00,0.00,18390005.17,18390005.17
SmolLM2-135M,exact-predictor-prefetch,all-q8,67108864,549755813888,299,85643,8142502,5691420,18164908.57,0.00,0.00,18386758.59,18386758.59
SmolLM2-135M,exact-predictor-prefetch,all-q8,67108864,549755813888,259,65163,8200541,5731988,18162942.74,0.00,0.00,18386372.17,18386372.17
SmolLM2-135M,exact-predictor-prefetch,all-q8,67108864,549755813888,181,65163,7873678,5503519,18171800.09,0.00,0.00,18386334.70,18386334.70
SmolLM2-135M,exact-predictor-prefetch,all-q8,67108864,549755813888,59,40587,8134245,5685649,18162708.89,0.00,0.00,18384334.23,18384334.23
SmolLM2-135M,exact-predictor-prefetch,all-q8,67108864,549755813888,474,85643,8012097,5600270,18165312.52,0.00,0.00,18383613.87,18383613.87
SmolLM2-135M,exact-predictor-prefetch,all-q8,67108864,549755813888,45,85643,8294277,5797507,18157271.28,0.00,0.00,18383251.51,18383251.51
SmolLM2-135M,exact-predictor-prefetch,all-q8,67108864,549755813888,245,69259,8309090,5807861,18156574.10,0.00,0.00,18382957.44,18382957.44
SmolLM2-135M,exact-predictor-prefetch,all-q8,67108864,549755813888,273,85643,8041238,5620639,18163827.10,0.00,0.00,18382921.46,18382921.46
SmolLM2-135M,exact-predictor-prefetch,all-q8,67108864,549755813888,497,65163,8056779,5631502,18162981.86,0.00,0.00,18382499.14,18382499.14
SmolLM2-135M,exact-predictor-prefetch,all-q8,67108864,549755813888,181,40587,8106804,5666468,18160744.34,0.00,0.00,18381622.93,18381622.93
SmolLM2-135M,exact-predictor-prefetch,all-q8,67108864,549755813888,245,65163,8132303,5684291,18159645.16,0.00,0.00,18381217.64,18381217.64
SmolLM2-135M,exact-predictor-prefetch,all-q8,67108864,549755813888,226,85643,7993884,5587540,18163056.23,0.00,0.00,18380861.97,18380861.97
SmolLM2-135M,exact-predictor-prefetch,all-q8,67108864,549755813888,245,85643,8072321,5642365,18160471.66,0.00,0.00,18380411.86,18380411.86
SmolLM2-135M,exact-predictor-prefetch,all-q8,67108864,549755813888,259,85643,8209769,5738438,18156361.71,0.00,0.00,18380042.26,18380042.26
SmolLM2-135M,exact-predictor-prefetch,all-q8,67108864,549755813888,245,40587,8202726,5733516,18156296.52,0.00,0.00,18379785.44,18379785.44
SmolLM2-135M,exact-predictor-prefetch,all-q8,67108864,549755813888,129,40587,8198598,5730630,18156347.87,0.00,0.00,18379724.43,18379724.43
SmolLM2-135M,exact-predictor-prefetch,all-q8,67108864,549755813888,51,85643,8233324,5754903,18155333.15,0.00,0.00,18379654.71,18379654.71
SmolLM2-135M,exact-predictor-prefetch,fp16,8589934592,1099511627776,228,16384,14242353,7250947,28734976.91,0.00,25504.20,29043047.09,29043047.09
SmolLM2-135M,exact-predictor-prefetch,fp16,8589934592,1099511627776,224,16384,14699592,7483733,28750477.25,0.00,0.00,29042106.13,29042106.13
SmolLM2-135M,exact-predictor-prefetch,fp16,8589934592,1099511627776,228,8192,14029604,7122354,28761146.62,0.00,0.00,29038706.18,29038706.18
SmolLM2-135M,exact-predictor-prefetch,fp16,8589934592,1099511627776,228,12288,13975954,7115320,28735901.24,0.00,2699.10,29015886.05,29015886.05
SmolLM2-135M,exact-predictor-prefetch,fp16,8589934592,1099511627776,224,12288,14637850,7452299,28716014.70,0.00,0.00,29006419.78,29006419.78
SmolLM2-135M,exact-predictor-prefetch,fp16,8589934592,1099511627776,433,45056,14280415,7274467,28701189.63,0.00,17801.37,29002472.68,29002472.68
SmolLM2-135M,exact-predictor-prefetch,fp16,8589934592,1099511627776,433,24576,14264017,7266114,28671426.82,0.00,41946.22,28996529.51,28996529.51
SmolLM2-135M,exact-predictor-prefetch,fp16,8589934592,1099511627776,228,40960,14442235,7356899,28707731.58,0.00,0.00,28994422.51,28994422.51
SmolLM2-135M,exact-predictor-prefetch,fp16,8589934592,1099511627776,224,36864,14197995,7232482,28686590.85,0.00,23593.04,28992030.99,28992030.99
SmolLM2-135M,exact-predictor-prefetch,fp16,8589934592,1099511627776,98,12288,14439238,7351184,28704683.63,0.00,0.00,28991152.07,28991152.07
SmolLM2-135M,exact-predictor-prefetch,fp16,8589934592,1099511627776,299,16384,14624897,7445705,28698032.23,0.00,0.00,28988180.59,28988180.59
SmolLM2-135M,exact-predictor-prefetch,fp16,8589934592,1099511627776,433,8192,14034800,7124992,28708811.74,0.00,0.00,28986474.01,28986474.01
SmolLM2-135M,exact-predictor-prefetch,fp16,8589934592,1099511627776,101,8193,13958915,5427573,28700638.72,0.00,73970.66,28986187.24,28986187.24
SmolLM2-135M,exact-predictor-prefetch,fp16,8589934592,1099511627776,433,16384,14418513,7340632,28668529.34,0.00,31003.88,28985590.84,28985590.84
SmolLM2-135M,exact-predictor-prefetch,fp16,8589934592,1099511627776,433,12288,14412900,7337775,28699618.21,0.00,0.00,28985564.60,28985564.60
SmolLM2-135M,exact-predictor-prefetch,fp16,8589934592,1099511627776,299,12288,14330001,7295570,28665360.58,0.00,33380.09,28983043.93,28983043.93
SmolLM2-135M,exact-predictor-prefetch,fp16,8589934592,1099511627776,224,8192,14289834,7254464,28668496.20,0.00,31339.13,28982538.24,28982538.24
SmolLM2-135M,exact-predictor-prefetch,fp16,8589934592,1099511627776,98,8192,14741881,7483953,28673348.47,0.00,16369.69,28981355.61,28981355.61
SmolLM2-135M,exact-predictor-prefetch,fp16,8589934592,1099511627776,299,36864,14317957,7293592,28669326.72,0.00,27446.65,28980999.62,28980999.62
SmolLM2-135M,exact-predictor-prefetch,fp16,8589934592,1099511627776,228,20480,14777310,7523300,28686616.65,0.00,0.00,28979785.96,28979785.96
SmolLM2-135M,exact-predictor-prefetch,fp16,8589934592,2199023255552,228,16384,14242353,7250947,28734976.91,0.00,25504.20,29043047.09,29043047.09
SmolLM2-135M,exact-predictor-prefetch,fp16,8589934592,2199023255552,224,16384,14699592,7483733,28750477.25,0.00,0.00,29042106.13,29042106.13
SmolLM2-135M,exact-predictor-prefetch,fp16,8589934592,2199023255552,228,8192,14029604,7122354,28761146.62,0.00,0.00,29038706.18,29038706.18
SmolLM2-135M,exact-predictor-prefetch,fp16,8589934592,2199023255552,228,12288,13975954,7115320,28735901.24,0.00,2699.10,29015886.05,29015886.05
SmolLM2-135M,exact-predictor-prefetch,fp16,8589934592,2199023255552,224,12288,14637850,7452299,28716014.70,0.00,0.00,29006419.78,29006419.78
SmolLM2-135M,exact-predictor-prefetch,fp16,8589934592,2199023255552,433,45056,14280415,7274467,28701189.63,0.00,17801.37,29002472.68,29002472.68
SmolLM2-135M,exact-predictor-prefetch,fp16,8589934592,2199023255552,433,24576,14264017,7266114,28671426.82,0.00,41946.22,28996529.51,28996529.51
SmolLM2-135M,exact-predictor-prefetch,fp16,8589934592,2199023255552,228,40960,14442235,7356899,28707731.58,0.00,0.00,28994422.51,28994422.51
SmolLM2-135M,exact-predictor-prefetch,fp16,8589934592,2199023255552,224,36864,14197995,7232482,28686590.85,0.00,23593.04,28992030.99,28992030.99
SmolLM2-135M,exact-predictor-prefetch,fp16,8589934592,2199023255552,98,12288,14439238,7351184,28704683.63,0.00,0.00,28991152.07,28991152.07
SmolLM2-135M,exact-predictor-prefetch,fp16,8589934592,2199023255552,299,16384,14624897,7445705,28698032.23,0.00,0.00,28988180.59,28988180.59
SmolLM2-135M,exact-predictor-prefetch,fp16,8589934592,2199023255552,433,8192,14034800,7124992,28708811.74,0.00,0.00,28986474.01,28986474.01
SmolLM2-135M,exact-predictor-prefetch,fp16,8589934592,2199023255552,101,8193,13958915,5427573,28700638.72,0.00,73970.66,28986187.24,28986187.24
SmolLM2-135M,exact-predictor-prefetch,fp16,8589934592,2199023255552,433,16384,14418513,7340632,28668529.34,0.00,31003.88,28985590.84,28985590.84
SmolLM2-135M,exact-predictor-prefetch,fp16,8589934592,2199023255552,433,12288,14412900,7337775,28699618.21,0.00,0.00,28985564.60,28985564.60
SmolLM2-135M,exact-predictor-prefetch,fp16,8589934592,2199023255552,299,12288,14330001,7295570,28665360.58,0.00,33380.09,28983043.93,28983043.93
SmolLM2-135M,exact-predictor-prefetch,fp16,8589934592,2199023255552,224,8192,14289834,7254464,28668496.20,0.00,31339.13,28982538.24,28982538.24
SmolLM2-135M,exact-predictor-prefetch,fp16,8589934592,2199023255552,98,8192,14741881,7483953,28673348.47,0.00,16369.69,28981355.61,28981355.61
SmolLM2-135M,exact-predictor-prefetch,fp16,8589934592,2199023255552,299,36864,14317957,7293592,28669326.72,0.00,27446.65,28980999.62,28980999.62
SmolLM2-135M,exact-predictor-prefetch,fp16,8589934592,2199023255552,228,20480,14777310,7523300,28686616.65,0.00,0.00,28979785.96,28979785.96
SmolLM2-135M,exact-predictor-prefetch,all-q8,67108864,1099511627776,497,85643,8024239,5608757,18180880.31,0.00,0.00,18399512.08,18399512.08
SmolLM2-135M,exact-predictor-prefetch,all-q8,67108864,1099511627776,497,40587,8209526,5738268,18167855.57,0.00,0.00,18391529.50,18391529.50
SmolLM2-135M,exact-predictor-prefetch,all-q8,67108864,1099511627776,59,122507,8330460,5822799,18164427.93,0.00,0.00,18391392.84,18391392.84
SmolLM2-135M,exact-predictor-prefetch,all-q8,67108864,1099511627776,186,85643,8012340,5600440,18171697.21,0.00,0.00,18390005.17,18390005.17
SmolLM2-135M,exact-predictor-prefetch,all-q8,67108864,1099511627776,299,85643,8142502,5691420,18164908.57,0.00,0.00,18386758.59,18386758.59
SmolLM2-135M,exact-predictor-prefetch,all-q8,67108864,1099511627776,464,89739,8305690,5805485,18160355.35,0.00,0.00,18386646.19,18386646.19
SmolLM2-135M,exact-predictor-prefetch,all-q8,67108864,1099511627776,259,65163,8200541,5731988,18162942.74,0.00,0.00,18386372.17,18386372.17
SmolLM2-135M,exact-predictor-prefetch,all-q8,67108864,1099511627776,181,65163,7873678,5503519,18171800.09,0.00,0.00,18386334.70,18386334.70
SmolLM2-135M,exact-predictor-prefetch,all-q8,67108864,1099511627776,59,40587,8134245,5685649,18162708.89,0.00,0.00,18384334.23,18384334.23
SmolLM2-135M,exact-predictor-prefetch,all-q8,67108864,1099511627776,45,89739,8190341,5724859,18161056.02,0.00,0.00,18384207.90,18384207.90
SmolLM2-135M,exact-predictor-prefetch,all-q8,67108864,1099511627776,449,89739,8225068,5749132,18160098.00,0.00,0.00,18384194.89,18384194.89
SmolLM2-135M,exact-predictor-prefetch,all-q8,67108864,1099511627776,474,85643,8012097,5600270,18165312.52,0.00,0.00,18383613.87,18383613.87
SmolLM2-135M,exact-predictor-prefetch,all-q8,67108864,1099511627776,45,85643,8294277,5797507,18157271.28,0.00,0.00,18383251.51,18383251.51
SmolLM2-135M,exact-predictor-prefetch,all-q8,67108864,1099511627776,487,89739,8290877,5795131,18157178.59,0.00,0.00,18383066.32,18383066.32
SmolLM2-135M,exact-predictor-prefetch,all-q8,67108864,1099511627776,245,69259,8309090,5807861,18156574.10,0.00,0.00,18382957.44,18382957.44
SmolLM2-135M,exact-predictor-prefetch,all-q8,67108864,1099511627776,273,85643,8041238,5620639,18163827.10,0.00,0.00,18382921.46,18382921.46
SmolLM2-135M,exact-predictor-prefetch,all-q8,67108864,1099511627776,497,65163,8056779,5631502,18162981.86,0.00,0.00,18382499.14,18382499.14
SmolLM2-135M,exact-predictor-prefetch,all-q8,67108864,1099511627776,181,89739,7944345,5552913,18165769.24,0.00,0.00,18382226.86,18382226.86
SmolLM2-135M,exact-predictor-prefetch,all-q8,67108864,1099511627776,181,40587,8106804,5666468,18160744.34,0.00,0.00,18381622.93,18381622.93
SmolLM2-135M,exact-predictor-prefetch,all-q8,67108864,1099511627776,45,122507,8099762,5661546,18160811.73,0.00,0.00,18381498.69,18381498.69
SmolLM2-135M,exact-predictor-prefetch,all-q8,67108864,2199023255552,497,85643,8024239,5608757,18180880.31,0.00,0.00,18399512.08,18399512.08
SmolLM2-135M,exact-predictor-prefetch,all-q8,67108864,2199023255552,497,40587,8209526,5738268,18167855.57,0.00,0.00,18391529.50,18391529.50
SmolLM2-135M,exact-predictor-prefetch,all-q8,67108864,2199023255552,59,122507,8330460,5822799,18164427.93,0.00,0.00,18391392.84,18391392.84
SmolLM2-135M,exact-predictor-prefetch,all-q8,67108864,2199023255552,186,85643,8012340,5600440,18171697.21,0.00,0.00,18390005.17,18390005.17
SmolLM2-135M,exact-predictor-prefetch,all-q8,67108864,2199023255552,299,85643,8142502,5691420,18164908.57,0.00,0.00,18386758.59,18386758.59
SmolLM2-135M,exact-predictor-prefetch,all-q8,67108864,2199023255552,464,89739,8305690,5805485,18160355.35,0.00,0.00,18386646.19,18386646.19
SmolLM2-135M,exact-predictor-prefetch,all-q8,67108864,2199023255552,259,65163,8200541,5731988,18162942.74,0.00,0.00,18386372.17,18386372.17
SmolLM2-135M,exact-predictor-prefetch,all-q8,67108864,2199023255552,181,65163,7873678,5503519,18171800.09,0.00,0.00,18386334.70,18386334.70
SmolLM2-135M,exact-predictor-prefetch,all-q8,67108864,2199023255552,59,40587,8134245,5685649,18162708.89,0.00,0.00,18384334.23,18384334.23
SmolLM2-135M,exact-predictor-prefetch,all-q8,67108864,2199023255552,45,89739,8190341,5724859,18161056.02,0.00,0.00,18384207.90,18384207.90
SmolLM2-135M,exact-predictor-prefetch,all-q8,67108864,2199023255552,449,89739,8225068,5749132,18160098.00,0.00,0.00,18384194.89,18384194.89
SmolLM2-135M,exact-predictor-prefetch,all-q8,67108864,2199023255552,474,85643,8012097,5600270,18165312.52,0.00,0.00,18383613.87,18383613.87
SmolLM2-135M,exact-predictor-prefetch,all-q8,67108864,2199023255552,45,85643,8294277,5797507,18157271.28,0.00,0.00,18383251.51,18383251.51
SmolLM2-135M,exact-predictor-prefetch,all-q8,67108864,2199023255552,487,89739,8290877,5795131,18157178.59,0.00,0.00,18383066.32,18383066.32
SmolLM2-135M,exact-predictor-prefetch,all-q8,67108864,2199023255552,245,69259,8309090,5807861,18156574.10,0.00,0.00,18382957.44,18382957.44
SmolLM2-135M,exact-predictor-prefetch,all-q8,67108864,2199023255552,273,85643,8041238,5620639,18163827.10,0.00,0.00,18382921.46,18382921.46
SmolLM2-135M,exact-predictor-prefetch,all-q8,67108864,2199023255552,497,65163,8056779,5631502,18162981.86,0.00,0.00,18382499.14,18382499.14
SmolLM2-135M,exact-predictor-prefetch,all-q8,67108864,2199023255552,181,89739,7944345,5552913,18165769.24,0.00,0.00,18382226.86,18382226.86
SmolLM2-135M,exact-predictor-prefetch,all-q8,67108864,2199023255552,181,40587,8106804,5666468,18160744.34,0.00,0.00,18381622.93,18381622.93
SmolLM2-135M,exact-predictor-prefetch,all-q8,67108864,2199023255552,45,122507,8099762,5661546,18160811.73,0.00,0.00,18381498.69,18381498.69
SmolLM2-135M,exact-predictor-prefetch,all-q8,268435456,549755813888,414,8192,7724274,3915101,15778132.17,0.00,0.00,15930826.02,15930826.02
SmolLM2-135M,exact-predictor-prefetch,all-q8,268435456,549755813888,111,8192,8116431,4113868,15755875.79,0.00,9304.35,15925612.45,15925612.45
SmolLM2-135M,exact-predictor-prefetch,all-q8,268435456,549755813888,314,8192,7867548,3987720,15752636.38,0.00,15001.05,15923158.51,15923158.51
SmolLM2-135M,exact-predictor-prefetch,all-q8,268435456,549755813888,338,8192,7932868,4020828,15757404.61,0.00,0.00,15914214.65,15914214.65
SmolLM2-135M,exact-predictor-prefetch,all-q8,268435456,549755813888,271,8192,7727134,3916551,15758655.10,0.00,269.39,15911674.80,15911674.80
SmolLM2-135M,exact-predictor-prefetch,all-q8,268435456,549755813888,191,8192,8101889,4106498,15740777.56,0.00,0.00,15900922.94,15900922.94
SmolLM2-135M,exact-predictor-prefetch,all-q8,268435456,549755813888,143,8192,7956946,4033032,15694222.00,0.00,1518.04,15853025.21,15853025.21
SmolLM2-135M,exact-predictor-prefetch,all-q8,268435456,549755813888,452,8192,8045628,4077981,15667180.52,0.00,6468.32,15832683.99,15832683.99
SmolLM2-135M,exact-predictor-prefetch,all-q8,268435456,549755813888,474,8192,8051350,4080881,15649058.19,0.00,0.00,15808206.24,15808206.24
SmolLM2-135M,exact-predictor-prefetch,all-q8,268435456,549755813888,414,4096,7552137,3905400,15646738.75,0.00,0.00,15799054.92,15799054.92
SmolLM2-135M,exact-predictor-prefetch,all-q8,268435456,549755813888,471,8192,8087824,4099369,15595332.27,0.00,12991.61,15768191.71,15768191.71
SmolLM2-135M,exact-predictor-prefetch,all-q8,268435456,549755813888,314,4096,7787600,4027164,15611133.58,0.00,0.00,15768190.31,15768190.31
SmolLM2-135M,exact-predictor-prefetch,all-q8,268435456,549755813888,271,4096,7714469,3989346,15574320.06,0.00,18129.21,15748033.65,15748033.65
SmolLM2-135M,exact-predictor-prefetch,all-q8,268435456,549755813888,479,8192,7987222,4048378,15580409.10,0.00,0.00,15738291.74,15738291.74
SmolLM2-135M,exact-predictor-prefetch,all-q8,268435456,549755813888,338,4096,7628296,3944784,15564385.75,0.00,0.00,15718235.23,15718235.23
SmolLM2-135M,exact-predictor-prefetch,all-q8,268435456,549755813888,475,8192,7950748,4029890,15549626.15,0.00,0.00,15706789.00,15706789.00
SmolLM2-135M,exact-predictor-prefetch,all-q8,268435456,549755813888,111,12288,7972441,4019020,15532703.51,0.00,0.00,15689443.17,15689443.17
SmolLM2-135M,exact-predictor-prefetch,all-q8,268435456,549755813888,143,16384,8029656,4047862,15529955.64,0.00,0.00,15687818.18,15687818.18
SmolLM2-135M,exact-predictor-prefetch,all-q8,268435456,549755813888,471,12288,8173169,4120209,15526837.02,0.00,0.00,15687516.20,15687516.20
SmolLM2-135M,exact-predictor-prefetch,all-q8,268435456,549755813888,394,12288,7755503,3909658,15532269.21,0.00,0.00,15684751.15,15684751.15
SmolLM2-135M,exact-predictor-prefetch,all-q8,268435456,1099511627776,414,8192,7724274,3915101,15778132.17,0.00,0.00,15930826.02,15930826.02
SmolLM2-135M,exact-predictor-prefetch,all-q8,268435456,1099511627776,111,8192,8116431,4113868,15755875.79,0.00,9304.35,15925612.45,15925612.45
SmolLM2-135M,exact-predictor-prefetch,all-q8,268435456,1099511627776,314,8192,7867548,3987720,15752636.38,0.00,15001.05,15923158.51,15923158.51
SmolLM2-135M,exact-predictor-prefetch,all-q8,268435456,1099511627776,338,8192,7932868,4020828,15757404.61,0.00,0.00,15914214.65,15914214.65
SmolLM2-135M,exact-predictor-prefetch,all-q8,268435456,1099511627776,271,8192,7727134,3916551,15758655.10,0.00,269.39,15911674.80,15911674.80
SmolLM2-135M,exact-predictor-prefetch,all-q8,268435456,1099511627776,191,8192,8101889,4106498,15740777.56,0.00,0.00,15900922.94,15900922.94
SmolLM2-135M,exact-predictor-prefetch,all-q8,268435456,1099511627776,143,8192,7956946,4033032,15694222.00,0.00,1518.04,15853025.21,15853025.21
SmolLM2-135M,exact-predictor-prefetch,all-q8,268435456,1099511627776,452,8192,8045628,4077981,15667180.52,0.00,6468.32,15832683.99,15832683.99
SmolLM2-135M,exact-predictor-prefetch,all-q8,268435456,1099511627776,474,8192,8051350,4080881,15649058.19,0.00,0.00,15808206.24,15808206.24
SmolLM2-135M,exact-predictor-prefetch,all-q8,268435456,1099511627776,414,4096,7552137,3905400,15646738.75,0.00,0.00,15799054.92,15799054.92
SmolLM2-135M,exact-predictor-prefetch,all-q8,268435456,1099511627776,471,8192,8087824,4099369,15595332.27,0.00,12991.61,15768191.71,15768191.71
SmolLM2-135M,exact-predictor-prefetch,all-q8,268435456,1099511627776,314,4096,7787600,4027164,15611133.58,0.00,0.00,15768190.31,15768190.31
SmolLM2-135M,exact-predictor-prefetch,all-q8,268435456,1099511627776,271,4096,7714469,3989346,15574320.06,0.00,18129.21,15748033.65,15748033.65
SmolLM2-135M,exact-predictor-prefetch,all-q8,268435456,1099511627776,479,8192,7987222,4048378,15580409.10,0.00,0.00,15738291.74,15738291.74
SmolLM2-135M,exact-predictor-prefetch,all-q8,268435456,1099511627776,338,4096,7628296,3944784,15564385.75,0.00,0.00,15718235.23,15718235.23
SmolLM2-135M,exact-predictor-prefetch,all-q8,268435456,1099511627776,475,8192,7950748,4029890,15549626.15,0.00,0.00,15706789.00,15706789.00
SmolLM2-135M,exact-predictor-prefetch,all-q8,268435456,1099511627776,111,12288,7972441,4019020,15532703.51,0.00,0.00,15689443.17,15689443.17
SmolLM2-135M,exact-predictor-prefetch,all-q8,268435456,1099511627776,143,16384,8029656,4047862,15529955.64,0.00,0.00,15687818.18,15687818.18
SmolLM2-135M,exact-predictor-prefetch,all-q8,268435456,1099511627776,471,12288,8173169,4120209,15526837.02,0.00,0.00,15687516.20,15687516.20
SmolLM2-135M,exact-predictor-prefetch,all-q8,268435456,1099511627776,394,12288,7755503,3909658,15532269.21,0.00,0.00,15684751.15,15684751.15
SmolLM2-135M,exact-predictor-prefetch,all-q8,268435456,2199023255552,414,8192,7724274,3915101,15778132.17,0.00,0.00,15930826.02,15930826.02
SmolLM2-135M,exact-predictor-prefetch,all-q8,268435456,2199023255552,111,8192,8116431,4113868,15755875.79,0.00,9304.35,15925612.45,15925612.45
SmolLM2-135M,exact-predictor-prefetch,all-q8,268435456,2199023255552,314,8192,7867548,3987720,15752636.38,0.00,15001.05,15923158.51,15923158.51
SmolLM2-135M,exact-predictor-prefetch,all-q8,268435456,2199023255552,338,8192,7932868,4020828,15757404.61,0.00,0.00,15914214.65,15914214.65
SmolLM2-135M,exact-predictor-prefetch,all-q8,268435456,2199023255552,271,8192,7727134,3916551,15758655.10,0.00,269.39,15911674.80,15911674.80
SmolLM2-135M,exact-predictor-prefetch,all-q8,268435456,2199023255552,191,8192,8101889,4106498,15740777.56,0.00,0.00,15900922.94,15900922.94
SmolLM2-135M,exact-predictor-prefetch,all-q8,268435456,2199023255552,143,8192,7956946,4033032,15694222.00,0.00,1518.04,15853025.21,15853025.21
SmolLM2-135M,exact-predictor-prefetch,all-q8,268435456,2199023255552,452,8192,8045628,4077981,15667180.52,0.00,6468.32,15832683.99,15832683.99
SmolLM2-135M,exact-predictor-prefetch,all-q8,268435456,2199023255552,474,8192,8051350,4080881,15649058.19,0.00,0.00,15808206.24,15808206.24
SmolLM2-135M,exact-predictor-prefetch,all-q8,268435456,2199023255552,414,4096,7552137,3905400,15646738.75,0.00,0.00,15799054.92,15799054.92
SmolLM2-135M,exact-predictor-prefetch,all-q8,268435456,2199023255552,471,8192,8087824,4099369,15595332.27,0.00,12991.61,15768191.71,15768191.71
SmolLM2-135M,exact-predictor-prefetch,all-q8,268435456,2199023255552,314,4096,7787600,4027164,15611133.58,0.00,0.00,15768190.31,15768190.31
SmolLM2-135M,exact-predictor-prefetch,all-q8,268435456,2199023255552,271,4096,7714469,3989346,15574320.06,0.00,18129.21,15748033.65,15748033.65
SmolLM2-135M,exact-predictor-prefetch,all-q8,268435456,2199023255552,479,8192,7987222,4048378,15580409.10,0.00,0.00,15738291.74,15738291.74
SmolLM2-135M,exact-predictor-prefetch,all-q8,268435456,2199023255552,338,4096,7628296,3944784,15564385.75,0.00,0.00,15718235.23,15718235.23
SmolLM2-135M,exact-predictor-prefetch,all-q8,268435456,2199023255552,475,8192,7950748,4029890,15549626.15,0.00,0.00,15706789.00,15706789.00
SmolLM2-135M,exact-predictor-prefetch,all-q8,268435456,2199023255552,111,12288,7972441,4019020,15532703.51,0.00,0.00,15689443.17,15689443.17
SmolLM2-135M,exact-predictor-prefetch,all-q8,268435456,2199023255552,143,16384,8029656,4047862,15529955.64,0.00,0.00,15687818.18,15687818.18
SmolLM2-135M,exact-predictor-prefetch,all-q8,268435456,2199023255552,471,12288,8173169,4120209,15526837.02,0.00,0.00,15687516.20,15687516.20
SmolLM2-135M,exact-predictor-prefetch,all-q8,268435456,2199023255552,394,12288,7755503,3909658,15532269.21,0.00,0.00,15684751.15,15684751.15
SmolLM2-135M,exact-predictor-prefetch,all-q8,1073741824,549755813888,56,8192,7681902,3787987,15674702.54,0.00,0.00,15822447.56,15822447.56
SmolLM2-135M,exact-predictor-prefetch,all-q8,1073741824,549755813888,196,8192,7824391,3858249,15614814.71,0.00,20846.71,15786141.90,15786141.90
SmolLM2-135M,exact-predictor-prefetch,all-q8,1073741824,549755813888,143,8192,7684747,3789390,15603544.98,0.00,1927.29,15753271.91,15753271.91
SmolLM2-135M,exact-predictor-prefetch,all-q8,1073741824,549755813888,210,8192,7889353,3890282,15571244.46,0.00,0.00,15722972.05,15722972.05
SmolLM2-135M,exact-predictor-prefetch,all-q8,1073741824,549755813888,244,8192,8071909,3980301,15527380.19,0.00,14528.86,15697141.29,15697141.29
SmolLM2-135M,exact-predictor-prefetch,all-q8,1073741824,549755813888,196,16384,8049411,3980184,15529890.61,0.00,0.00,15685118.29,15685118.29
SmolLM2-135M,exact-predictor-prefetch,all-q8,1073741824,549755813888,244,12288,7906843,3909689,15532236.20,0.00,0.00,15684719.35,15684719.35
SmolLM2-135M,exact-predictor-prefetch,all-q8,1073741824,549755813888,210,12288,7847025,3880111,15508676.41,0.00,23296.87,15683304.89,15683304.89
SmolLM2-135M,exact-predictor-prefetch,all-q8,1073741824,549755813888,196,12288,8015601,3963466,15524857.44,0.00,0.00,15679434.25,15679434.25
SmolLM2-135M,exact-predictor-prefetch,all-q8,1073741824,549755813888,56,16384,7799030,3856378,15505895.74,0.00,22923.44,15679226.81,15679226.81
SmolLM2-135M,exact-predictor-prefetch,all-q8,1073741824,549755813888,210,16384,8008508,3959959,15513378.40,0.00,10947.74,15678766.42,15678766.42
SmolLM2-135M,exact-predictor-prefetch,all-q8,1073741824,549755813888,143,16384,7895494,3904077,15497614.74,0.00,24947.34,15674826.74,15674826.74
SmolLM2-135M,exact-predictor-prefetch,all-q8,1073741824,549755813888,269,73728,7977613,3946865,15505931.29,0.00,14566.76,15674428.55,15674428.55
SmolLM2-135M,exact-predictor-prefetch,all-q8,1073741824,549755813888,196,70148,6894359,571005,10060686.19,47558.21,64896.49,10195641.43,15673981.19
SmolLM2-135M,exact-predictor-prefetch,all-q8,1073741824,549755813888,210,70148,7140553,591395,10078766.29,46493.95,63977.20,10212531.81,15673981.19
SmolLM2-135M,exact-predictor-prefetch,all-q8,1073741824,549755813888,356,549,6663295,680469,273355.40,38901.46,56512.12,395531.20,15673981.19
SmolLM2-135M,exact-predictor-prefetch,all-q8,1073741824,549755813888,294,549,6561342,670057,190453.60,25126.23,56774.13,298710.82,15673981.19
SmolLM2-135M,exact-predictor-prefetch,all-q8,1073741824,549755813888,131,549,6532156,667077,176386.17,28905.86,59855.93,291388.79,15673981.19
SmolLM2-135M,exact-predictor-prefetch,all-q8,1073741824,549755813888,302,549,6659943,680126,162046.88,31423.27,57996.40,278215.41,15673981.19
SmolLM2-135M,exact-predictor-prefetch,all-q8,1073741824,549755813888,129,549,6540636,667942,287701.83,30586.58,58724.85,403287.77,15673981.19
SmolLM2-135M,exact-predictor-prefetch,all-q8,1073741824,1099511627776,56,8192,7681902,3787987,15674702.54,0.00,0.00,15822447.56,15822447.56
SmolLM2-135M,exact-predictor-prefetch,all-q8,1073741824,1099511627776,196,8192,7824391,3858249,15614814.71,0.00,20846.71,15786141.90,15786141.90
SmolLM2-135M,exact-predictor-prefetch,all-q8,1073741824,1099511627776,143,8192,7684747,3789390,15603544.98,0.00,1927.29,15753271.91,15753271.91
SmolLM2-135M,exact-predictor-prefetch,all-q8,1073741824,1099511627776,210,8192,7889353,3890282,15571244.46,0.00,0.00,15722972.05,15722972.05
SmolLM2-135M,exact-predictor-prefetch,all-q8,1073741824,1099511627776,244,8192,8071909,3980301,15527380.19,0.00,14528.86,15697141.29,15697141.29
SmolLM2-135M,exact-predictor-prefetch,all-q8,1073741824,1099511627776,196,16384,8049411,3980184,15529890.61,0.00,0.00,15685118.29,15685118.29
SmolLM2-135M,exact-predictor-prefetch,all-q8,1073741824,1099511627776,244,12288,7906843,3909689,15532236.20,0.00,0.00,15684719.35,15684719.35
SmolLM2-135M,exact-predictor-prefetch,all-q8,1073741824,1099511627776,210,12288,7847025,3880111,15508676.41,0.00,23296.87,15683304.89,15683304.89
SmolLM2-135M,exact-predictor-prefetch,all-q8,1073741824,1099511627776,244,98304,8027945,3971767,15525022.12,0.00,0.00,15679922.11,15679922.11
SmolLM2-135M,exact-predictor-prefetch,all-q8,1073741824,1099511627776,196,12288,8015601,3963466,15524857.44,0.00,0.00,15679434.25,15679434.25
SmolLM2-135M,exact-predictor-prefetch,all-q8,1073741824,1099511627776,56,16384,7799030,3856378,15505895.74,0.00,22923.44,15679226.81,15679226.81
SmolLM2-135M,exact-predictor-prefetch,all-q8,1073741824,1099511627776,210,16384,8008508,3959959,15513378.40,0.00,10947.74,15678766.42,15678766.42
SmolLM2-135M,exact-predictor-prefetch,all-q8,1073741824,1099511627776,143,106496,8112069,4013386,15519215.77,0.00,0.00,15675736.09,15675736.09
SmolLM2-135M,exact-predictor-prefetch,all-q8,1073741824,1099511627776,143,16384,7895494,3904077,15497614.74,0.00,24947.34,15674826.74,15674826.74
SmolLM2-135M,exact-predictor-prefetch,all-q8,1073741824,1099511627776,269,73728,7977613,3946865,15505931.29,0.00,14566.76,15674428.55,15674428.55
SmolLM2-135M,exact-predictor-prefetch,all-q8,1073741824,1099511627776,196,70148,6894359,571005,10060686.19,47558.21,64896.49,10195641.43,15673981.19
SmolLM2-135M,exact-predictor-prefetch,all-q8,1073741824,1099511627776,210,70148,7140553,591395,10078766.29,46493.95,63977.20,10212531.81,15673981.19
SmolLM2-135M,exact-predictor-prefetch,all-q8,1073741824,1099511627776,294,549,6561342,670057,190453.60,25126.23,56774.13,298710.82,15673981.19
SmolLM2-135M,exact-predictor-prefetch,all-q8,1073741824,1099511627776,356,549,6663295,680469,273355.40,38901.46,56512.12,395531.20,15673981.19
SmolLM2-135M,exact-predictor-prefetch,all-q8,1073741824,1099511627776,131,549,6532156,667077,176386.17,28905.86,59855.93,291388.79,15673981.19
SmolLM2-135M,exact-predictor-prefetch,all-q8,1073741824,2199023255552,56,8192,7681902,3787987,15674702.54,0.00,0.00,15822447.56,15822447.56
SmolLM2-135M,exact-predictor-prefetch,all-q8,1073741824,2199023255552,196,8192,7824391,3858249,15614814.71,0.00,20846.71,15786141.90,15786141.90
SmolLM2-135M,exact-predictor-prefetch,all-q8,1073741824,2199023255552,143,8192,7684747,3789390,15603544.98,0.00,1927.29,15753271.91,15753271.91
SmolLM2-135M,exact-predictor-prefetch,all-q8,1073741824,2199023255552,210,8192,7889353,3890282,15571244.46,0.00,0.00,15722972.05,15722972.05
SmolLM2-135M,exact-predictor-prefetch,all-q8,1073741824,2199023255552,244,8192,8071909,3980301,15527380.19,0.00,14528.86,15697141.29,15697141.29
SmolLM2-135M,exact-predictor-prefetch,all-q8,1073741824,2199023255552,196,16384,8049411,3980184,15529890.61,0.00,0.00,15685118.29,15685118.29
SmolLM2-135M,exact-predictor-prefetch,all-q8,1073741824,2199023255552,244,12288,7906843,3909689,15532236.20,0.00,0.00,15684719.35,15684719.35
SmolLM2-135M,exact-predictor-prefetch,all-q8,1073741824,2199023255552,210,12288,7847025,3880111,15508676.41,0.00,23296.87,15683304.89,15683304.89
SmolLM2-135M,exact-predictor-prefetch,all-q8,1073741824,2199023255552,244,98304,8027945,3971767,15525022.12,0.00,0.00,15679922.11,15679922.11
SmolLM2-135M,exact-predictor-prefetch,all-q8,1073741824,2199023255552,196,12288,8015601,3963466,15524857.44,0.00,0.00,15679434.25,15679434.25
SmolLM2-135M,exact-predictor-prefetch,all-q8,1073741824,2199023255552,56,16384,7799030,3856378,15505895.74,0.00,22923.44,15679226.81,15679226.81
SmolLM2-135M,exact-predictor-prefetch,all-q8,1073741824,2199023255552,210,16384,8008508,3959959,15513378.40,0.00,10947.74,15678766.42,15678766.42
SmolLM2-135M,exact-predictor-prefetch,all-q8,1073741824,2199023255552,143,106496,8112069,4013386,15519215.77,0.00,0.00,15675736.09,15675736.09
SmolLM2-135M,exact-predictor-prefetch,all-q8,1073741824,2199023255552,143,16384,7895494,3904077,15497614.74,0.00,24947.34,15674826.74,15674826.74
SmolLM2-135M,exact-predictor-prefetch,all-q8,1073741824,2199023255552,269,73728,7977613,3946865,15505931.29,0.00,14566.76,15674428.55,15674428.55
SmolLM2-135M,exact-predictor-prefetch,all-q8,1073741824,2199023255552,196,70148,6894359,571005,10060686.19,47558.21,64896.49,10195641.43,15673981.19
SmolLM2-135M,exact-predictor-prefetch,all-q8,1073741824,2199023255552,210,70148,7140553,591395,10078766.29,46493.95,63977.20,10212531.81,15673981.19
SmolLM2-135M,exact-predictor-prefetch,all-q8,1073741824,2199023255552,294,549,6561342,670057,190453.60,25126.23,56774.13,298710.82,15673981.19
SmolLM2-135M,exact-predictor-prefetch,all-q8,1073741824,2199023255552,356,549,6663295,680469,273355.40,38901.46,56512.12,395531.20,15673981.19
SmolLM2-135M,exact-predictor-prefetch,all-q8,1073741824,2199023255552,131,549,6532156,667077,176386.17,28905.86,59855.93,291388.79,15673981.19
SmolLM2-135M,exact-predictor-prefetch,all-q8,4294967296,549755813888,286,549,5374513,177964,225551.10,40899.92,50554.32,324203.89,15673981.19
SmolLM2-135M,exact-predictor-prefetch,all-q8,4294967296,549755813888,499,549,5179262,171498,229428.69,39705.21,50439.51,326520.22,15673981.19
SmolLM2-135M,exact-predictor-prefetch,all-q8,4294967296,549755813888,129,549,5239448,173491,221766.71,40417.60,50405.95,319614.67,15673981.19
SmolLM2-135M,exact-predictor-prefetch,all-q8,4294967296,549755813888,302,549,5335020,176656,116129.60,38338.77,50438.54,212054.53,15673981.19
SmolLM2-135M,exact-predictor-prefetch,all-q8,4294967296,549755813888,356,549,5337706,176745,217914.52,38822.52,48319.36,312207.49,15673981.19
SmolLM2-135M,exact-predictor-prefetch,all-q8,4294967296,549755813888,294,549,5256035,174040,123759.65,35209.09,49431.68,215446.19,15673981.19
SmolLM2-135M,exact-predictor-prefetch,all-q8,4294967296,549755813888,500,549,5113388,169317,227660.33,40008.03,50315.18,324845.44,15673981.19
SmolLM2-135M,exact-predictor-prefetch,all-q8,4294967296,549755813888,253,549,5388730,178434,0.00,0.00,0.00,7216.84,15673981.19
SmolLM2-135M,exact-predictor-prefetch,all-q8,4294967296,549755813888,508,549,5338338,176766,3887.38,0.00,0.00,11039.28,15673981.19
SmolLM2-135M,exact-predictor-prefetch,all-q8,4294967296,549755813888,269,549,5152249,170604,3824.50,0.00,0.00,10736.50,15673981.19
SmolLM2-135M,exact-predictor-prefetch,all-q8,4294967296,549755813888,0,549,5297581,175416,0.00,0.00,0.00,7099.35,15673981.19
SmolLM2-135M,exact-predictor-prefetch,all-q8,4294967296,549755813888,258,549,5319855,176154,110763.35,40179.55,49964.07,208035.05,15673981.19
SmolLM2-135M,exact-predictor-prefetch,all-q8,4294967296,549755813888,504,549,5348764,177111,118426.19,37604.84,50083.58,213279.94,15673981.19
SmolLM2-135M,exact-predictor-prefetch,all-q8,4294967296,549755813888,131,549,5232656,173266,119979.94,37461.04,49289.96,213746.58,15673981.19
SmolLM2-135M,exact-predictor-prefetch,all-q8,4294967296,549755813888,125,549,5232972,173277,7740.00,0.00,0.00,14756.07,15673981.19
SmolLM2-135M,exact-predictor-prefetch,all-q8,4294967296,549755813888,144,549,5308481,175777,0.00,0.00,0.00,7113.40,15673981.19
SmolLM2-135M,exact-predictor-prefetch,all-q8,4294967296,549755813888,359,549,5108965,169171,112435.21,39097.97,50204.00,208593.39,15673981.19
SmolLM2-135M,exact-predictor-prefetch,all-q8,4294967296,549755813888,503,549,5368510,177765,114603.23,38260.67,50274.68,210329.38,15673981.19
SmolLM2-135M,exact-predictor-prefetch,all-q8,4294967296,549755813888,14,549,5260932,174203,0.00,0.00,0.00,7052.12,15673981.19
SmolLM2-135M,exact-predictor-prefetch,all-q8,4294967296,549755813888,71,549,5123340,169647,109772.75,40236.79,49430.51,206314.80,15673981.19
SmolLM2-135M,exact-predictor-prefetch,all-q8,4294967296,1099511627776,286,549,5374513,177964,225551.10,40899.92,50554.32,324203.89,15673981.19
SmolLM2-135M,exact-predictor-prefetch,all-q8,4294967296,1099511627776,499,549,5179262,171498,229428.69,39705.21,50439.51,326520.22,15673981.19
SmolLM2-135M,exact-predictor-prefetch,all-q8,4294967296,1099511627776,129,549,5239448,173491,221766.71,40417.60,50405.95,319614.67,15673981.19
SmolLM2-135M,exact-predictor-prefetch,all-q8,4294967296,1099511627776,302,549,5335020,176656,116129.60,38338.77,50438.54,212054.53,15673981.19
SmolLM2-135M,exact-predictor-prefetch,all-q8,4294967296,1099511627776,356,549,5337706,176745,217914.52,38822.52,48319.36,312207.49,15673981.19
SmolLM2-135M,exact-predictor-prefetch,all-q8,4294967296,1099511627776,294,549,5256035,174040,123759.65,35209.09,49431.68,215446.19,15673981.19
SmolLM2-135M,exact-predictor-prefetch,all-q8,4294967296,1099511627776,500,549,5113388,169317,227660.33,40008.03,50315.18,324845.44,15673981.19
SmolLM2-135M,exact-predictor-prefetch,all-q8,4294967296,1099511627776,253,549,5388730,178434,0.00,0.00,0.00,7216.84,15673981.19
SmolLM2-135M,exact-predictor-prefetch,all-q8,4294967296,1099511627776,508,549,5338338,176766,3887.38,0.00,0.00,11039.28,15673981.19
SmolLM2-135M,exact-predictor-prefetch,all-q8,4294967296,1099511627776,269,549,5152249,170604,3824.50,0.00,0.00,10736.50,15673981.19
SmolLM2-135M,exact-predictor-prefetch,all-q8,4294967296,1099511627776,0,549,5297581,175416,0.00,0.00,0.00,7099.35,15673981.19
SmolLM2-135M,exact-predictor-prefetch,all-q8,4294967296,1099511627776,258,549,5319855,176154,110763.35,40179.55,49964.07,208035.05,15673981.19
SmolLM2-135M,exact-predictor-prefetch,all-q8,4294967296,1099511627776,504,549,5348764,177111,118426.19,37604.84,50083.58,213279.94,15673981.19
SmolLM2-135M,exact-predictor-prefetch,all-q8,4294967296,1099511627776,131,549,5232656,173266,119979.94,37461.04,49289.96,213746.58,15673981.19
SmolLM2-135M,exact-predictor-prefetch,all-q8,4294967296,1099511627776,125,549,5232972,173277,7740.00,0.00,0.00,14756.07,15673981.19
SmolLM2-135M,exact-predictor-prefetch,all-q8,4294967296,1099511627776,144,549,5308481,175777,0.00,0.00,0.00,7113.40,15673981.19
SmolLM2-135M,exact-predictor-prefetch,all-q8,4294967296,1099511627776,359,549,5108965,169171,112435.21,39097.97,50204.00,208593.39,15673981.19
SmolLM2-135M,exact-predictor-prefetch,all-q8,4294967296,1099511627776,503,549,5368510,177765,114603.23,38260.67,50274.68,210329.38,15673981.19
SmolLM2-135M,exact-predictor-prefetch,all-q8,4294967296,1099511627776,14,549,5260932,174203,0.00,0.00,0.00,7052.12,15673981.19
SmolLM2-135M,exact-predictor-prefetch,all-q8,4294967296,1099511627776,71,549,5123340,169647,109772.75,40236.79,49430.51,206314.80,15673981.19
SmolLM2-135M,exact-predictor-prefetch,all-q8,8589934592,549755813888,259,551,0,4273,519.06,0.00,0.00,955.42,15673981.19
SmolLM2-135M,exact-predictor-prefetch,all-q8,8589934592,549755813888,508,551,0,4442,521.29,0.00,0.00,964.23,15673981.19
SmolLM2-135M,exact-predictor-prefetch,all-q8,8589934592,549755813888,269,551,0,4295,518.17,0.00,0.00,955.38,15673981.19
SmolLM2-135M,exact-predictor-prefetch,all-q8,8589934592,549755813888,294,551,0,4365,259.65,0.00,0.00,699.59,15673981.19
SmolLM2-135M,exact-predictor-prefetch,all-q8,8589934592,549755813888,181,551,0,4410,261.40,0.00,0.00,703.09,15673981.19
SmolLM2-135M,exact-predictor-prefetch,all-q8,8589934592,549755813888,72,551,0,4335,261.08,0.00,0.00,699.85,15673981.19
SmolLM2-135M,exact-predictor-prefetch,all-q8,8589934592,549755813888,253,551,0,4441,520.58,0.00,0.00,963.48,15673981.19
SmolLM2-135M,exact-predictor-prefetch,all-q8,8589934592,549755813888,125,551,0,4303,0.00,0.00,0.00,437.53,15673981.19
SmolLM2-135M,exact-predictor-prefetch,all-q8,8589934592,549755813888,482,551,0,4339,0.00,0.00,0.00,438.93,15673981.19
SmolLM2-135M,exact-predictor-prefetch,all-q8,8589934592,549755813888,138,551,0,4290,0.00,0.00,0.00,437.02,15673981.19
SmolLM2-135M,exact-predictor-prefetch,all-q8,8589934592,549755813888,0,551,0,4300,0.00,0.00,0.00,437.41,15673981.19
SmolLM2-135M,exact-predictor-prefetch,all-q8,8589934592,549755813888,264,551,0,4447,258.65,0.00,0.00,701.78,15673981.19
SmolLM2-135M,exact-predictor-prefetch,all-q8,8589934592,549755813888,62,551,0,4462,260.12,0.00,0.00,703.84,15673981.19
SmolLM2-135M,exact-predictor-prefetch,all-q8,8589934592,549755813888,273,551,0,4404,260.40,0.00,0.00,701.85,15673981.19
SmolLM2-135M,exact-predictor-prefetch,all-q8,8589934592,549755813888,191,551,0,4255,0.00,0.00,0.00,435.66,15673981.19
SmolLM2-135M,exact-predictor-prefetch,all-q8,8589934592,549755813888,71,551,0,4326,0.00,0.00,0.00,438.42,15673981.19
SmolLM2-135M,exact-predictor-prefetch,all-q8,8589934592,549755813888,368,551,0,4262,259.38,0.00,0.00,695.30,15673981.19
SmolLM2-135M,exact-predictor-prefetch,all-q8,8589934592,549755813888,14,551,0,4295,259.58,0.00,0.00,696.80,15673981.19
SmolLM2-135M,exact-predictor-prefetch,all-q8,8589934592,549755813888,254,551,0,4387,0.00,0.00,0.00,440.80,15673981.19
SmolLM2-135M,exact-predictor-prefetch,all-q8,8589934592,549755813888,297,551,0,4372,0.00,0.00,0.00,440.21,15673981.19
SmolLM2-135M,exact-predictor-prefetch,all-q8,4294967296,2199023255552,286,549,5374513,177964,225551.10,40899.92,50554.32,324203.89,15673981.19
SmolLM2-135M,exact-predictor-prefetch,all-q8,4294967296,2199023255552,499,549,5179262,171498,229428.69,39705.21,50439.51,326520.22,15673981.19
SmolLM2-135M,exact-predictor-prefetch,all-q8,4294967296,2199023255552,129,549,5239448,173491,221766.71,40417.60,50405.95,319614.67,15673981.19
SmolLM2-135M,exact-predictor-prefetch,all-q8,4294967296,2199023255552,302,549,5335020,176656,116129.60,38338.77,50438.54,212054.53,15673981.19
SmolLM2-135M,exact-predictor-prefetch,all-q8,4294967296,2199023255552,356,549,5337706,176745,217914.52,38822.52,48319.36,312207.49,15673981.19
SmolLM2-135M,exact-predictor-prefetch,all-q8,4294967296,2199023255552,294,549,5256035,174040,123759.65,35209.09,49431.68,215446.19,15673981.19
SmolLM2-135M,exact-predictor-prefetch,all-q8,4294967296,2199023255552,500,549,5113388,169317,227660.33,40008.03,50315.18,324845.44,15673981.19
SmolLM2-135M,exact-predictor-prefetch,all-q8,4294967296,2199023255552,253,549,5388730,178434,0.00,0.00,0.00,7216.84,15673981.19
SmolLM2-135M,exact-predictor-prefetch,all-q8,4294967296,2199023255552,508,549,5338338,176766,3887.38,0.00,0.00,11039.28,15673981.19
SmolLM2-135M,exact-predictor-prefetch,all-q8,4294967296,2199023255552,269,549,5152249,170604,3824.50,0.00,0.00,10736.50,15673981.19
SmolLM2-135M,exact-predictor-prefetch,all-q8,4294967296,2199023255552,0,549,5297581,175416,0.00,0.00,0.00,7099.35,15673981.19
SmolLM2-135M,exact-predictor-prefetch,all-q8,4294967296,2199023255552,258,549,5319855,176154,110763.35,40179.55,49964.07,208035.05,15673981.19
SmolLM2-135M,exact-predictor-prefetch,all-q8,4294967296,2199023255552,504,549,5348764,177111,118426.19,37604.84,50083.58,213279.94,15673981.19
SmolLM2-135M,exact-predictor-prefetch,all-q8,4294967296,2199023255552,131,549,5232656,173266,119979.94,37461.04,49289.96,213746.58,15673981.19
SmolLM2-135M,exact-predictor-prefetch,all-q8,4294967296,2199023255552,125,549,5232972,173277,7740.00,0.00,0.00,14756.07,15673981.19
SmolLM2-135M,exact-predictor-prefetch,all-q8,4294967296,2199023255552,144,549,5308481,175777,0.00,0.00,0.00,7113.40,15673981.19
SmolLM2-135M,exact-predictor-prefetch,all-q8,4294967296,2199023255552,359,549,5108965,169171,112435.21,39097.97,50204.00,208593.39,15673981.19
SmolLM2-135M,exact-predictor-prefetch,all-q8,4294967296,2199023255552,503,549,5368510,177765,114603.23,38260.67,50274.68,210329.38,15673981.19
SmolLM2-135M,exact-predictor-prefetch,all-q8,4294967296,2199023255552,14,549,5260932,174203,0.00,0.00,0.00,7052.12,15673981.19
SmolLM2-135M,exact-predictor-prefetch,all-q8,4294967296,2199023255552,71,549,5123340,169647,109772.75,40236.79,49430.51,206314.80,15673981.19
SmolLM2-135M,exact-predictor-prefetch,safe-mixed,67108864,549755813888,497,85643,8024239,5608757,18180880.31,0.00,0.00,18399512.08,18399512.08
SmolLM2-135M,exact-predictor-prefetch,safe-mixed,67108864,549755813888,497,40587,8209526,5738268,18167855.57,0.00,0.00,18391529.50,18391529.50
SmolLM2-135M,exact-predictor-prefetch,safe-mixed,67108864,549755813888,186,85643,8012340,5600440,18171697.21,0.00,0.00,18390005.17,18390005.17
SmolLM2-135M,exact-predictor-prefetch,safe-mixed,67108864,549755813888,299,85643,8142502,5691420,18164908.57,0.00,0.00,18386758.59,18386758.59
SmolLM2-135M,exact-predictor-prefetch,safe-mixed,67108864,549755813888,259,65163,8200541,5731988,18162942.74,0.00,0.00,18386372.17,18386372.17
SmolLM2-135M,exact-predictor-prefetch,safe-mixed,67108864,549755813888,181,65163,7873678,5503519,18171800.09,0.00,0.00,18386334.70,18386334.70
SmolLM2-135M,exact-predictor-prefetch,safe-mixed,67108864,549755813888,59,40587,8134245,5685649,18162708.89,0.00,0.00,18384334.23,18384334.23
SmolLM2-135M,exact-predictor-prefetch,safe-mixed,67108864,549755813888,474,85643,8012097,5600270,18165312.52,0.00,0.00,18383613.87,18383613.87
SmolLM2-135M,exact-predictor-prefetch,safe-mixed,67108864,549755813888,45,85643,8294277,5797507,18157271.28,0.00,0.00,18383251.51,18383251.51
SmolLM2-135M,exact-predictor-prefetch,safe-mixed,67108864,549755813888,245,69259,8309090,5807861,18156574.10,0.00,0.00,18382957.44,18382957.44
SmolLM2-135M,exact-predictor-prefetch,safe-mixed,67108864,549755813888,273,85643,8041238,5620639,18163827.10,0.00,0.00,18382921.46,18382921.46
SmolLM2-135M,exact-predictor-prefetch,safe-mixed,67108864,549755813888,497,65163,8056779,5631502,18162981.86,0.00,0.00,18382499.14,18382499.14
SmolLM2-135M,exact-predictor-prefetch,safe-mixed,67108864,549755813888,181,40587,8106804,5666468,18160744.34,0.00,0.00,18381622.93,18381622.93
SmolLM2-135M,exact-predictor-prefetch,safe-mixed,67108864,549755813888,245,65163,8132303,5684291,18159645.16,0.00,0.00,18381217.64,18381217.64
SmolLM2-135M,exact-predictor-prefetch,safe-mixed,67108864,549755813888,226,85643,7993884,5587540,18163056.23,0.00,0.00,18380861.97,18380861.97
SmolLM2-135M,exact-predictor-prefetch,safe-mixed,67108864,549755813888,245,85643,8072321,5642365,18160471.66,0.00,0.00,18380411.86,18380411.86
SmolLM2-135M,exact-predictor-prefetch,safe-mixed,67108864,549755813888,259,85643,8209769,5738438,18156361.71,0.00,0.00,18380042.26,18380042.26
SmolLM2-135M,exact-predictor-prefetch,safe-mixed,67108864,549755813888,245,40587,8202726,5733516,18156296.52,0.00,0.00,18379785.44,18379785.44
SmolLM2-135M,exact-predictor-prefetch,safe-mixed,67108864,549755813888,129,40587,8198598,5730630,18156347.87,0.00,0.00,18379724.43,18379724.43
SmolLM2-135M,exact-predictor-prefetch,safe-mixed,67108864,549755813888,51,85643,8233324,5754903,18155333.15,0.00,0.00,18379654.71,18379654.71
SmolLM2-135M,exact-predictor-prefetch,safe-mixed,67108864,1099511627776,497,85643,8024239,5608757,18180880.31,0.00,0.00,18399512.08,18399512.08
SmolLM2-135M,exact-predictor-prefetch,safe-mixed,67108864,1099511627776,497,40587,8209526,5738268,18167855.57,0.00,0.00,18391529.50,18391529.50
SmolLM2-135M,exact-predictor-prefetch,safe-mixed,67108864,1099511627776,59,122507,8330460,5822799,18164427.93,0.00,0.00,18391392.84,18391392.84
SmolLM2-135M,exact-predictor-prefetch,safe-mixed,67108864,1099511627776,186,85643,8012340,5600440,18171697.21,0.00,0.00,18390005.17,18390005.17
SmolLM2-135M,exact-predictor-prefetch,safe-mixed,67108864,1099511627776,299,85643,8142502,5691420,18164908.57,0.00,0.00,18386758.59,18386758.59
SmolLM2-135M,exact-predictor-prefetch,safe-mixed,67108864,1099511627776,464,89739,8305690,5805485,18160355.35,0.00,0.00,18386646.19,18386646.19
SmolLM2-135M,exact-predictor-prefetch,safe-mixed,67108864,1099511627776,259,65163,8200541,5731988,18162942.74,0.00,0.00,18386372.17,18386372.17
SmolLM2-135M,exact-predictor-prefetch,safe-mixed,67108864,1099511627776,181,65163,7873678,5503519,18171800.09,0.00,0.00,18386334.70,18386334.70
SmolLM2-135M,exact-predictor-prefetch,safe-mixed,67108864,1099511627776,59,40587,8134245,5685649,18162708.89,0.00,0.00,18384334.23,18384334.23
SmolLM2-135M,exact-predictor-prefetch,safe-mixed,67108864,1099511627776,45,89739,8190341,5724859,18161056.02,0.00,0.00,18384207.90,18384207.90
SmolLM2-135M,exact-predictor-prefetch,safe-mixed,67108864,1099511627776,449,89739,8225068,5749132,18160098.00,0.00,0.00,18384194.89,18384194.89
SmolLM2-135M,exact-predictor-prefetch,safe-mixed,67108864,1099511627776,474,85643,8012097,5600270,18165312.52,0.00,0.00,18383613.87,18383613.87
SmolLM2-135M,exact-predictor-prefetch,safe-mixed,67108864,1099511627776,45,85643,8294277,5797507,18157271.28,0.00,0.00,18383251.51,18383251.51
SmolLM2-135M,exact-predictor-prefetch,safe-mixed,67108864,1099511627776,487,89739,8290877,5795131,18157178.59,0.00,0.00,18383066.32,18383066.32
SmolLM2-135M,exact-predictor-prefetch,safe-mixed,67108864,1099511627776,245,69259,8309090,5807861,18156574.10,0.00,0.00,18382957.44,18382957.44
SmolLM2-135M,exact-predictor-prefetch,safe-mixed,67108864,1099511627776,273,85643,8041238,5620639,18163827.10,0.00,0.00,18382921.46,18382921.46
SmolLM2-135M,exact-predictor-prefetch,safe-mixed,67108864,1099511627776,497,65163,8056779,5631502,18162981.86,0.00,0.00,18382499.14,18382499.14
SmolLM2-135M,exact-predictor-prefetch,safe-mixed,67108864,1099511627776,181,89739,7944345,5552913,18165769.24,0.00,0.00,18382226.86,18382226.86
SmolLM2-135M,exact-predictor-prefetch,safe-mixed,67108864,1099511627776,181,40587,8106804,5666468,18160744.34,0.00,0.00,18381622.93,18381622.93
SmolLM2-135M,exact-predictor-prefetch,safe-mixed,67108864,1099511627776,45,122507,8099762,5661546,18160811.73,0.00,0.00,18381498.69,18381498.69
SmolLM2-135M,exact-predictor-prefetch,all-q8,8589934592,1099511627776,259,551,0,4273,519.06,0.00,0.00,955.42,15673981.19
SmolLM2-135M,exact-predictor-prefetch,all-q8,8589934592,1099511627776,508,551,0,4442,521.29,0.00,0.00,964.23,15673981.19
SmolLM2-135M,exact-predictor-prefetch,all-q8,8589934592,1099511627776,269,551,0,4295,518.17,0.00,0.00,955.38,15673981.19
SmolLM2-135M,exact-predictor-prefetch,all-q8,8589934592,1099511627776,294,551,0,4365,259.65,0.00,0.00,699.59,15673981.19
SmolLM2-135M,exact-predictor-prefetch,all-q8,8589934592,1099511627776,181,551,0,4410,261.40,0.00,0.00,703.09,15673981.19
SmolLM2-135M,exact-predictor-prefetch,all-q8,8589934592,1099511627776,72,551,0,4335,261.08,0.00,0.00,699.85,15673981.19
SmolLM2-135M,exact-predictor-prefetch,all-q8,8589934592,1099511627776,253,551,0,4441,520.58,0.00,0.00,963.48,15673981.19
SmolLM2-135M,exact-predictor-prefetch,all-q8,8589934592,1099511627776,125,551,0,4303,0.00,0.00,0.00,437.53,15673981.19
SmolLM2-135M,exact-predictor-prefetch,all-q8,8589934592,1099511627776,482,551,0,4339,0.00,0.00,0.00,438.93,15673981.19
SmolLM2-135M,exact-predictor-prefetch,all-q8,8589934592,1099511627776,138,551,0,4290,0.00,0.00,0.00,437.02,15673981.19
SmolLM2-135M,exact-predictor-prefetch,all-q8,8589934592,1099511627776,0,551,0,4300,0.00,0.00,0.00,437.41,15673981.19
SmolLM2-135M,exact-predictor-prefetch,all-q8,8589934592,1099511627776,264,551,0,4447,258.65,0.00,0.00,701.78,15673981.19
SmolLM2-135M,exact-predictor-prefetch,all-q8,8589934592,1099511627776,62,551,0,4462,260.12,0.00,0.00,703.84,15673981.19
SmolLM2-135M,exact-predictor-prefetch,all-q8,8589934592,1099511627776,273,551,0,4404,260.40,0.00,0.00,701.85,15673981.19
SmolLM2-135M,exact-predictor-prefetch,all-q8,8589934592,1099511627776,191,551,0,4255,0.00,0.00,0.00,435.66,15673981.19
SmolLM2-135M,exact-predictor-prefetch,all-q8,8589934592,1099511627776,71,551,0,4326,0.00,0.00,0.00,438.42,15673981.19
SmolLM2-135M,exact-predictor-prefetch,all-q8,8589934592,1099511627776,368,551,0,4262,259.38,0.00,0.00,695.30,15673981.19
SmolLM2-135M,exact-predictor-prefetch,all-q8,8589934592,1099511627776,14,551,0,4295,259.58,0.00,0.00,696.80,15673981.19
SmolLM2-135M,exact-predictor-prefetch,all-q8,8589934592,1099511627776,254,551,0,4387,0.00,0.00,0.00,440.80,15673981.19
SmolLM2-135M,exact-predictor-prefetch,all-q8,8589934592,1099511627776,297,551,0,4372,0.00,0.00,0.00,440.21,15673981.19
SmolLM2-135M,exact-predictor-prefetch,all-q8,8589934592,2199023255552,259,551,0,4273,519.06,0.00,0.00,955.42,15673981.19
SmolLM2-135M,exact-predictor-prefetch,all-q8,8589934592,2199023255552,508,551,0,4442,521.29,0.00,0.00,964.23,15673981.19
SmolLM2-135M,exact-predictor-prefetch,all-q8,8589934592,2199023255552,269,551,0,4295,518.17,0.00,0.00,955.38,15673981.19
SmolLM2-135M,exact-predictor-prefetch,all-q8,8589934592,2199023255552,294,551,0,4365,259.65,0.00,0.00,699.59,15673981.19
SmolLM2-135M,exact-predictor-prefetch,all-q8,8589934592,2199023255552,181,551,0,4410,261.40,0.00,0.00,703.09,15673981.19
SmolLM2-135M,exact-predictor-prefetch,all-q8,8589934592,2199023255552,72,551,0,4335,261.08,0.00,0.00,699.85,15673981.19
SmolLM2-135M,exact-predictor-prefetch,all-q8,8589934592,2199023255552,253,551,0,4441,520.58,0.00,0.00,963.48,15673981.19
SmolLM2-135M,exact-predictor-prefetch,all-q8,8589934592,2199023255552,125,551,0,4303,0.00,0.00,0.00,437.53,15673981.19
SmolLM2-135M,exact-predictor-prefetch,all-q8,8589934592,2199023255552,482,551,0,4339,0.00,0.00,0.00,438.93,15673981.19
SmolLM2-135M,exact-predictor-prefetch,all-q8,8589934592,2199023255552,138,551,0,4290,0.00,0.00,0.00,437.02,15673981.19
SmolLM2-135M,exact-predictor-prefetch,all-q8,8589934592,2199023255552,0,551,0,4300,0.00,0.00,0.00,437.41,15673981.19
SmolLM2-135M,exact-predictor-prefetch,all-q8,8589934592,2199023255552,264,551,0,4447,258.65,0.00,0.00,701.78,15673981.19
SmolLM2-135M,exact-predictor-prefetch,all-q8,8589934592,2199023255552,62,551,0,4462,260.12,0.00,0.00,703.84,15673981.19
SmolLM2-135M,exact-predictor-prefetch,all-q8,8589934592,2199023255552,273,551,0,4404,260.40,0.00,0.00,701.85,15673981.19
SmolLM2-135M,exact-predictor-prefetch,all-q8,8589934592,2199023255552,191,551,0,4255,0.00,0.00,0.00,435.66,15673981.19
SmolLM2-135M,exact-predictor-prefetch,all-q8,8589934592,2199023255552,71,551,0,4326,0.00,0.00,0.00,438.42,15673981.19
SmolLM2-135M,exact-predictor-prefetch,all-q8,8589934592,2199023255552,368,551,0,4262,259.38,0.00,0.00,695.30,15673981.19
SmolLM2-135M,exact-predictor-prefetch,all-q8,8589934592,2199023255552,14,551,0,4295,259.58,0.00,0.00,696.80,15673981.19
SmolLM2-135M,exact-predictor-prefetch,all-q8,8589934592,2199023255552,254,551,0,4387,0.00,0.00,0.00,440.80,15673981.19
SmolLM2-135M,exact-predictor-prefetch,all-q8,8589934592,2199023255552,297,551,0,4372,0.00,0.00,0.00,440.21,15673981.19
SmolLM2-135M,exact-predictor-prefetch,safe-mixed,67108864,2199023255552,497,85643,8024239,5608757,18180880.31,0.00,0.00,18399512.08,18399512.08
SmolLM2-135M,exact-predictor-prefetch,safe-mixed,67108864,2199023255552,497,40587,8209526,5738268,18167855.57,0.00,0.00,18391529.50,18391529.50
SmolLM2-135M,exact-predictor-prefetch,safe-mixed,67108864,2199023255552,59,122507,8330460,5822799,18164427.93,0.00,0.00,18391392.84,18391392.84
SmolLM2-135M,exact-predictor-prefetch,safe-mixed,67108864,2199023255552,186,85643,8012340,5600440,18171697.21,0.00,0.00,18390005.17,18390005.17
SmolLM2-135M,exact-predictor-prefetch,safe-mixed,67108864,2199023255552,299,85643,8142502,5691420,18164908.57,0.00,0.00,18386758.59,18386758.59
SmolLM2-135M,exact-predictor-prefetch,safe-mixed,67108864,2199023255552,464,89739,8305690,5805485,18160355.35,0.00,0.00,18386646.19,18386646.19
SmolLM2-135M,exact-predictor-prefetch,safe-mixed,67108864,2199023255552,259,65163,8200541,5731988,18162942.74,0.00,0.00,18386372.17,18386372.17
SmolLM2-135M,exact-predictor-prefetch,safe-mixed,67108864,2199023255552,181,65163,7873678,5503519,18171800.09,0.00,0.00,18386334.70,18386334.70
SmolLM2-135M,exact-predictor-prefetch,safe-mixed,67108864,2199023255552,59,40587,8134245,5685649,18162708.89,0.00,0.00,18384334.23,18384334.23
SmolLM2-135M,exact-predictor-prefetch,safe-mixed,67108864,2199023255552,45,89739,8190341,5724859,18161056.02,0.00,0.00,18384207.90,18384207.90
SmolLM2-135M,exact-predictor-prefetch,safe-mixed,67108864,2199023255552,449,89739,8225068,5749132,18160098.00,0.00,0.00,18384194.89,18384194.89
SmolLM2-135M,exact-predictor-prefetch,safe-mixed,67108864,2199023255552,474,85643,8012097,5600270,18165312.52,0.00,0.00,18383613.87,18383613.87
SmolLM2-135M,exact-predictor-prefetch,safe-mixed,67108864,2199023255552,45,85643,8294277,5797507,18157271.28,0.00,0.00,18383251.51,18383251.51
SmolLM2-135M,exact-predictor-prefetch,safe-mixed,67108864,2199023255552,487,89739,8290877,5795131,18157178.59,0.00,0.00,18383066.32,18383066.32
SmolLM2-135M,exact-predictor-prefetch,safe-mixed,67108864,2199023255552,245,69259,8309090,5807861,18156574.10,0.00,0.00,18382957.44,18382957.44
SmolLM2-135M,exact-predictor-prefetch,safe-mixed,67108864,2199023255552,273,85643,8041238,5620639,18163827.10,0.00,0.00,18382921.46,18382921.46
SmolLM2-135M,exact-predictor-prefetch,safe-mixed,67108864,2199023255552,497,65163,8056779,5631502,18162981.86,0.00,0.00,18382499.14,18382499.14
SmolLM2-135M,exact-predictor-prefetch,safe-mixed,67108864,2199023255552,181,89739,7944345,5552913,18165769.24,0.00,0.00,18382226.86,18382226.86
SmolLM2-135M,exact-predictor-prefetch,safe-mixed,67108864,2199023255552,181,40587,8106804,5666468,18160744.34,0.00,0.00,18381622.93,18381622.93
SmolLM2-135M,exact-predictor-prefetch,safe-mixed,67108864,2199023255552,45,122507,8099762,5661546,18160811.73,0.00,0.00,18381498.69,18381498.69
SmolLM2-135M,exact-predictor-prefetch,safe-mixed,268435456,549755813888,414,8192,7724274,3915101,15778132.17,0.00,0.00,15930826.02,15930826.02
SmolLM2-135M,exact-predictor-prefetch,safe-mixed,268435456,549755813888,111,8192,8116431,4113868,15755875.79,0.00,9304.35,15925612.45,15925612.45
SmolLM2-135M,exact-predictor-prefetch,safe-mixed,268435456,549755813888,314,8192,7867548,3987720,15752636.38,0.00,15001.05,15923158.51,15923158.51
SmolLM2-135M,exact-predictor-prefetch,safe-mixed,268435456,549755813888,338,8192,7932868,4020828,15757404.61,0.00,0.00,15914214.65,15914214.65
SmolLM2-135M,exact-predictor-prefetch,safe-mixed,268435456,549755813888,271,8192,7727134,3916551,15758655.10,0.00,269.39,15911674.80,15911674.80
SmolLM2-135M,exact-predictor-prefetch,safe-mixed,268435456,549755813888,191,8192,8101889,4106498,15740777.56,0.00,0.00,15900922.94,15900922.94
SmolLM2-135M,exact-predictor-prefetch,safe-mixed,268435456,549755813888,143,8192,7956946,4033032,15694222.00,0.00,1518.04,15853025.21,15853025.21
SmolLM2-135M,exact-predictor-prefetch,safe-mixed,268435456,549755813888,452,8192,8045628,4077981,15667180.52,0.00,6468.32,15832683.99,15832683.99
SmolLM2-135M,exact-predictor-prefetch,safe-mixed,268435456,549755813888,474,8192,8051350,4080881,15649058.19,0.00,0.00,15808206.24,15808206.24
SmolLM2-135M,exact-predictor-prefetch,safe-mixed,268435456,549755813888,414,4096,7552137,3905400,15646738.75,0.00,0.00,15799054.92,15799054.92
SmolLM2-135M,exact-predictor-prefetch,safe-mixed,268435456,549755813888,471,8192,8087824,4099369,15595332.27,0.00,12991.61,15768191.71,15768191.71
SmolLM2-135M,exact-predictor-prefetch,safe-mixed,268435456,549755813888,314,4096,7787600,4027164,15611133.58,0.00,0.00,15768190.31,15768190.31
SmolLM2-135M,exact-predictor-prefetch,safe-mixed,268435456,549755813888,271,4096,7714469,3989346,15574320.06,0.00,18129.21,15748033.65,15748033.65
SmolLM2-135M,exact-predictor-prefetch,safe-mixed,268435456,549755813888,479,8192,7987222,4048378,15580409.10,0.00,0.00,15738291.74,15738291.74
SmolLM2-135M,exact-predictor-prefetch,safe-mixed,268435456,549755813888,338,4096,7628296,3944784,15564385.75,0.00,0.00,15718235.23,15718235.23
SmolLM2-135M,exact-predictor-prefetch,safe-mixed,268435456,549755813888,475,8192,7950748,4029890,15549626.15,0.00,0.00,15706789.00,15706789.00
SmolLM2-135M,exact-predictor-prefetch,safe-mixed,268435456,549755813888,111,12288,7972441,4019020,15532703.51,0.00,0.00,15689443.17,15689443.17
SmolLM2-135M,exact-predictor-prefetch,safe-mixed,268435456,549755813888,143,16384,8029656,4047862,15529955.64,0.00,0.00,15687818.18,15687818.18
SmolLM2-135M,exact-predictor-prefetch,safe-mixed,268435456,549755813888,471,12288,8173169,4120209,15526837.02,0.00,0.00,15687516.20,15687516.20
SmolLM2-135M,exact-predictor-prefetch,safe-mixed,268435456,549755813888,394,12288,7755503,3909658,15532269.21,0.00,0.00,15684751.15,15684751.15
SmolLM2-135M,exact-predictor-prefetch,safe-mixed,268435456,1099511627776,414,8192,7724274,3915101,15778132.17,0.00,0.00,15930826.02,15930826.02
SmolLM2-135M,exact-predictor-prefetch,safe-mixed,268435456,1099511627776,111,8192,8116431,4113868,15755875.79,0.00,9304.35,15925612.45,15925612.45
SmolLM2-135M,exact-predictor-prefetch,safe-mixed,268435456,1099511627776,314,8192,7867548,3987720,15752636.38,0.00,15001.05,15923158.51,15923158.51
SmolLM2-135M,exact-predictor-prefetch,safe-mixed,268435456,1099511627776,338,8192,7932868,4020828,15757404.61,0.00,0.00,15914214.65,15914214.65
SmolLM2-135M,exact-predictor-prefetch,safe-mixed,268435456,1099511627776,271,8192,7727134,3916551,15758655.10,0.00,269.39,15911674.80,15911674.80
SmolLM2-135M,exact-predictor-prefetch,safe-mixed,268435456,1099511627776,191,8192,8101889,4106498,15740777.56,0.00,0.00,15900922.94,15900922.94
SmolLM2-135M,exact-predictor-prefetch,safe-mixed,268435456,1099511627776,143,8192,7956946,4033032,15694222.00,0.00,1518.04,15853025.21,15853025.21
SmolLM2-135M,exact-predictor-prefetch,safe-mixed,268435456,1099511627776,452,8192,8045628,4077981,15667180.52,0.00,6468.32,15832683.99,15832683.99
SmolLM2-135M,exact-predictor-prefetch,safe-mixed,268435456,1099511627776,474,8192,8051350,4080881,15649058.19,0.00,0.00,15808206.24,15808206.24
SmolLM2-135M,exact-predictor-prefetch,safe-mixed,268435456,1099511627776,414,4096,7552137,3905400,15646738.75,0.00,0.00,15799054.92,15799054.92
SmolLM2-135M,exact-predictor-prefetch,safe-mixed,268435456,1099511627776,471,8192,8087824,4099369,15595332.27,0.00,12991.61,15768191.71,15768191.71
SmolLM2-135M,exact-predictor-prefetch,safe-mixed,268435456,1099511627776,314,4096,7787600,4027164,15611133.58,0.00,0.00,15768190.31,15768190.31
SmolLM2-135M,exact-predictor-prefetch,safe-mixed,268435456,1099511627776,271,4096,7714469,3989346,15574320.06,0.00,18129.21,15748033.65,15748033.65
SmolLM2-135M,exact-predictor-prefetch,safe-mixed,268435456,1099511627776,479,8192,7987222,4048378,15580409.10,0.00,0.00,15738291.74,15738291.74
SmolLM2-135M,exact-predictor-prefetch,safe-mixed,268435456,1099511627776,338,4096,7628296,3944784,15564385.75,0.00,0.00,15718235.23,15718235.23
SmolLM2-135M,exact-predictor-prefetch,safe-mixed,268435456,1099511627776,475,8192,7950748,4029890,15549626.15,0.00,0.00,15706789.00,15706789.00
SmolLM2-135M,exact-predictor-prefetch,safe-mixed,268435456,1099511627776,111,12288,7972441,4019020,15532703.51,0.00,0.00,15689443.17,15689443.17
SmolLM2-135M,exact-predictor-prefetch,safe-mixed,268435456,1099511627776,143,16384,8029656,4047862,15529955.64,0.00,0.00,15687818.18,15687818.18
SmolLM2-135M,exact-predictor-prefetch,safe-mixed,268435456,1099511627776,471,12288,8173169,4120209,15526837.02,0.00,0.00,15687516.20,15687516.20
SmolLM2-135M,exact-predictor-prefetch,safe-mixed,268435456,1099511627776,394,12288,7755503,3909658,15532269.21,0.00,0.00,15684751.15,15684751.15
SmolLM2-135M,exact-predictor-prefetch,safe-mixed,268435456,2199023255552,414,8192,7724274,3915101,15778132.17,0.00,0.00,15930826.02,15930826.02
SmolLM2-135M,exact-predictor-prefetch,safe-mixed,268435456,2199023255552,111,8192,8116431,4113868,15755875.79,0.00,9304.35,15925612.45,15925612.45
SmolLM2-135M,exact-predictor-prefetch,safe-mixed,268435456,2199023255552,314,8192,7867548,3987720,15752636.38,0.00,15001.05,15923158.51,15923158.51
SmolLM2-135M,exact-predictor-prefetch,safe-mixed,268435456,2199023255552,338,8192,7932868,4020828,15757404.61,0.00,0.00,15914214.65,15914214.65
SmolLM2-135M,exact-predictor-prefetch,safe-mixed,268435456,2199023255552,271,8192,7727134,3916551,15758655.10,0.00,269.39,15911674.80,15911674.80
SmolLM2-135M,exact-predictor-prefetch,safe-mixed,268435456,2199023255552,191,8192,8101889,4106498,15740777.56,0.00,0.00,15900922.94,15900922.94
SmolLM2-135M,exact-predictor-prefetch,safe-mixed,268435456,2199023255552,143,8192,7956946,4033032,15694222.00,0.00,1518.04,15853025.21,15853025.21
SmolLM2-135M,exact-predictor-prefetch,safe-mixed,268435456,2199023255552,452,8192,8045628,4077981,15667180.52,0.00,6468.32,15832683.99,15832683.99
SmolLM2-135M,exact-predictor-prefetch,safe-mixed,268435456,2199023255552,474,8192,8051350,4080881,15649058.19,0.00,0.00,15808206.24,15808206.24
SmolLM2-135M,exact-predictor-prefetch,safe-mixed,268435456,2199023255552,414,4096,7552137,3905400,15646738.75,0.00,0.00,15799054.92,15799054.92
SmolLM2-135M,exact-predictor-prefetch,safe-mixed,268435456,2199023255552,471,8192,8087824,4099369,15595332.27,0.00,12991.61,15768191.71,15768191.71
SmolLM2-135M,exact-predictor-prefetch,safe-mixed,268435456,2199023255552,314,4096,7787600,4027164,15611133.58,0.00,0.00,15768190.31,15768190.31
SmolLM2-135M,exact-predictor-prefetch,safe-mixed,268435456,2199023255552,271,4096,7714469,3989346,15574320.06,0.00,18129.21,15748033.65,15748033.65
SmolLM2-135M,exact-predictor-prefetch,safe-mixed,268435456,2199023255552,479,8192,7987222,4048378,15580409.10,0.00,0.00,15738291.74,15738291.74
SmolLM2-135M,exact-predictor-prefetch,safe-mixed,268435456,2199023255552,338,4096,7628296,3944784,15564385.75,0.00,0.00,15718235.23,15718235.23
SmolLM2-135M,exact-predictor-prefetch,safe-mixed,268435456,2199023255552,475,8192,7950748,4029890,15549626.15,0.00,0.00,15706789.00,15706789.00
SmolLM2-135M,exact-predictor-prefetch,safe-mixed,268435456,2199023255552,111,12288,7972441,4019020,15532703.51,0.00,0.00,15689443.17,15689443.17
SmolLM2-135M,exact-predictor-prefetch,safe-mixed,268435456,2199023255552,143,16384,8029656,4047862,15529955.64,0.00,0.00,15687818.18,15687818.18
SmolLM2-135M,exact-predictor-prefetch,safe-mixed,268435456,2199023255552,471,12288,8173169,4120209,15526837.02,0.00,0.00,15687516.20,15687516.20
SmolLM2-135M,exact-predictor-prefetch,safe-mixed,268435456,2199023255552,394,12288,7755503,3909658,15532269.21,0.00,0.00,15684751.15,15684751.15
SmolLM2-135M,exact-predictor-prefetch,safe-mixed,1073741824,549755813888,56,8192,7681902,3787987,15674702.54,0.00,0.00,15822447.56,15822447.56
SmolLM2-135M,exact-predictor-prefetch,safe-mixed,1073741824,549755813888,196,8192,7824391,3858249,15614814.71,0.00,20846.71,15786141.90,15786141.90
SmolLM2-135M,exact-predictor-prefetch,safe-mixed,1073741824,549755813888,143,8192,7684747,3789390,15603544.98,0.00,1927.29,15753271.91,15753271.91
SmolLM2-135M,exact-predictor-prefetch,safe-mixed,1073741824,549755813888,210,8192,7889353,3890282,15571244.46,0.00,0.00,15722972.05,15722972.05
SmolLM2-135M,exact-predictor-prefetch,safe-mixed,1073741824,549755813888,244,8192,8071909,3980301,15527380.19,0.00,14528.86,15697141.29,15697141.29
SmolLM2-135M,exact-predictor-prefetch,safe-mixed,1073741824,549755813888,196,16384,8049411,3980184,15529890.61,0.00,0.00,15685118.29,15685118.29
SmolLM2-135M,exact-predictor-prefetch,safe-mixed,1073741824,549755813888,244,12288,7906843,3909689,15532236.20,0.00,0.00,15684719.35,15684719.35
SmolLM2-135M,exact-predictor-prefetch,safe-mixed,1073741824,549755813888,210,12288,7847025,3880111,15508676.41,0.00,23296.87,15683304.89,15683304.89
SmolLM2-135M,exact-predictor-prefetch,safe-mixed,1073741824,549755813888,196,12288,8015601,3963466,15524857.44,0.00,0.00,15679434.25,15679434.25
SmolLM2-135M,exact-predictor-prefetch,safe-mixed,1073741824,549755813888,56,16384,7799030,3856378,15505895.74,0.00,22923.44,15679226.81,15679226.81
SmolLM2-135M,exact-predictor-prefetch,safe-mixed,1073741824,549755813888,210,16384,8008508,3959959,15513378.40,0.00,10947.74,15678766.42,15678766.42
SmolLM2-135M,exact-predictor-prefetch,safe-mixed,1073741824,549755813888,143,16384,7895494,3904077,15497614.74,0.00,24947.34,15674826.74,15674826.74
SmolLM2-135M,exact-predictor-prefetch,safe-mixed,1073741824,549755813888,269,73728,7977613,3946865,15505931.29,0.00,14566.76,15674428.55,15674428.55
SmolLM2-135M,exact-predictor-prefetch,safe-mixed,1073741824,549755813888,196,70148,6894359,571005,10060686.19,47558.21,64896.49,10195641.43,15673981.19
SmolLM2-135M,exact-predictor-prefetch,safe-mixed,1073741824,549755813888,210,70148,7140553,591395,10078766.29,46493.95,63977.20,10212531.81,15673981.19
SmolLM2-135M,exact-predictor-prefetch,safe-mixed,1073741824,549755813888,356,549,6663295,680469,273355.40,38901.46,56512.12,395531.20,15673981.19
SmolLM2-135M,exact-predictor-prefetch,safe-mixed,1073741824,549755813888,294,549,6561342,670057,190453.60,25126.23,56774.13,298710.82,15673981.19
SmolLM2-135M,exact-predictor-prefetch,safe-mixed,1073741824,549755813888,131,549,6532156,667077,176386.17,28905.86,59855.93,291388.79,15673981.19
SmolLM2-135M,exact-predictor-prefetch,safe-mixed,1073741824,549755813888,302,549,6659943,680126,162046.88,31423.27,57996.40,278215.41,15673981.19
SmolLM2-135M,exact-predictor-prefetch,safe-mixed,1073741824,549755813888,129,549,6540636,667942,287701.83,30586.58,58724.85,403287.77,15673981.19
SmolLM2-135M,exact-predictor-prefetch,safe-mixed,4294967296,549755813888,286,549,5374513,177964,225551.10,40899.92,50554.32,324203.89,15673981.19
SmolLM2-135M,exact-predictor-prefetch,safe-mixed,4294967296,549755813888,499,549,5179262,171498,229428.69,39705.21,50439.51,326520.22,15673981.19
SmolLM2-135M,exact-predictor-prefetch,safe-mixed,4294967296,549755813888,129,549,5239448,173491,221766.71,40417.60,50405.95,319614.67,15673981.19
SmolLM2-135M,exact-predictor-prefetch,safe-mixed,4294967296,549755813888,302,549,5335020,176656,116129.60,38338.77,50438.54,212054.53,15673981.19
SmolLM2-135M,exact-predictor-prefetch,safe-mixed,4294967296,549755813888,356,549,5337706,176745,217914.52,38822.52,48319.36,312207.49,15673981.19
SmolLM2-135M,exact-predictor-prefetch,safe-mixed,4294967296,549755813888,294,549,5256035,174040,123759.65,35209.09,49431.68,215446.19,15673981.19
SmolLM2-135M,exact-predictor-prefetch,safe-mixed,4294967296,549755813888,500,549,5113388,169317,227660.33,40008.03,50315.18,324845.44,15673981.19
SmolLM2-135M,exact-predictor-prefetch,safe-mixed,4294967296,549755813888,253,549,5388730,178434,0.00,0.00,0.00,7216.84,15673981.19
SmolLM2-135M,exact-predictor-prefetch,safe-mixed,4294967296,549755813888,508,549,5338338,176766,3887.38,0.00,0.00,11039.28,15673981.19
SmolLM2-135M,exact-predictor-prefetch,safe-mixed,4294967296,549755813888,269,549,5152249,170604,3824.50,0.00,0.00,10736.50,15673981.19
SmolLM2-135M,exact-predictor-prefetch,safe-mixed,4294967296,549755813888,0,549,5297581,175416,0.00,0.00,0.00,7099.35,15673981.19
SmolLM2-135M,exact-predictor-prefetch,safe-mixed,4294967296,549755813888,258,549,5319855,176154,110763.35,40179.55,49964.07,208035.05,15673981.19
SmolLM2-135M,exact-predictor-prefetch,safe-mixed,4294967296,549755813888,504,549,5348764,177111,118426.19,37604.84,50083.58,213279.94,15673981.19
SmolLM2-135M,exact-predictor-prefetch,safe-mixed,4294967296,549755813888,131,549,5232656,173266,119979.94,37461.04,49289.96,213746.58,15673981.19
SmolLM2-135M,exact-predictor-prefetch,safe-mixed,4294967296,549755813888,125,549,5232972,173277,7740.00,0.00,0.00,14756.07,15673981.19
SmolLM2-135M,exact-predictor-prefetch,safe-mixed,4294967296,549755813888,144,549,5308481,175777,0.00,0.00,0.00,7113.40,15673981.19
SmolLM2-135M,exact-predictor-prefetch,safe-mixed,4294967296,549755813888,359,549,5108965,169171,112435.21,39097.97,50204.00,208593.39,15673981.19
SmolLM2-135M,exact-predictor-prefetch,safe-mixed,4294967296,549755813888,503,549,5368510,177765,114603.23,38260.67,50274.68,210329.38,15673981.19
SmolLM2-135M,exact-predictor-prefetch,safe-mixed,4294967296,549755813888,14,549,5260932,174203,0.00,0.00,0.00,7052.12,15673981.19
SmolLM2-135M,exact-predictor-prefetch,safe-mixed,4294967296,549755813888,71,549,5123340,169647,109772.75,40236.79,49430.51,206314.80,15673981.19
SmolLM2-135M,exact-predictor-prefetch,safe-mixed,1073741824,2199023255552,56,8192,7681902,3787987,15674702.54,0.00,0.00,15822447.56,15822447.56
SmolLM2-135M,exact-predictor-prefetch,safe-mixed,1073741824,2199023255552,196,8192,7824391,3858249,15614814.71,0.00,20846.71,15786141.90,15786141.90
SmolLM2-135M,exact-predictor-prefetch,safe-mixed,1073741824,2199023255552,143,8192,7684747,3789390,15603544.98,0.00,1927.29,15753271.91,15753271.91
SmolLM2-135M,exact-predictor-prefetch,safe-mixed,1073741824,2199023255552,210,8192,7889353,3890282,15571244.46,0.00,0.00,15722972.05,15722972.05
SmolLM2-135M,exact-predictor-prefetch,safe-mixed,1073741824,2199023255552,244,8192,8071909,3980301,15527380.19,0.00,14528.86,15697141.29,15697141.29
SmolLM2-135M,exact-predictor-prefetch,safe-mixed,1073741824,2199023255552,196,16384,8049411,3980184,15529890.61,0.00,0.00,15685118.29,15685118.29
SmolLM2-135M,exact-predictor-prefetch,safe-mixed,1073741824,2199023255552,244,12288,7906843,3909689,15532236.20,0.00,0.00,15684719.35,15684719.35
SmolLM2-135M,exact-predictor-prefetch,safe-mixed,1073741824,2199023255552,210,12288,7847025,3880111,15508676.41,0.00,23296.87,15683304.89,15683304.89
SmolLM2-135M,exact-predictor-prefetch,safe-mixed,1073741824,2199023255552,244,98304,8027945,3971767,15525022.12,0.00,0.00,15679922.11,15679922.11
SmolLM2-135M,exact-predictor-prefetch,safe-mixed,1073741824,2199023255552,196,12288,8015601,3963466,15524857.44,0.00,0.00,15679434.25,15679434.25
SmolLM2-135M,exact-predictor-prefetch,safe-mixed,1073741824,2199023255552,56,16384,7799030,3856378,15505895.74,0.00,22923.44,15679226.81,15679226.81
SmolLM2-135M,exact-predictor-prefetch,safe-mixed,1073741824,2199023255552,210,16384,8008508,3959959,15513378.40,0.00,10947.74,15678766.42,15678766.42
SmolLM2-135M,exact-predictor-prefetch,safe-mixed,1073741824,2199023255552,143,106496,8112069,4013386,15519215.77,0.00,0.00,15675736.09,15675736.09
SmolLM2-135M,exact-predictor-prefetch,safe-mixed,1073741824,2199023255552,143,16384,7895494,3904077,15497614.74,0.00,24947.34,15674826.74,15674826.74
SmolLM2-135M,exact-predictor-prefetch,safe-mixed,1073741824,2199023255552,269,73728,7977613,3946865,15505931.29,0.00,14566.76,15674428.55,15674428.55
SmolLM2-135M,exact-predictor-prefetch,safe-mixed,1073741824,2199023255552,196,70148,6894359,571005,10060686.19,47558.21,64896.49,10195641.43,15673981.19
SmolLM2-135M,exact-predictor-prefetch,safe-mixed,1073741824,2199023255552,210,70148,7140553,591395,10078766.29,46493.95,63977.20,10212531.81,15673981.19
SmolLM2-135M,exact-predictor-prefetch,safe-mixed,1073741824,2199023255552,294,549,6561342,670057,190453.60,25126.23,56774.13,298710.82,15673981.19
SmolLM2-135M,exact-predictor-prefetch,safe-mixed,1073741824,2199023255552,356,549,6663295,680469,273355.40,38901.46,56512.12,395531.20,15673981.19
SmolLM2-135M,exact-predictor-prefetch,safe-mixed,1073741824,2199023255552,131,549,6532156,667077,176386.17,28905.86,59855.93,291388.79,15673981.19
SmolLM2-135M,exact-predictor-prefetch,safe-mixed,1073741824,1099511627776,56,8192,7681902,3787987,15674702.54,0.00,0.00,15822447.56,15822447.56
SmolLM2-135M,exact-predictor-prefetch,safe-mixed,1073741824,1099511627776,196,8192,7824391,3858249,15614814.71,0.00,20846.71,15786141.90,15786141.90
SmolLM2-135M,exact-predictor-prefetch,safe-mixed,1073741824,1099511627776,143,8192,7684747,3789390,15603544.98,0.00,1927.29,15753271.91,15753271.91
SmolLM2-135M,exact-predictor-prefetch,safe-mixed,1073741824,1099511627776,210,8192,7889353,3890282,15571244.46,0.00,0.00,15722972.05,15722972.05
SmolLM2-135M,exact-predictor-prefetch,safe-mixed,1073741824,1099511627776,244,8192,8071909,3980301,15527380.19,0.00,14528.86,15697141.29,15697141.29
SmolLM2-135M,exact-predictor-prefetch,safe-mixed,1073741824,1099511627776,196,16384,8049411,3980184,15529890.61,0.00,0.00,15685118.29,15685118.29
SmolLM2-135M,exact-predictor-prefetch,safe-mixed,1073741824,1099511627776,244,12288,7906843,3909689,15532236.20,0.00,0.00,15684719.35,15684719.35
SmolLM2-135M,exact-predictor-prefetch,safe-mixed,1073741824,1099511627776,210,12288,7847025,3880111,15508676.41,0.00,23296.87,15683304.89,15683304.89
SmolLM2-135M,exact-predictor-prefetch,safe-mixed,1073741824,1099511627776,244,98304,8027945,3971767,15525022.12,0.00,0.00,15679922.11,15679922.11
SmolLM2-135M,exact-predictor-prefetch,safe-mixed,1073741824,1099511627776,196,12288,8015601,3963466,15524857.44,0.00,0.00,15679434.25,15679434.25
SmolLM2-135M,exact-predictor-prefetch,safe-mixed,1073741824,1099511627776,56,16384,7799030,3856378,15505895.74,0.00,22923.44,15679226.81,15679226.81
SmolLM2-135M,exact-predictor-prefetch,safe-mixed,1073741824,1099511627776,210,16384,8008508,3959959,15513378.40,0.00,10947.74,15678766.42,15678766.42
SmolLM2-135M,exact-predictor-prefetch,safe-mixed,1073741824,1099511627776,143,106496,8112069,4013386,15519215.77,0.00,0.00,15675736.09,15675736.09
SmolLM2-135M,exact-predictor-prefetch,safe-mixed,1073741824,1099511627776,143,16384,7895494,3904077,15497614.74,0.00,24947.34,15674826.74,15674826.74
SmolLM2-135M,exact-predictor-prefetch,safe-mixed,1073741824,1099511627776,269,73728,7977613,3946865,15505931.29,0.00,14566.76,15674428.55,15674428.55
SmolLM2-135M,exact-predictor-prefetch,safe-mixed,1073741824,1099511627776,196,70148,6894359,571005,10060686.19,47558.21,64896.49,10195641.43,15673981.19
SmolLM2-135M,exact-predictor-prefetch,safe-mixed,1073741824,1099511627776,210,70148,7140553,591395,10078766.29,46493.95,63977.20,10212531.81,15673981.19
SmolLM2-135M,exact-predictor-prefetch,safe-mixed,1073741824,1099511627776,294,549,6561342,670057,190453.60,25126.23,56774.13,298710.82,15673981.19
SmolLM2-135M,exact-predictor-prefetch,safe-mixed,1073741824,1099511627776,356,549,6663295,680469,273355.40,38901.46,56512.12,395531.20,15673981.19
SmolLM2-135M,exact-predictor-prefetch,safe-mixed,1073741824,1099511627776,131,549,6532156,667077,176386.17,28905.86,59855.93,291388.79,15673981.19
SmolLM2-135M,exact-predictor-prefetch,safe-mixed,8589934592,549755813888,259,551,0,4273,519.06,0.00,0.00,955.42,15673981.19
SmolLM2-135M,exact-predictor-prefetch,safe-mixed,8589934592,549755813888,508,551,0,4442,521.29,0.00,0.00,964.23,15673981.19
SmolLM2-135M,exact-predictor-prefetch,safe-mixed,8589934592,549755813888,269,551,0,4295,518.17,0.00,0.00,955.38,15673981.19
SmolLM2-135M,exact-predictor-prefetch,safe-mixed,8589934592,549755813888,294,551,0,4365,259.65,0.00,0.00,699.59,15673981.19
SmolLM2-135M,exact-predictor-prefetch,safe-mixed,8589934592,549755813888,181,551,0,4410,261.40,0.00,0.00,703.09,15673981.19
SmolLM2-135M,exact-predictor-prefetch,safe-mixed,8589934592,549755813888,72,551,0,4335,261.08,0.00,0.00,699.85,15673981.19
SmolLM2-135M,exact-predictor-prefetch,safe-mixed,8589934592,549755813888,253,551,0,4441,520.58,0.00,0.00,963.48,15673981.19
SmolLM2-135M,exact-predictor-prefetch,safe-mixed,8589934592,549755813888,125,551,0,4303,0.00,0.00,0.00,437.53,15673981.19
SmolLM2-135M,exact-predictor-prefetch,safe-mixed,8589934592,549755813888,482,551,0,4339,0.00,0.00,0.00,438.93,15673981.19
SmolLM2-135M,exact-predictor-prefetch,safe-mixed,8589934592,549755813888,138,551,0,4290,0.00,0.00,0.00,437.02,15673981.19
SmolLM2-135M,exact-predictor-prefetch,safe-mixed,8589934592,549755813888,0,551,0,4300,0.00,0.00,0.00,437.41,15673981.19
SmolLM2-135M,exact-predictor-prefetch,safe-mixed,8589934592,549755813888,264,551,0,4447,258.65,0.00,0.00,701.78,15673981.19
SmolLM2-135M,exact-predictor-prefetch,safe-mixed,8589934592,549755813888,62,551,0,4462,260.12,0.00,0.00,703.84,15673981.19
SmolLM2-135M,exact-predictor-prefetch,safe-mixed,8589934592,549755813888,273,551,0,4404,260.40,0.00,0.00,701.85,15673981.19
SmolLM2-135M,exact-predictor-prefetch,safe-mixed,8589934592,549755813888,191,551,0,4255,0.00,0.00,0.00,435.66,15673981.19
SmolLM2-135M,exact-predictor-prefetch,safe-mixed,8589934592,549755813888,71,551,0,4326,0.00,0.00,0.00,438.42,15673981.19
SmolLM2-135M,exact-predictor-prefetch,safe-mixed,8589934592,549755813888,368,551,0,4262,259.38,0.00,0.00,695.30,15673981.19
SmolLM2-135M,exact-predictor-prefetch,safe-mixed,8589934592,549755813888,14,551,0,4295,259.58,0.00,0.00,696.80,15673981.19
SmolLM2-135M,exact-predictor-prefetch,safe-mixed,8589934592,549755813888,254,551,0,4387,0.00,0.00,0.00,440.80,15673981.19
SmolLM2-135M,exact-predictor-prefetch,safe-mixed,8589934592,549755813888,297,551,0,4372,0.00,0.00,0.00,440.21,15673981.19
SmolLM2-135M,exact-predictor-prefetch,safe-mixed,4294967296,1099511627776,286,549,5374513,177964,225551.10,40899.92,50554.32,324203.89,15673981.19
SmolLM2-135M,exact-predictor-prefetch,safe-mixed,4294967296,1099511627776,499,549,5179262,171498,229428.69,39705.21,50439.51,326520.22,15673981.19
SmolLM2-135M,exact-predictor-prefetch,safe-mixed,4294967296,1099511627776,129,549,5239448,173491,221766.71,40417.60,50405.95,319614.67,15673981.19
SmolLM2-135M,exact-predictor-prefetch,safe-mixed,4294967296,1099511627776,302,549,5335020,176656,116129.60,38338.77,50438.54,212054.53,15673981.19
SmolLM2-135M,exact-predictor-prefetch,safe-mixed,4294967296,1099511627776,356,549,5337706,176745,217914.52,38822.52,48319.36,312207.49,15673981.19
SmolLM2-135M,exact-predictor-prefetch,safe-mixed,4294967296,1099511627776,294,549,5256035,174040,123759.65,35209.09,49431.68,215446.19,15673981.19
SmolLM2-135M,exact-predictor-prefetch,safe-mixed,4294967296,1099511627776,500,549,5113388,169317,227660.33,40008.03,50315.18,324845.44,15673981.19
SmolLM2-135M,exact-predictor-prefetch,safe-mixed,4294967296,1099511627776,253,549,5388730,178434,0.00,0.00,0.00,7216.84,15673981.19
SmolLM2-135M,exact-predictor-prefetch,safe-mixed,4294967296,1099511627776,508,549,5338338,176766,3887.38,0.00,0.00,11039.28,15673981.19
SmolLM2-135M,exact-predictor-prefetch,safe-mixed,4294967296,1099511627776,269,549,5152249,170604,3824.50,0.00,0.00,10736.50,15673981.19
SmolLM2-135M,exact-predictor-prefetch,safe-mixed,4294967296,1099511627776,0,549,5297581,175416,0.00,0.00,0.00,7099.35,15673981.19
SmolLM2-135M,exact-predictor-prefetch,safe-mixed,4294967296,1099511627776,258,549,5319855,176154,110763.35,40179.55,49964.07,208035.05,15673981.19
SmolLM2-135M,exact-predictor-prefetch,safe-mixed,4294967296,1099511627776,504,549,5348764,177111,118426.19,37604.84,50083.58,213279.94,15673981.19
SmolLM2-135M,exact-predictor-prefetch,safe-mixed,4294967296,1099511627776,131,549,5232656,173266,119979.94,37461.04,49289.96,213746.58,15673981.19
SmolLM2-135M,exact-predictor-prefetch,safe-mixed,4294967296,1099511627776,125,549,5232972,173277,7740.00,0.00,0.00,14756.07,15673981.19
SmolLM2-135M,exact-predictor-prefetch,safe-mixed,4294967296,1099511627776,144,549,5308481,175777,0.00,0.00,0.00,7113.40,15673981.19
SmolLM2-135M,exact-predictor-prefetch,safe-mixed,4294967296,1099511627776,359,549,5108965,169171,112435.21,39097.97,50204.00,208593.39,15673981.19
SmolLM2-135M,exact-predictor-prefetch,safe-mixed,4294967296,1099511627776,503,549,5368510,177765,114603.23,38260.67,50274.68,210329.38,15673981.19
SmolLM2-135M,exact-predictor-prefetch,safe-mixed,4294967296,1099511627776,14,549,5260932,174203,0.00,0.00,0.00,7052.12,15673981.19
SmolLM2-135M,exact-predictor-prefetch,safe-mixed,4294967296,1099511627776,71,549,5123340,169647,109772.75,40236.79,49430.51,206314.80,15673981.19
SmolLM2-135M,exact-predictor-prefetch,safe-mixed,4294967296,2199023255552,286,549,5374513,177964,225551.10,40899.92,50554.32,324203.89,15673981.19
SmolLM2-135M,exact-predictor-prefetch,safe-mixed,4294967296,2199023255552,499,549,5179262,171498,229428.69,39705.21,50439.51,326520.22,15673981.19
SmolLM2-135M,exact-predictor-prefetch,safe-mixed,4294967296,2199023255552,129,549,5239448,173491,221766.71,40417.60,50405.95,319614.67,15673981.19
SmolLM2-135M,exact-predictor-prefetch,safe-mixed,4294967296,2199023255552,302,549,5335020,176656,116129.60,38338.77,50438.54,212054.53,15673981.19
SmolLM2-135M,exact-predictor-prefetch,safe-mixed,4294967296,2199023255552,356,549,5337706,176745,217914.52,38822.52,48319.36,312207.49,15673981.19
SmolLM2-135M,exact-predictor-prefetch,safe-mixed,4294967296,2199023255552,294,549,5256035,174040,123759.65,35209.09,49431.68,215446.19,15673981.19
SmolLM2-135M,exact-predictor-prefetch,safe-mixed,4294967296,2199023255552,500,549,5113388,169317,227660.33,40008.03,50315.18,324845.44,15673981.19
SmolLM2-135M,exact-predictor-prefetch,safe-mixed,4294967296,2199023255552,253,549,5388730,178434,0.00,0.00,0.00,7216.84,15673981.19
SmolLM2-135M,exact-predictor-prefetch,safe-mixed,4294967296,2199023255552,508,549,5338338,176766,3887.38,0.00,0.00,11039.28,15673981.19
SmolLM2-135M,exact-predictor-prefetch,safe-mixed,4294967296,2199023255552,269,549,5152249,170604,3824.50,0.00,0.00,10736.50,15673981.19
SmolLM2-135M,exact-predictor-prefetch,safe-mixed,4294967296,2199023255552,0,549,5297581,175416,0.00,0.00,0.00,7099.35,15673981.19
SmolLM2-135M,exact-predictor-prefetch,safe-mixed,4294967296,2199023255552,258,549,5319855,176154,110763.35,40179.55,49964.07,208035.05,15673981.19
SmolLM2-135M,exact-predictor-prefetch,safe-mixed,4294967296,2199023255552,504,549,5348764,177111,118426.19,37604.84,50083.58,213279.94,15673981.19
SmolLM2-135M,exact-predictor-prefetch,safe-mixed,4294967296,2199023255552,131,549,5232656,173266,119979.94,37461.04,49289.96,213746.58,15673981.19
SmolLM2-135M,exact-predictor-prefetch,safe-mixed,4294967296,2199023255552,125,549,5232972,173277,7740.00,0.00,0.00,14756.07,15673981.19
SmolLM2-135M,exact-predictor-prefetch,safe-mixed,4294967296,2199023255552,144,549,5308481,175777,0.00,0.00,0.00,7113.40,15673981.19
SmolLM2-135M,exact-predictor-prefetch,safe-mixed,4294967296,2199023255552,359,549,5108965,169171,112435.21,39097.97,50204.00,208593.39,15673981.19
SmolLM2-135M,exact-predictor-prefetch,safe-mixed,4294967296,2199023255552,503,549,5368510,177765,114603.23,38260.67,50274.68,210329.38,15673981.19
SmolLM2-135M,exact-predictor-prefetch,safe-mixed,4294967296,2199023255552,14,549,5260932,174203,0.00,0.00,0.00,7052.12,15673981.19
SmolLM2-135M,exact-predictor-prefetch,safe-mixed,4294967296,2199023255552,71,549,5123340,169647,109772.75,40236.79,49430.51,206314.80,15673981.19
SmolLM2-135M,exact-predictor-prefetch,safe-mixed,8589934592,1099511627776,259,551,0,4273,519.06,0.00,0.00,955.42,15673981.19
SmolLM2-135M,exact-predictor-prefetch,safe-mixed,8589934592,1099511627776,508,551,0,4442,521.29,0.00,0.00,964.23,15673981.19
SmolLM2-135M,exact-predictor-prefetch,safe-mixed,8589934592,1099511627776,269,551,0,4295,518.17,0.00,0.00,955.38,15673981.19
SmolLM2-135M,exact-predictor-prefetch,safe-mixed,8589934592,1099511627776,294,551,0,4365,259.65,0.00,0.00,699.59,15673981.19
SmolLM2-135M,exact-predictor-prefetch,safe-mixed,8589934592,1099511627776,181,551,0,4410,261.40,0.00,0.00,703.09,15673981.19
SmolLM2-135M,exact-predictor-prefetch,safe-mixed,8589934592,1099511627776,72,551,0,4335,261.08,0.00,0.00,699.85,15673981.19
SmolLM2-135M,exact-predictor-prefetch,safe-mixed,8589934592,1099511627776,253,551,0,4441,520.58,0.00,0.00,963.48,15673981.19
SmolLM2-135M,exact-predictor-prefetch,safe-mixed,8589934592,1099511627776,125,551,0,4303,0.00,0.00,0.00,437.53,15673981.19
SmolLM2-135M,exact-predictor-prefetch,safe-mixed,8589934592,1099511627776,482,551,0,4339,0.00,0.00,0.00,438.93,15673981.19
SmolLM2-135M,exact-predictor-prefetch,safe-mixed,8589934592,1099511627776,138,551,0,4290,0.00,0.00,0.00,437.02,15673981.19
SmolLM2-135M,exact-predictor-prefetch,safe-mixed,8589934592,1099511627776,0,551,0,4300,0.00,0.00,0.00,437.41,15673981.19
SmolLM2-135M,exact-predictor-prefetch,safe-mixed,8589934592,1099511627776,264,551,0,4447,258.65,0.00,0.00,701.78,15673981.19
SmolLM2-135M,exact-predictor-prefetch,safe-mixed,8589934592,1099511627776,62,551,0,4462,260.12,0.00,0.00,703.84,15673981.19
SmolLM2-135M,exact-predictor-prefetch,safe-mixed,8589934592,1099511627776,273,551,0,4404,260.40,0.00,0.00,701.85,15673981.19
SmolLM2-135M,exact-predictor-prefetch,safe-mixed,8589934592,1099511627776,191,551,0,4255,0.00,0.00,0.00,435.66,15673981.19
SmolLM2-135M,exact-predictor-prefetch,safe-mixed,8589934592,1099511627776,71,551,0,4326,0.00,0.00,0.00,438.42,15673981.19
SmolLM2-135M,exact-predictor-prefetch,safe-mixed,8589934592,1099511627776,368,551,0,4262,259.38,0.00,0.00,695.30,15673981.19
SmolLM2-135M,exact-predictor-prefetch,safe-mixed,8589934592,1099511627776,14,551,0,4295,259.58,0.00,0.00,696.80,15673981.19
SmolLM2-135M,exact-predictor-prefetch,safe-mixed,8589934592,1099511627776,254,551,0,4387,0.00,0.00,0.00,440.80,15673981.19
SmolLM2-135M,exact-predictor-prefetch,safe-mixed,8589934592,1099511627776,297,551,0,4372,0.00,0.00,0.00,440.21,15673981.19
SmolLM2-135M,exact-predictor-prefetch,safe-mixed,8589934592,2199023255552,259,551,0,4273,519.06,0.00,0.00,955.42,15673981.19
SmolLM2-135M,exact-predictor-prefetch,safe-mixed,8589934592,2199023255552,508,551,0,4442,521.29,0.00,0.00,964.23,15673981.19
SmolLM2-135M,exact-predictor-prefetch,safe-mixed,8589934592,2199023255552,269,551,0,4295,518.17,0.00,0.00,955.38,15673981.19
SmolLM2-135M,exact-predictor-prefetch,safe-mixed,8589934592,2199023255552,294,551,0,4365,259.65,0.00,0.00,699.59,15673981.19
SmolLM2-135M,exact-predictor-prefetch,safe-mixed,8589934592,2199023255552,181,551,0,4410,261.40,0.00,0.00,703.09,15673981.19
SmolLM2-135M,exact-predictor-prefetch,safe-mixed,8589934592,2199023255552,72,551,0,4335,261.08,0.00,0.00,699.85,15673981.19
SmolLM2-135M,exact-predictor-prefetch,safe-mixed,8589934592,2199023255552,253,551,0,4441,520.58,0.00,0.00,963.48,15673981.19
SmolLM2-135M,exact-predictor-prefetch,safe-mixed,8589934592,2199023255552,125,551,0,4303,0.00,0.00,0.00,437.53,15673981.19
SmolLM2-135M,exact-predictor-prefetch,safe-mixed,8589934592,2199023255552,482,551,0,4339,0.00,0.00,0.00,438.93,15673981.19
SmolLM2-135M,exact-predictor-prefetch,safe-mixed,8589934592,2199023255552,138,551,0,4290,0.00,0.00,0.00,437.02,15673981.19
SmolLM2-135M,exact-predictor-prefetch,safe-mixed,8589934592,2199023255552,0,551,0,4300,0.00,0.00,0.00,437.41,15673981.19
SmolLM2-135M,exact-predictor-prefetch,safe-mixed,8589934592,2199023255552,264,551,0,4447,258.65,0.00,0.00,701.78,15673981.19
SmolLM2-135M,exact-predictor-prefetch,safe-mixed,8589934592,2199023255552,62,551,0,4462,260.12,0.00,0.00,703.84,15673981.19
SmolLM2-135M,exact-predictor-prefetch,safe-mixed,8589934592,2199023255552,273,551,0,4404,260.40,0.00,0.00,701.85,15673981.19
SmolLM2-135M,exact-predictor-prefetch,safe-mixed,8589934592,2199023255552,191,551,0,4255,0.00,0.00,0.00,435.66,15673981.19
SmolLM2-135M,exact-predictor-prefetch,safe-mixed,8589934592,2199023255552,71,551,0,4326,0.00,0.00,0.00,438.42,15673981.19
SmolLM2-135M,exact-predictor-prefetch,safe-mixed,8589934592,2199023255552,368,551,0,4262,259.38,0.00,0.00,695.30,15673981.19
SmolLM2-135M,exact-predictor-prefetch,safe-mixed,8589934592,2199023255552,14,551,0,4295,259.58,0.00,0.00,696.80,15673981.19
SmolLM2-135M,exact-predictor-prefetch,safe-mixed,8589934592,2199023255552,254,551,0,4387,0.00,0.00,0.00,440.80,15673981.19
SmolLM2-135M,exact-predictor-prefetch,safe-mixed,8589934592,2199023255552,297,551,0,4372,0.00,0.00,0.00,440.21,15673981.19
SmolLM2-360M,exact-predictor-prefetch,fp16,67108864,549755813888,63,24883,24428271,16015453,53532147.47,0.00,0.00,54155935.75,54155935.75
SmolLM2-360M,exact-predictor-prefetch,fp16,67108864,549755813888,459,8520,24798128,16824589,53497650.91,0.00,0.00,54152940.72,54152940.72
SmolLM2-360M,exact-predictor-prefetch,fp16,67108864,549755813888,55,8500,24754105,16020784,53523187.98,0.00,0.00,54147183.82,54147183.82
SmolLM2-360M,exact-predictor-prefetch,fp16,67108864,549755813888,129,24883,24361498,15971675,53524553.25,0.00,0.00,54146637.16,54146637.16
SmolLM2-360M,exact-predictor-prefetch,fp16,67108864,549755813888,498,8500,24293490,15722675,53533483.36,0.00,0.00,54145873.13,54145873.13
SmolLM2-360M,exact-predictor-prefetch,fp16,67108864,549755813888,256,24883,24426070,16014009,53521652.86,0.00,0.00,54145384.93,54145384.93
SmolLM2-360M,exact-predictor-prefetch,fp16,67108864,549755813888,257,24883,24541272,16089537,53515329.37,0.00,0.00,54142001.92,54142001.92
SmolLM2-360M,exact-predictor-prefetch,fp16,67108864,549755813888,266,8499,25048309,16421957,53502312.32,0.00,0.00,54141926.74,54141926.74
SmolLM2-360M,exact-predictor-prefetch,fp16,67108864,549755813888,231,8520,24666640,16735379,53490038.83,0.00,0.00,54141855.49,54141855.49
SmolLM2-360M,exact-predictor-prefetch,fp16,67108864,549755813888,64,24883,25067387,16434464,53501559.53,0.00,0.00,54141660.87,54141660.87
SmolLM2-360M,exact-predictor-prefetch,fp16,67108864,549755813888,12,8520,24695538,16754986,53482378.09,0.00,0.00,54134958.10,54134958.10
SmolLM2-360M,exact-predictor-prefetch,fp16,67108864,549755813888,257,8499,24953652,16359899,53496758.96,0.00,0.00,54133957.32,54133957.32
SmolLM2-360M,exact-predictor-prefetch,fp16,67108864,549755813888,14,24884,24907156,16119837,53506054.68,0.00,0.00,54133906.87,54133906.87
SmolLM2-360M,exact-predictor-prefetch,fp16,67108864,549755813888,104,8520,24554658,16659403,53484122.54,0.00,0.00,54132981.28,54132981.28
SmolLM2-360M,exact-predictor-prefetch,fp16,67108864,549755813888,128,24883,25090868,16449859,53491411.27,0.00,0.00,54132111.98,54132111.98
SmolLM2-360M,exact-predictor-prefetch,fp16,67108864,549755813888,270,24883,25101141,16456594,53490161.73,0.00,0.00,54131124.65,54131124.65
SmolLM2-360M,exact-predictor-prefetch,fp16,67108864,549755813888,263,24903,24359266,16634989,53482856.95,0.00,0.00,54130765.20,54130765.20
SmolLM2-360M,exact-predictor-prefetch,fp16,67108864,549755813888,267,8499,24733520,16215578,53498803.80,0.00,0.00,54130383.41,54130383.41
SmolLM2-360M,exact-predictor-prefetch,fp16,67108864,549755813888,449,24884,24259072,15700400,53518258.45,0.00,0.00,54129781.01,54129781.01
SmolLM2-360M,exact-predictor-prefetch,fp16,67108864,549755813888,261,24883,24723248,16208843,53498336.04,0.00,0.00,54129653.45,54129653.45
SmolLM2-360M,exact-predictor-prefetch,fp16,67108864,2199023255552,477,53576,24637019,16715282,53538491.17,0.00,0.00,54189525.41,54189525.41
SmolLM2-360M,exact-predictor-prefetch,fp16,67108864,2199023255552,121,53576,24737441,16783415,53534575.54,0.00,0.00,54188262.35,54188262.35
SmolLM2-360M,exact-predictor-prefetch,fp16,67108864,2199023255552,233,53576,24696983,16755966,53535009.64,0.00,0.00,54187627.79,54187627.79
SmolLM2-360M,exact-predictor-prefetch,fp16,67108864,2199023255552,492,53576,23921778,16230019,53553802.91,0.00,0.00,54185944.74,54185944.74
SmolLM2-360M,exact-predictor-prefetch,fp16,67108864,2199023255552,258,53575,24534645,16754756,53528850.50,0.00,0.00,54181421.55,54181421.55
SmolLM2-360M,exact-predictor-prefetch,fp16,67108864,2199023255552,256,53575,24083566,16446713,53539344.54,0.00,0.00,54179922.77,54179922.77
SmolLM2-360M,exact-predictor-prefetch,fp16,67108864,2199023255552,67,53575,24344109,16624639,53527110.06,0.00,0.00,54174615.35,54174615.35
SmolLM2-360M,exact-predictor-prefetch,fp16,67108864,2199023255552,128,53575,23517010,16059811,53546879.63,0.00,0.00,54172394.88,54172394.88
SmolLM2-360M,exact-predictor-prefetch,fp16,67108864,2199023255552,63,53575,24577227,16783835,53517289.05,0.00,0.00,54170992.21,54170992.21
SmolLM2-360M,exact-predictor-prefetch,fp16,67108864,2199023255552,419,53576,24558270,16661854,53520340.66,0.00,0.00,54169294.82,54169294.82
SmolLM2-360M,exact-predictor-prefetch,fp16,67108864,2199023255552,55,53576,24189090,16411380,53529723.08,0.00,0.00,54168925.72,54168925.72
SmolLM2-360M,exact-predictor-prefetch,fp16,67108864,2199023255552,475,53576,23834360,16170709,53538160.62,0.00,0.00,54167993.38,54167993.38
SmolLM2-360M,exact-predictor-prefetch,fp16,67108864,2199023255552,230,53576,24717212,16769691,53513986.58,0.00,0.00,54167139.08,54167139.08
SmolLM2-360M,exact-predictor-prefetch,fp16,67108864,2199023255552,255,53575,24591662,16793693,53512748.63,0.00,0.00,54166835.59,54166835.59
SmolLM2-360M,exact-predictor-prefetch,fp16,67108864,2199023255552,260,86323,24856061,16295916,53531159.26,0.00,0.00,54165866.62,54165866.62
SmolLM2-360M,exact-predictor-prefetch,fp16,67108864,2199023255552,247,53576,24793071,16821158,53508101.85,0.00,0.00,54163258.08,54163258.08
SmolLM2-360M,exact-predictor-prefetch,fp16,67108864,2199023255552,451,53576,24772842,16807433,53508388.99,0.00,0.00,54163010.87,54163010.87
SmolLM2-360M,exact-predictor-prefetch,fp16,67108864,2199023255552,394,53576,24233161,16441280,53521032.12,0.00,0.00,54161398.83,54161398.83
SmolLM2-360M,exact-predictor-prefetch,fp16,67108864,2199023255552,29,53576,24704208,16760868,53508449.29,0.00,0.00,54161258.29,54161258.29
SmolLM2-360M,exact-predictor-prefetch,fp16,67108864,2199023255552,0,53576,23635682,16035913,53536391.75,0.00,0.00,54160976.59,54160976.59
SmolLM2-360M,exact-predictor-prefetch,fp16,268435456,549755813888,163,16693,24867317,14613097,51222536.01,0.00,0.00,51791727.37,51791727.37
SmolLM2-360M,exact-predictor-prefetch,fp16,268435456,549755813888,423,16693,24804360,14576101,51210981.69,0.00,0.00,51778732.70,51778732.70
SmolLM2-360M,exact-predictor-prefetch,fp16,268435456,549755813888,188,16693,24510075,14403167,51206485.90,0.00,0.00,51767504.20,51767504.20
SmolLM2-360M,exact-predictor-prefetch,fp16,268435456,549755813888,20,16693,24791915,14568788,51191718.00,0.00,0.00,51759184.30,51759184.30
SmolLM2-360M,exact-predictor-prefetch,fp16,268435456,549755813888,262,16693,24051079,14133441,51203936.94,0.00,0.00,51754454.18,51754454.18
SmolLM2-360M,exact-predictor-prefetch,fp16,268435456,549755813888,322,16693,25016655,14700855,51179424.11,0.00,0.00,51752032.08,51752032.08
SmolLM2-360M,exact-predictor-prefetch,fp16,268435456,549755813888,402,16693,23887099,14037079,51202995.04,0.00,0.00,51749760.70,51749760.70
SmolLM2-360M,exact-predictor-prefetch,fp16,268435456,549755813888,352,16693,25104501,14752477,51175033.98,0.00,0.00,51749651.72,51749651.72
SmolLM2-360M,exact-predictor-prefetch,fp16,268435456,549755813888,420,16693,24379770,14326594,51189128.55,0.00,0.00,51747165.68,51747165.68
SmolLM2-360M,exact-predictor-prefetch,fp16,268435456,549755813888,372,16693,24597921,14454789,51181521.80,0.00,0.00,51744549.86,51744549.86
SmolLM2-360M,exact-predictor-prefetch,fp16,268435456,549755813888,351,16693,24417837,14348964,51184465.20,0.00,0.00,51743373.25,51743373.25
SmolLM2-360M,exact-predictor-prefetch,fp16,268435456,549755813888,209,16693,25025440,14706017,51170427.29,0.00,0.00,51743236.23,51743236.23
SmolLM2-360M,exact-predictor-prefetch,fp16,268435456,549755813888,97,16693,24960287,14667731,51171715.31,0.00,0.00,51743033.70,51743033.70
SmolLM2-360M,exact-predictor-prefetch,fp16,268435456,549755813888,78,16693,24597921,14454789,51177993.92,0.00,0.00,51741021.98,51741021.98
SmolLM2-360M,exact-predictor-prefetch,fp16,268435456,549755813888,257,16693,24240680,14244859,51183618.23,0.00,0.00,51738473.23,51738473.23
SmolLM2-360M,exact-predictor-prefetch,fp16,268435456,549755813888,33,16693,24349756,14308956,51177659.93,0.00,0.00,51735010.38,51735010.38
SmolLM2-360M,exact-predictor-prefetch,fp16,268435456,549755813888,239,16693,24787523,14566207,51166236.79,0.00,0.00,51733602.61,51733602.61
SmolLM2-360M,exact-predictor-prefetch,fp16,268435456,549755813888,127,16693,24341703,14304224,51176185.28,0.00,0.00,51733351.51,51733351.51
SmolLM2-360M,exact-predictor-prefetch,fp16,268435456,549755813888,129,16693,23819750,13997502,51187947.83,0.00,0.00,51733172.66,51733172.66
SmolLM2-360M,exact-predictor-prefetch,fp16,268435456,549755813888,63,16693,24285335,14271100,51177214.78,0.00,0.00,51733091.41,51733091.41
SmolLM2-360M,exact-predictor-prefetch,fp16,67108864,1099511627776,63,24883,24428271,16015453,53532147.47,0.00,0.00,54155935.75,54155935.75
SmolLM2-360M,exact-predictor-prefetch,fp16,67108864,1099511627776,459,8520,24798128,16824589,53497650.91,0.00,0.00,54152940.72,54152940.72
SmolLM2-360M,exact-predictor-prefetch,fp16,67108864,1099511627776,55,8500,24754105,16020784,53523187.98,0.00,0.00,54147183.82,54147183.82
SmolLM2-360M,exact-predictor-prefetch,fp16,67108864,1099511627776,129,24883,24361498,15971675,53524553.25,0.00,0.00,54146637.16,54146637.16
SmolLM2-360M,exact-predictor-prefetch,fp16,67108864,1099511627776,498,8500,24293490,15722675,53533483.36,0.00,0.00,54145873.13,54145873.13
SmolLM2-360M,exact-predictor-prefetch,fp16,67108864,1099511627776,256,24883,24426070,16014009,53521652.86,0.00,0.00,54145384.93,54145384.93
SmolLM2-360M,exact-predictor-prefetch,fp16,67108864,1099511627776,257,24883,24541272,16089537,53515329.37,0.00,0.00,54142001.92,54142001.92
SmolLM2-360M,exact-predictor-prefetch,fp16,67108864,1099511627776,266,8499,25048309,16421957,53502312.32,0.00,0.00,54141926.74,54141926.74
SmolLM2-360M,exact-predictor-prefetch,fp16,67108864,1099511627776,231,8520,24666640,16735379,53490038.83,0.00,0.00,54141855.49,54141855.49
SmolLM2-360M,exact-predictor-prefetch,fp16,67108864,1099511627776,64,24883,25067387,16434464,53501559.53,0.00,0.00,54141660.87,54141660.87
SmolLM2-360M,exact-predictor-prefetch,fp16,67108864,1099511627776,12,8520,24695538,16754986,53482378.09,0.00,0.00,54134958.10,54134958.10
SmolLM2-360M,exact-predictor-prefetch,fp16,67108864,1099511627776,257,8499,24953652,16359899,53496758.96,0.00,0.00,54133957.32,54133957.32
SmolLM2-360M,exact-predictor-prefetch,fp16,67108864,1099511627776,14,24884,24907156,16119837,53506054.68,0.00,0.00,54133906.87,54133906.87
SmolLM2-360M,exact-predictor-prefetch,fp16,67108864,1099511627776,104,8520,24554658,16659403,53484122.54,0.00,0.00,54132981.28,54132981.28
SmolLM2-360M,exact-predictor-prefetch,fp16,67108864,1099511627776,128,24883,25090868,16449859,53491411.27,0.00,0.00,54132111.98,54132111.98
SmolLM2-360M,exact-predictor-prefetch,fp16,67108864,1099511627776,270,24883,25101141,16456594,53490161.73,0.00,0.00,54131124.65,54131124.65
SmolLM2-360M,exact-predictor-prefetch,fp16,67108864,1099511627776,263,24903,24359266,16634989,53482856.95,0.00,0.00,54130765.20,54130765.20
SmolLM2-360M,exact-predictor-prefetch,fp16,67108864,1099511627776,267,8499,24733520,16215578,53498803.80,0.00,0.00,54130383.41,54130383.41
SmolLM2-360M,exact-predictor-prefetch,fp16,67108864,1099511627776,449,24884,24259072,15700400,53518258.45,0.00,0.00,54129781.01,54129781.01
SmolLM2-360M,exact-predictor-prefetch,fp16,67108864,1099511627776,261,24883,24723248,16208843,53498336.04,0.00,0.00,54129653.45,54129653.45
SmolLM2-360M,exact-predictor-prefetch,fp16,1073741824,549755813888,414,4096,19640645,12745694,44225332.04,0.00,0.00,44721821.12,44721821.12
SmolLM2-360M,exact-predictor-prefetch,fp16,1073741824,549755813888,314,4096,20253008,13143084,44119165.40,0.00,0.00,44631125.78,44631125.78
SmolLM2-360M,exact-predictor-prefetch,fp16,1073741824,549755813888,271,4096,20062818,13019662,44029003.52,0.00,0.00,44536158.80,44536158.80
SmolLM2-360M,exact-predictor-prefetch,fp16,1073741824,549755813888,338,4096,19838709,12874227,43957101.56,0.00,0.00,44458594.72,44458594.72
SmolLM2-360M,exact-predictor-prefetch,fp16,1073741824,549755813888,412,4096,20286928,13165096,43876923.67,0.00,0.00,44389741.02,44389741.02
SmolLM2-360M,exact-predictor-prefetch,fp16,1073741824,549755813888,352,4096,19882320,12902528,43760030.85,0.00,0.00,44262625.84,44262625.84
SmolLM2-360M,exact-predictor-prefetch,fp16,1073741824,549755813888,359,4096,20776334,13482694,43687263.06,0.00,0.00,44212445.24,44212445.24
SmolLM2-360M,exact-predictor-prefetch,fp16,1073741824,549755813888,24,4096,20511642,13310924,43599442.75,0.00,0.00,44117937.53,44117937.53
SmolLM2-360M,exact-predictor-prefetch,fp16,1073741824,549755813888,315,4096,20776334,13482694,43521458.25,0.00,0.00,44046640.43,44046640.43
SmolLM2-360M,exact-predictor-prefetch,fp16,1073741824,549755813888,386,4096,19853246,12883661,43436200.79,0.00,0.00,43938061.24,43938061.24
SmolLM2-360M,exact-predictor-prefetch,fp16,1073741824,549755813888,137,4096,20431690,13259039,43346102.15,0.00,0.00,43862576.92,43862576.92
SmolLM2-360M,exact-predictor-prefetch,fp16,1073741824,549755813888,356,4096,19904125,12916678,43260338.23,0.00,0.00,43763484.10,43763484.10
SmolLM2-360M,exact-predictor-prefetch,fp16,1073741824,549755813888,339,4096,20099160,13043246,43179578.42,0.00,0.00,43687651.87,43687651.87
SmolLM2-360M,exact-predictor-prefetch,fp16,1073741824,549755813888,181,4096,20052521,13012979,43074977.83,0.00,0.00,43581872.93,43581872.93
SmolLM2-360M,exact-predictor-prefetch,fp16,1073741824,549755813888,344,4096,20242711,13136402,42987587.81,0.00,0.00,43499288.05,43499288.05
SmolLM2-360M,exact-predictor-prefetch,fp16,1073741824,549755813888,8,4096,20177296,13093951,42911642.83,0.00,0.00,43421690.35,43421690.35
SmolLM2-360M,exact-predictor-prefetch,fp16,1073741824,549755813888,416,4096,20290562,13167454,42828063.79,0.00,0.00,43340972.95,43340972.95
SmolLM2-360M,exact-predictor-prefetch,fp16,1073741824,549755813888,387,4096,19724232,12799938,42751434.56,0.00,0.00,43250035.48,43250035.48
SmolLM2-360M,exact-predictor-prefetch,fp16,1073741824,549755813888,142,4097,20789265,12194025,42689241.18,0.00,0.00,43164252.52,43164252.52
SmolLM2-360M,exact-predictor-prefetch,fp16,1073741824,549755813888,23,4097,20481514,12013513,42690218.39,0.00,0.00,43158201.98,43158201.98
SmolLM2-360M,exact-predictor-prefetch,fp16,268435456,2199023255552,129,45365,24762633,14551581,51250952.10,0.00,0.00,51817748.50,51817748.50
SmolLM2-360M,exact-predictor-prefetch,fp16,268435456,2199023255552,127,45365,25124267,14764092,51239102.08,0.00,0.00,51814172.01,51814172.01
SmolLM2-360M,exact-predictor-prefetch,fp16,268435456,2199023255552,423,45365,25064239,14728817,51236646.95,0.00,0.00,51810343.55,51810343.55
SmolLM2-360M,exact-predictor-prefetch,fp16,268435456,2199023255552,259,45365,25133051,14769254,51234453.77,0.00,0.00,51809724.67,51809724.67
SmolLM2-360M,exact-predictor-prefetch,fp16,268435456,2199023255552,128,45365,24474937,14382518,51248341.39,0.00,0.00,51808555.77,51808555.77
SmolLM2-360M,exact-predictor-prefetch,fp16,268435456,2199023255552,173,45365,23876850,14031057,51254500.34,0.00,0.00,51801031.54,51801031.54
SmolLM2-360M,exact-predictor-prefetch,fp16,268435456,2199023255552,130,45365,24985909,14682787,51226714.79,0.00,0.00,51798619.33,51798619.33
SmolLM2-360M,exact-predictor-prefetch,fp16,268435456,2199023255552,359,45365,24977124,14677625,51222972.80,0.00,0.00,51794676.38,51794676.38
SmolLM2-360M,exact-predictor-prefetch,fp16,268435456,2199023255552,257,45365,25094253,14746455,51217360.86,0.00,0.00,51791744.15,51791744.15
SmolLM2-360M,exact-predictor-prefetch,fp16,268435456,2199023255552,163,16693,24867317,14613097,51222536.01,0.00,0.00,51791727.37,51791727.37
SmolLM2-360M,exact-predictor-prefetch,fp16,268435456,2199023255552,402,45365,24941986,14656976,51220586.71,0.00,0.00,51791486.38,51791486.38
SmolLM2-360M,exact-predictor-prefetch,fp16,268435456,2199023255552,188,45365,24720906,14527060,51223509.34,0.00,0.00,51789351.07,51789351.07
SmolLM2-360M,exact-predictor-prefetch,fp16,268435456,2199023255552,258,45365,25028368,14707738,51214053.98,0.00,0.00,51786929.92,51786929.92
SmolLM2-360M,exact-predictor-prefetch,fp16,268435456,2199023255552,213,45365,24407588,14342941,51226052.06,0.00,0.00,51784725.62,51784725.62
SmolLM2-360M,exact-predictor-prefetch,fp16,268435456,2199023255552,63,45365,23671144,13910175,51240099.81,0.00,0.00,51781924.80,51781924.80
SmolLM2-360M,exact-predictor-prefetch,fp16,268435456,2199023255552,351,45365,25012995,14698704,51209368.74,0.00,0.00,51781892.97,51781892.97
SmolLM2-360M,exact-predictor-prefetch,fp16,268435456,2199023255552,255,45365,24850479,14603203,51210338.94,0.00,0.00,51779145.10,51779145.10
SmolLM2-360M,exact-predictor-prefetch,fp16,268435456,2199023255552,423,16693,24804360,14576101,51210981.69,0.00,0.00,51778732.70,51778732.70
SmolLM2-360M,exact-predictor-prefetch,fp16,268435456,2199023255552,344,45365,24425889,14353696,51218716.10,0.00,0.00,51777808.38,51777808.38
SmolLM2-360M,exact-predictor-prefetch,fp16,268435456,2199023255552,261,45365,23747277,13954914,51232718.70,0.00,0.00,51776285.49,51776285.49
SmolLM2-360M,exact-predictor-prefetch,fp16,268435456,1099511627776,129,45365,24762633,14551581,51250952.10,0.00,0.00,51817748.50,51817748.50
SmolLM2-360M,exact-predictor-prefetch,fp16,268435456,1099511627776,127,45365,25124267,14764092,51239102.08,0.00,0.00,51814172.01,51814172.01
SmolLM2-360M,exact-predictor-prefetch,fp16,268435456,1099511627776,423,45365,25064239,14728817,51236646.95,0.00,0.00,51810343.55,51810343.55
SmolLM2-360M,exact-predictor-prefetch,fp16,268435456,1099511627776,259,45365,25133051,14769254,51234453.77,0.00,0.00,51809724.67,51809724.67
SmolLM2-360M,exact-predictor-prefetch,fp16,268435456,1099511627776,128,45365,24474937,14382518,51248341.39,0.00,0.00,51808555.77,51808555.77
SmolLM2-360M,exact-predictor-prefetch,fp16,268435456,1099511627776,173,45365,23876850,14031057,51254500.34,0.00,0.00,51801031.54,51801031.54
SmolLM2-360M,exact-predictor-prefetch,fp16,268435456,1099511627776,130,45365,24985909,14682787,51226714.79,0.00,0.00,51798619.33,51798619.33
SmolLM2-360M,exact-predictor-prefetch,fp16,268435456,1099511627776,359,45365,24977124,14677625,51222972.80,0.00,0.00,51794676.38,51794676.38
SmolLM2-360M,exact-predictor-prefetch,fp16,268435456,1099511627776,257,45365,25094253,14746455,51217360.86,0.00,0.00,51791744.15,51791744.15
SmolLM2-360M,exact-predictor-prefetch,fp16,268435456,1099511627776,163,16693,24867317,14613097,51222536.01,0.00,0.00,51791727.37,51791727.37
SmolLM2-360M,exact-predictor-prefetch,fp16,268435456,1099511627776,402,45365,24941986,14656976,51220586.71,0.00,0.00,51791486.38,51791486.38
SmolLM2-360M,exact-predictor-prefetch,fp16,268435456,1099511627776,188,45365,24720906,14527060,51223509.34,0.00,0.00,51789351.07,51789351.07
SmolLM2-360M,exact-predictor-prefetch,fp16,268435456,1099511627776,258,45365,25028368,14707738,51214053.98,0.00,0.00,51786929.92,51786929.92
SmolLM2-360M,exact-predictor-prefetch,fp16,268435456,1099511627776,213,45365,24407588,14342941,51226052.06,0.00,0.00,51784725.62,51784725.62
SmolLM2-360M,exact-predictor-prefetch,fp16,268435456,1099511627776,63,45365,23671144,13910175,51240099.81,0.00,0.00,51781924.80,51781924.80
SmolLM2-360M,exact-predictor-prefetch,fp16,268435456,1099511627776,351,45365,25012995,14698704,51209368.74,0.00,0.00,51781892.97,51781892.97
SmolLM2-360M,exact-predictor-prefetch,fp16,268435456,1099511627776,255,45365,24850479,14603203,51210338.94,0.00,0.00,51779145.10,51779145.10
SmolLM2-360M,exact-predictor-prefetch,fp16,268435456,1099511627776,423,16693,24804360,14576101,51210981.69,0.00,0.00,51778732.70,51778732.70
SmolLM2-360M,exact-predictor-prefetch,fp16,268435456,1099511627776,344,45365,24425889,14353696,51218716.10,0.00,0.00,51777808.38,51777808.38
SmolLM2-360M,exact-predictor-prefetch,fp16,268435456,1099511627776,261,45365,23747277,13954914,51232718.70,0.00,0.00,51776285.49,51776285.49
SmolLM2-360M,exact-predictor-prefetch,fp16,1073741824,1099511627776,414,4096,19640645,12745694,44225332.04,0.00,0.00,44721821.12,44721821.12
SmolLM2-360M,exact-predictor-prefetch,fp16,1073741824,1099511627776,314,4096,20253008,13143084,44119165.40,0.00,0.00,44631125.78,44631125.78
SmolLM2-360M,exact-predictor-prefetch,fp16,1073741824,1099511627776,271,4096,20062818,13019662,44029003.52,0.00,0.00,44536158.80,44536158.80
SmolLM2-360M,exact-predictor-prefetch,fp16,1073741824,1099511627776,338,4096,19838709,12874227,43957101.56,0.00,0.00,44458594.72,44458594.72
SmolLM2-360M,exact-predictor-prefetch,fp16,1073741824,1099511627776,412,4096,20286928,13165096,43876923.67,0.00,0.00,44389741.02,44389741.02
SmolLM2-360M,exact-predictor-prefetch,fp16,1073741824,1099511627776,352,4096,19882320,12902528,43760030.85,0.00,0.00,44262625.84,44262625.84
SmolLM2-360M,exact-predictor-prefetch,fp16,1073741824,1099511627776,359,4096,20776334,13482694,43687263.06,0.00,0.00,44212445.24,44212445.24
SmolLM2-360M,exact-predictor-prefetch,fp16,1073741824,1099511627776,24,4096,20511642,13310924,43599442.75,0.00,0.00,44117937.53,44117937.53
SmolLM2-360M,exact-predictor-prefetch,fp16,1073741824,1099511627776,315,4096,20776334,13482694,43521458.25,0.00,0.00,44046640.43,44046640.43
SmolLM2-360M,exact-predictor-prefetch,fp16,1073741824,1099511627776,386,4096,19853246,12883661,43436200.79,0.00,0.00,43938061.24,43938061.24
SmolLM2-360M,exact-predictor-prefetch,fp16,1073741824,1099511627776,137,4096,20431690,13259039,43346102.15,0.00,0.00,43862576.92,43862576.92
SmolLM2-360M,exact-predictor-prefetch,fp16,1073741824,1099511627776,356,4096,19904125,12916678,43260338.23,0.00,0.00,43763484.10,43763484.10
SmolLM2-360M,exact-predictor-prefetch,fp16,1073741824,1099511627776,339,4096,20099160,13043246,43179578.42,0.00,0.00,43687651.87,43687651.87
SmolLM2-360M,exact-predictor-prefetch,fp16,1073741824,1099511627776,181,4096,20052521,13012979,43074977.83,0.00,0.00,43581872.93,43581872.93
SmolLM2-360M,exact-predictor-prefetch,fp16,1073741824,1099511627776,344,4096,20242711,13136402,42987587.81,0.00,0.00,43499288.05,43499288.05
SmolLM2-360M,exact-predictor-prefetch,fp16,1073741824,1099511627776,8,4096,20177296,13093951,42911642.83,0.00,0.00,43421690.35,43421690.35
SmolLM2-360M,exact-predictor-prefetch,fp16,1073741824,1099511627776,416,4096,20290562,13167454,42828063.79,0.00,0.00,43340972.95,43340972.95
SmolLM2-360M,exact-predictor-prefetch,fp16,1073741824,1099511627776,387,4096,19724232,12799938,42751434.56,0.00,0.00,43250035.48,43250035.48
SmolLM2-360M,exact-predictor-prefetch,fp16,1073741824,1099511627776,142,4097,20789265,12194025,42689241.18,0.00,0.00,43164252.52,43164252.52
SmolLM2-360M,exact-predictor-prefetch,fp16,1073741824,1099511627776,23,4097,20481514,12013513,42690218.39,0.00,0.00,43158201.98,43158201.98
SmolLM2-360M,exact-predictor-prefetch,fp16,4294967296,549755813888,414,4096,18851512,12737723,43136082.04,0.00,0.00,43632260.79,43632260.79
SmolLM2-360M,exact-predictor-prefetch,fp16,4294967296,549755813888,314,4096,19439271,13134865,43028485.33,0.00,0.00,43540125.73,43540125.73
SmolLM2-360M,exact-predictor-prefetch,fp16,4294967296,549755813888,271,4096,19256723,13011519,42952614.46,0.00,0.00,43459452.71,43459452.71
SmolLM2-360M,exact-predictor-prefetch,fp16,4294967296,549755813888,338,4096,19041618,12866176,42869030.17,0.00,0.00,43370209.88,43370209.88
SmolLM2-360M,exact-predictor-prefetch,fp16,4294967296,549755813888,412,4096,19471828,13156863,42788124.17,0.00,0.00,43300620.99,43300620.99
SmolLM2-360M,exact-predictor-prefetch,fp16,4294967296,549755813888,352,4096,19083476,12894459,42683809.90,0.00,0.00,43186090.73,43186090.73
SmolLM2-360M,exact-predictor-prefetch,fp16,4294967296,549755813888,359,4096,19941570,13474262,42608587.35,0.00,0.00,43133441.25,43133441.25
SmolLM2-360M,exact-predictor-prefetch,fp16,4294967296,549755813888,24,4096,19687514,13302599,42530021.77,0.00,0.00,43048192.44,43048192.44
SmolLM2-360M,exact-predictor-prefetch,fp16,4294967296,549755813888,315,4096,19941570,13474262,42449365.17,0.00,0.00,42974219.06,42974219.06
SmolLM2-360M,exact-predictor-prefetch,fp16,4294967296,549755813888,386,4096,19055571,12875603,42362331.19,0.00,0.00,42863877.92,42863877.92
SmolLM2-360M,exact-predictor-prefetch,fp16,4294967296,549755813888,137,4096,19610774,13250747,42284137.98,0.00,0.00,42800289.93,42800289.93
SmolLM2-360M,exact-predictor-prefetch,fp16,4294967296,549755813888,356,4096,19104406,12908600,42189604.46,0.00,0.00,42692435.84,42692435.84
SmolLM2-360M,exact-predictor-prefetch,fp16,4294967296,549755813888,339,4096,19291605,13035088,42100770.46,0.00,0.00,42608526.31,42608526.31
SmolLM2-360M,exact-predictor-prefetch,fp16,4294967296,549755813888,181,4096,19246840,13004841,42015544.65,0.00,0.00,42522122.91,42522122.91
SmolLM2-360M,exact-predictor-prefetch,fp16,4294967296,549755813888,344,4096,19429388,13128187,41926185.67,0.00,0.00,42437566.07,42437566.07
SmolLM2-360M,exact-predictor-prefetch,fp16,4294967296,549755813888,8,4096,19366601,13085762,41859053.27,0.00,0.00,42368781.97,42368781.97
SmolLM2-360M,exact-predictor-prefetch,fp16,4294967296,549755813888,416,4096,19475316,13159220,41772966.31,0.00,0.00,42285554.90,42285554.90
SmolLM2-360M,exact-predictor-prefetch,fp16,4294967296,549755813888,387,4096,18931740,12791933,41694516.75,0.00,0.00,42192806.02,42192806.02
SmolLM2-360M,exact-predictor-prefetch,fp16,4294967296,549755813888,368,4096,19098011,12904279,41610179.92,0.00,0.00,42112843.07,42112843.07
SmolLM2-360M,exact-predictor-prefetch,fp16,4294967296,549755813888,143,4097,20044152,12231469,41615405.02,0.00,0.00,42091874.14,42091874.14
SmolLM2-360M,exact-predictor-prefetch,fp16,1073741824,2199023255552,414,4096,19640645,12745694,44225332.04,0.00,0.00,44721821.12,44721821.12
SmolLM2-360M,exact-predictor-prefetch,fp16,1073741824,2199023255552,314,4096,20253008,13143084,44119165.40,0.00,0.00,44631125.78,44631125.78
SmolLM2-360M,exact-predictor-prefetch,fp16,1073741824,2199023255552,271,4096,20062818,13019662,44029003.52,0.00,0.00,44536158.80,44536158.80
SmolLM2-360M,exact-predictor-prefetch,fp16,1073741824,2199023255552,338,4096,19838709,12874227,43957101.56,0.00,0.00,44458594.72,44458594.72
SmolLM2-360M,exact-predictor-prefetch,fp16,1073741824,2199023255552,412,4096,20286928,13165096,43876923.67,0.00,0.00,44389741.02,44389741.02
SmolLM2-360M,exact-predictor-prefetch,fp16,1073741824,2199023255552,352,4096,19882320,12902528,43760030.85,0.00,0.00,44262625.84,44262625.84
SmolLM2-360M,exact-predictor-prefetch,fp16,1073741824,2199023255552,359,4096,20776334,13482694,43687263.06,0.00,0.00,44212445.24,44212445.24
SmolLM2-360M,exact-predictor-prefetch,fp16,1073741824,2199023255552,24,4096,20511642,13310924,43599442.75,0.00,0.00,44117937.53,44117937.53
SmolLM2-360M,exact-predictor-prefetch,fp16,1073741824,2199023255552,315,4096,20776334,13482694,43521458.25,0.00,0.00,44046640.43,44046640.43
SmolLM2-360M,exact-predictor-prefetch,fp16,1073741824,2199023255552,386,4096,19853246,12883661,43436200.79,0.00,0.00,43938061.24,43938061.24
SmolLM2-360M,exact-predictor-prefetch,fp16,1073741824,2199023255552,137,4096,20431690,13259039,43346102.15,0.00,0.00,43862576.92,43862576.92
SmolLM2-360M,exact-predictor-prefetch,fp16,1073741824,2199023255552,356,4096,19904125,12916678,43260338.23,0.00,0.00,43763484.10,43763484.10
SmolLM2-360M,exact-predictor-prefetch,fp16,1073741824,2199023255552,339,4096,20099160,13043246,43179578.42,0.00,0.00,43687651.87,43687651.87
SmolLM2-360M,exact-predictor-prefetch,fp16,1073741824,2199023255552,181,4096,20052521,13012979,43074977.83,0.00,0.00,43581872.93,43581872.93
SmolLM2-360M,exact-predictor-prefetch,fp16,1073741824,2199023255552,344,4096,20242711,13136402,42987587.81,0.00,0.00,43499288.05,43499288.05
SmolLM2-360M,exact-predictor-prefetch,fp16,1073741824,2199023255552,8,4096,20177296,13093951,42911642.83,0.00,0.00,43421690.35,43421690.35
SmolLM2-360M,exact-predictor-prefetch,fp16,1073741824,2199023255552,416,4096,20290562,13167454,42828063.79,0.00,0.00,43340972.95,43340972.95
SmolLM2-360M,exact-predictor-prefetch,fp16,1073741824,2199023255552,387,4096,19724232,12799938,42751434.56,0.00,0.00,43250035.48,43250035.48
SmolLM2-360M,exact-predictor-prefetch,fp16,1073741824,2199023255552,142,4097,20789265,12194025,42689241.18,0.00,0.00,43164252.52,43164252.52
SmolLM2-360M,exact-predictor-prefetch,fp16,1073741824,2199023255552,23,4097,20481514,12013513,42690218.39,0.00,0.00,43158201.98,43158201.98
SmolLM2-360M,exact-predictor-prefetch,fp16,4294967296,1099511627776,414,4096,18851512,12737723,43136082.04,0.00,0.00,43632260.79,43632260.79
SmolLM2-360M,exact-predictor-prefetch,fp16,4294967296,1099511627776,314,4096,19439271,13134865,43028485.33,0.00,0.00,43540125.73,43540125.73
SmolLM2-360M,exact-predictor-prefetch,fp16,4294967296,1099511627776,271,4096,19256723,13011519,42952614.46,0.00,0.00,43459452.71,43459452.71
SmolLM2-360M,exact-predictor-prefetch,fp16,4294967296,1099511627776,338,4096,19041618,12866176,42869030.17,0.00,0.00,43370209.88,43370209.88
SmolLM2-360M,exact-predictor-prefetch,fp16,4294967296,1099511627776,412,4096,19471828,13156863,42788124.17,0.00,0.00,43300620.99,43300620.99
SmolLM2-360M,exact-predictor-prefetch,fp16,4294967296,1099511627776,352,4096,19083476,12894459,42683809.90,0.00,0.00,43186090.73,43186090.73
SmolLM2-360M,exact-predictor-prefetch,fp16,4294967296,1099511627776,359,4096,19941570,13474262,42608587.35,0.00,0.00,43133441.25,43133441.25
SmolLM2-360M,exact-predictor-prefetch,fp16,4294967296,1099511627776,24,4096,19687514,13302599,42530021.77,0.00,0.00,43048192.44,43048192.44
SmolLM2-360M,exact-predictor-prefetch,fp16,4294967296,1099511627776,315,4096,19941570,13474262,42449365.17,0.00,0.00,42974219.06,42974219.06
SmolLM2-360M,exact-predictor-prefetch,fp16,4294967296,1099511627776,386,4096,19055571,12875603,42362331.19,0.00,0.00,42863877.92,42863877.92
SmolLM2-360M,exact-predictor-prefetch,fp16,4294967296,1099511627776,137,4096,19610774,13250747,42284137.98,0.00,0.00,42800289.93,42800289.93
SmolLM2-360M,exact-predictor-prefetch,fp16,4294967296,1099511627776,356,4096,19104406,12908600,42189604.46,0.00,0.00,42692435.84,42692435.84
SmolLM2-360M,exact-predictor-prefetch,fp16,4294967296,1099511627776,339,4096,19291605,13035088,42100770.46,0.00,0.00,42608526.31,42608526.31
SmolLM2-360M,exact-predictor-prefetch,fp16,4294967296,1099511627776,181,4096,19246840,13004841,42015544.65,0.00,0.00,42522122.91,42522122.91
SmolLM2-360M,exact-predictor-prefetch,fp16,4294967296,1099511627776,344,4096,19429388,13128187,41926185.67,0.00,0.00,42437566.07,42437566.07
SmolLM2-360M,exact-predictor-prefetch,fp16,4294967296,1099511627776,8,4096,19366601,13085762,41859053.27,0.00,0.00,42368781.97,42368781.97
SmolLM2-360M,exact-predictor-prefetch,fp16,4294967296,1099511627776,416,4096,19475316,13159220,41772966.31,0.00,0.00,42285554.90,42285554.90
SmolLM2-360M,exact-predictor-prefetch,fp16,4294967296,1099511627776,387,4096,18931740,12791933,41694516.75,0.00,0.00,42192806.02,42192806.02
SmolLM2-360M,exact-predictor-prefetch,fp16,4294967296,1099511627776,368,4096,19098011,12904279,41610179.92,0.00,0.00,42112843.07,42112843.07
SmolLM2-360M,exact-predictor-prefetch,fp16,4294967296,1099511627776,143,4097,20044152,12231469,41615405.02,0.00,0.00,42091874.14,42091874.14
