model,policy,eviction,block_size_tokens,hot_cache_bytes,p50_latency_ns,p95_latency_ns,p99_latency_ns,mean_bytes_per_token,metadata_ns_per_token,hot_cache_hit_rate,redundant_fetches,wasted_prefetch_bytes,mean_working_set_blocks,precision,recall,prefetch_hit_rate,late_fetch_rate,false_prefetch_rate,additional_link_traffic_bytes
SmolLM2-135M,full-attention,lru,16,67108864,15673981.19,15673981.19,15673981.19,61284.38,7646.95,0.9975,0,4593332,36.500,0.3213,0.9661,0.9975,0.0025,0.6474,4593332
SmolLM2-135M,sliding-window,lru,16,67108864,15673981.19,15673981.19,15673981.19,61250.33,7646.95,0.9969,0,4571542,32.000,0.2966,0.7819,0.9969,0.0031,0.6627,4571542
SmolLM2-135M,recency+sinks,lru,16,67108864,15673981.19,15673981.19,15673981.19,61284.38,7646.95,0.9975,0,4593332,33.000,0.3149,0.8561,0.9975,0.0025,0.6474,4593332
SmolLM2-135M,topk-attention-blocks,lru,16,67108864,15673981.19,15673981.19,15673981.19,61148.19,7646.95,0.9949,0,4338389,12.290,0.8022,0.8123,0.9949,0.0051,0.6913,4338389
SmolLM2-135M,heavy-hitter-blocks,lru,16,67108864,15673981.19,15673981.19,15673981.19,61148.19,7646.95,0.9949,0,4338389,8.188,0.8209,0.5538,0.9949,0.0051,0.6913,4338389
SmolLM2-135M,recency-frequency-hybrid,lru,16,67108864,15673981.19,15673981.19,15673981.19,61250.33,7646.95,0.9969,0,4571542,33.709,0.3315,0.9207,0.9969,0.0031,0.6627,4571542
SmolLM2-135M,oracle,lru,16,67108864,15673981.19,15673981.19,15673981.19,54304.77,7646.95,1.0000,0,0,12.138,1.0000,1.0000,1.0000,0.0000,0.0000,0
SmolLM2-135M,membrane-predictive,lru,16,67108864,15673981.19,15673981.19,15673981.19,61182.23,7646.95,0.9957,0,4381969,18.251,0.5924,0.8907,0.9957,0.0043,0.6735,4381969
SmolLM2-135M,full-attention,lfu,16,67108864,15673981.19,15673981.19,15673981.19,61284.38,7646.95,0.9975,0,4593332,36.500,0.3213,0.9661,0.9975,0.0025,0.6474,4593332
SmolLM2-135M,sliding-window,lfu,16,67108864,15673981.19,15673981.19,15673981.19,61250.33,7646.95,0.9969,0,4571542,32.000,0.2966,0.7819,0.9969,0.0031,0.6627,4571542
SmolLM2-135M,recency+sinks,lfu,16,67108864,15673981.19,15673981.19,15673981.19,61284.38,7646.95,0.9975,0,4593332,33.000,0.3149,0.8561,0.9975,0.0025,0.6474,4593332
SmolLM2-135M,topk-attention-blocks,lfu,16,67108864,15673981.19,15673981.19,15673981.19,61148.19,7646.95,0.9949,0,4338389,12.290,0.8022,0.8123,0.9949,0.0051,0.6913,4338389
SmolLM2-135M,heavy-hitter-blocks,lfu,16,67108864,15673981.19,15673981.19,15673981.19,61148.19,7646.95,0.9949,0,4338389,8.188,0.8209,0.5538,0.9949,0.0051,0.6913,4338389
SmolLM2-135M,recency-frequency-hybrid,lfu,16,67108864,15673981.19,15673981.19,15673981.19,61250.33,7646.95,0.9969,0,4571542,33.709,0.3315,0.9207,0.9969,0.0031,0.6627,4571542
SmolLM2-135M,oracle,lfu,16,67108864,15673981.19,15673981.19,15673981.19,54304.77,7646.95,1.0000,0,0,12.138,1.0000,1.0000,1.0000,0.0000,0.0000,0
SmolLM2-135M,membrane-predictive,lfu,16,67108864,15673981.19,15673981.19,15673981.19,61182.23,7646.95,0.9957,0,4381969,18.251,0.5924,0.8907,0.9957,0.0043,0.6735,4381969
SmolLM2-135M,full-attention,attention-score-aware,16,67108864,15673981.19,15673981.19,15673981.19,61284.38,7646.95,0.9975,0,4593332,36.500,0.3213,0.9661,0.9975,0.0025,0.6474,4593332
SmolLM2-135M,sliding-window,attention-score-aware,16,67108864,15673981.19,15673981.19,15673981.19,61250.33,7646.95,0.9969,0,4571542,32.000,0.2966,0.7819,0.9969,0.0031,0.6627,4571542
SmolLM2-135M,recency+sinks,attention-score-aware,16,67108864,15673981.19,15673981.19,15673981.19,61284.38,7646.95,0.9975,0,4593332,33.000,0.3149,0.8561,0.9975,0.0025,0.6474,4593332
SmolLM2-135M,topk-attention-blocks,attention-score-aware,16,67108864,15673981.19,15673981.19,15673981.19,61148.19,7646.95,0.9949,0,4338389,12.290,0.8022,0.8123,0.9949,0.0051,0.6913,4338389
SmolLM2-135M,heavy-hitter-blocks,attention-score-aware,16,67108864,15673981.19,15673981.19,15673981.19,61148.19,7646.95,0.9949,0,4338389,8.188,0.8209,0.5538,0.9949,0.0051,0.6913,4338389
SmolLM2-135M,recency-frequency-hybrid,attention-score-aware,16,67108864,15673981.19,15673981.19,15673981.19,61250.33,7646.95,0.9969,0,4571542,33.709,0.3315,0.9207,0.9969,0.0031,0.6627,4571542
SmolLM2-135M,oracle,attention-score-aware,16,67108864,15673981.19,15673981.19,15673981.19,54304.77,7646.95,1.0000,0,0,12.138,1.0000,1.0000,1.0000,0.0000,0.0000,0
SmolLM2-135M,membrane-predictive,attention-score-aware,16,67108864,15673981.19,15673981.19,15673981.19,61182.23,7646.95,0.9957,0,4381969,18.251,0.5924,0.8907,0.9957,0.0043,0.6735,4381969
SmolLM2-135M,full-attention,segmented-lru,16,67108864,15673981.19,15673981.19,15673981.19,61284.38,7646.95,0.9975,0,4593332,36.500,0.3213,0.9661,0.9975,0.0025,0.6474,4593332
SmolLM2-135M,sliding-window,segmented-lru,16,67108864,15673981.19,15673981.19,15673981.19,61250.33,7646.95,0.9969,0,4571542,32.000,0.2966,0.7819,0.9969,0.0031,0.6627,4571542
SmolLM2-135M,recency+sinks,segmented-lru,16,67108864,15673981.19,15673981.19,15673981.19,61284.38,7646.95,0.9975,0,4593332,33.000,0.3149,0.8561,0.9975,0.0025,0.6474,4593332
SmolLM2-135M,topk-attention-blocks,segmented-lru,16,67108864,15673981.19,15673981.19,15673981.19,61148.19,7646.95,0.9949,0,4338389,12.290,0.8022,0.8123,0.9949,0.0051,0.6913,4338389
SmolLM2-135M,heavy-hitter-blocks,segmented-lru,16,67108864,15673981.19,15673981.19,15673981.19,61148.19,7646.95,0.9949,0,4338389,8.188,0.8209,0.5538,0.9949,0.0051,0.6913,4338389
SmolLM2-135M,recency-frequency-hybrid,segmented-lru,16,67108864,15673981.19,15673981.19,15673981.19,61250.33,7646.95,0.9969,0,4571542,33.709,0.3315,0.9207,0.9969,0.0031,0.6627,4571542
SmolLM2-135M,oracle,segmented-lru,16,67108864,15673981.19,15673981.19,15673981.19,54304.77,7646.95,1.0000,0,0,12.138,1.0000,1.0000,1.0000,0.0000,0.0000,0
SmolLM2-135M,membrane-predictive,segmented-lru,16,67108864,15673981.19,15673981.19,15673981.19,61182.23,7646.95,0.9957,0,4381969,18.251,0.5924,0.8907,0.9957,0.0043,0.6735,4381969
SmolLM2-135M,full-attention,lru,16,268435456,15673981.19,15673981.19,15673981.19,61284.38,7646.95,0.9975,0,4593332,36.500,0.3213,0.9661,0.9975,0.0025,0.6474,4593332
SmolLM2-135M,sliding-window,lru,16,268435456,15673981.19,15673981.19,15673981.19,61250.33,7646.95,0.9969,0,4571542,32.000,0.2966,0.7819,0.9969,0.0031,0.6627,4571542
SmolLM2-135M,recency+sinks,lru,16,268435456,15673981.19,15673981.19,15673981.19,61284.38,7646.95,0.9975,0,4593332,33.000,0.3149,0.8561,0.9975,0.0025,0.6474,4593332
SmolLM2-135M,topk-attention-blocks,lru,16,268435456,15673981.19,15673981.19,15673981.19,61148.19,7646.95,0.9949,0,4338389,12.290,0.8022,0.8123,0.9949,0.0051,0.6913,4338389
SmolLM2-135M,heavy-hitter-blocks,lru,16,268435456,15673981.19,15673981.19,15673981.19,61148.19,7646.95,0.9949,0,4338389,8.188,0.8209,0.5538,0.9949,0.0051,0.6913,4338389
SmolLM2-135M,recency-frequency-hybrid,lru,16,268435456,15673981.19,15673981.19,15673981.19,61250.33,7646.95,0.9969,0,4571542,33.709,0.3315,0.9207,0.9969,0.0031,0.6627,4571542
SmolLM2-135M,oracle,lru,16,268435456,15673981.19,15673981.19,15673981.19,54304.77,7646.95,1.0000,0,0,12.138,1.0000,1.0000,1.0000,0.0000,0.0000,0
SmolLM2-135M,membrane-predictive,lru,16,268435456,15673981.19,15673981.19,15673981.19,61182.23,7646.95,0.9957,0,4381969,18.251,0.5924,0.8907,0.9957,0.0043,0.6735,4381969
SmolLM2-135M,full-attention,lfu,16,268435456,15673981.19,15673981.19,15673981.19,61284.38,7646.95,0.9975,0,4593332,36.500,0.3213,0.9661,0.9975,0.0025,0.6474,4593332
SmolLM2-135M,sliding-window,lfu,16,268435456,15673981.19,15673981.19,15673981.19,61250.33,7646.95,0.9969,0,4571542,32.000,0.2966,0.7819,0.9969,0.0031,0.6627,4571542
SmolLM2-135M,recency+sinks,lfu,16,268435456,15673981.19,15673981.19,15673981.19,61284.38,7646.95,0.9975,0,4593332,33.000,0.3149,0.8561,0.9975,0.0025,0.6474,4593332
SmolLM2-135M,topk-attention-blocks,lfu,16,268435456,15673981.19,15673981.19,15673981.19,61148.19,7646.95,0.9949,0,4338389,12.290,0.8022,0.8123,0.9949,0.0051,0.6913,4338389
SmolLM2-135M,heavy-hitter-blocks,lfu,16,268435456,15673981.19,15673981.19,15673981.19,61148.19,7646.95,0.9949,0,4338389,8.188,0.8209,0.5538,0.9949,0.0051,0.6913,4338389
SmolLM2-135M,recency-frequency-hybrid,lfu,16,268435456,15673981.19,15673981.19,15673981.19,61250.33,7646.95,0.9969,0,4571542,33.709,0.3315,0.9207,0.9969,0.0031,0.6627,4571542
SmolLM2-135M,oracle,lfu,16,268435456,15673981.19,15673981.19,15673981.19,54304.77,7646.95,1.0000,0,0,12.138,1.0000,1.0000,1.0000,0.0000,0.0000,0
SmolLM2-135M,membrane-predictive,lfu,16,268435456,15673981.19,15673981.19,15673981.19,61182.23,7646.95,0.9957,0,4381969,18.251,0.5924,0.8907,0.9957,0.0043,0.6735,4381969
SmolLM2-135M,full-attention,attention-score-aware,16,268435456,15673981.19,15673981.19,15673981.19,61284.38,7646.95,0.9975,0,4593332,36.500,0.3213,0.9661,0.9975,0.0025,0.6474,4593332
SmolLM2-135M,sliding-window,attention-score-aware,16,268435456,15673981.19,15673981.19,15673981.19,61250.33,7646.95,0.9969,0,4571542,32.000,0.2966,0.7819,0.9969,0.0031,0.6627,4571542
SmolLM2-135M,recency+sinks,attention-score-aware,16,268435456,15673981.19,15673981.19,15673981.19,61284.38,7646.95,0.9975,0,4593332,33.000,0.3149,0.8561,0.9975,0.0025,0.6474,4593332
SmolLM2-135M,topk-attention-blocks,attention-score-aware,16,268435456,15673981.19,15673981.19,15673981.19,61148.19,7646.95,0.9949,0,4338389,12.290,0.8022,0.8123,0.9949,0.0051,0.6913,4338389
SmolLM2-135M,heavy-hitter-blocks,attention-score-aware,16,268435456,15673981.19,15673981.19,15673981.19,61148.19,7646.95,0.9949,0,4338389,8.188,0.8209,0.5538,0.9949,0.0051,0.6913,4338389
SmolLM2-135M,recency-frequency-hybrid,attention-score-aware,16,268435456,15673981.19,15673981.19,15673981.19,61250.33,7646.95,0.9969,0,4571542,33.709,0.3315,0.9207,0.9969,0.0031,0.6627,4571542
SmolLM2-135M,oracle,attention-score-aware,16,268435456,15673981.19,15673981.19,15673981.19,54304.77,7646.95,1.0000,0,0,12.138,1.0000,1.0000,1.0000,0.0000,0.0000,0
SmolLM2-135M,membrane-predictive,attention-score-aware,16,268435456,15673981.19,15673981.19,15673981.19,61182.23,7646.95,0.9957,0,4381969,18.251,0.5924,0.8907,0.9957,0.0043,0.6735,4381969
SmolLM2-135M,full-attention,segmented-lru,16,268435456,15673981.19,15673981.19,15673981.19,61284.38,7646.95,0.9975,0,4593332,36.500,0.3213,0.9661,0.9975,0.0025,0.6474,4593332
SmolLM2-135M,sliding-window,segmented-lru,16,268435456,15673981.19,15673981.19,15673981.19,61250.33,7646.95,0.9969,0,4571542,32.000,0.2966,0.7819,0.9969,0.0031,0.6627,4571542
SmolLM2-135M,recency+sinks,segmented-lru,16,268435456,15673981.19,15673981.19,15673981.19,61284.38,7646.95,0.9975,0,4593332,33.000,0.3149,0.8561,0.9975,0.0025,0.6474,4593332
SmolLM2-135M,topk-attention-blocks,segmented-lru,16,268435456,15673981.19,15673981.19,15673981.19,61148.19,7646.95,0.9949,0,4338389,12.290,0.8022,0.8123,0.9949,0.0051,0.6913,4338389
SmolLM2-135M,heavy-hitter-blocks,segmented-lru,16,268435456,15673981.19,15673981.19,15673981.19,61148.19,7646.95,0.9949,0,4338389,8.188,0.8209,0.5538,0.9949,0.0051,0.6913,4338389
SmolLM2-135M,recency-frequency-hybrid,segmented-lru,16,268435456,15673981.19,15673981.19,15673981.19,61250.33,7646.95,0.9969,0,4571542,33.709,0.3315,0.9207,0.9969,0.0031,0.6627,4571542
SmolLM2-135M,oracle,segmented-lru,16,268435456,15673981.19,15673981.19,15673981.19,54304.77,7646.95,1.0000,0,0,12.138,1.0000,1.0000,1.0000,0.0000,0.0000,0
SmolLM2-135M,membrane-predictive,segmented-lru,16,268435456,15673981.19,15673981.19,15673981.19,61182.23,7646.95,0.9957,0,4381969,18.251,0.5924,0.8907,0.9957,0.0043,0.6735,4381969
SmolLM2-135M,full-attention,lru,16,1073741824,15673981.19,15673981.19,15673981.19,61284.38,7646.95,0.9975,0,4593332,36.500,0.3213,0.9661,0.9975,0.0025,0.6474,4593332
SmolLM2-135M,sliding-window,lru,16,1073741824,15673981.19,15673981.19,15673981.19,61250.33,7646.95,0.9969,0,4571542,32.000,0.2966,0.7819,0.9969,0.0031,0.6627,4571542
SmolLM2-135M,recency+sinks,lru,16,1073741824,15673981.19,15673981.19,15673981.19,61284.38,7646.95,0.9975,0,4593332,33.000,0.3149,0.8561,0.9975,0.0025,0.6474,4593332
SmolLM2-135M,topk-attention-blocks,lru,16,1073741824,15673981.19,15673981.19,15673981.19,61148.19,7646.95,0.9949,0,4338389,12.290,0.8022,0.8123,0.9949,0.0051,0.6913,4338389
SmolLM2-135M,heavy-hitter-blocks,lru,16,1073741824,15673981.19,15673981.19,15673981.19,61148.19,7646.95,0.9949,0,4338389,8.188,0.8209,0.5538,0.9949,0.0051,0.6913,4338389
SmolLM2-135M,recency-frequency-hybrid,lru,16,1073741824,15673981.19,15673981.19,15673981.19,61250.33,7646.95,0.9969,0,4571542,33.709,0.3315,0.9207,0.9969,0.0031,0.6627,4571542
SmolLM2-135M,oracle,lru,16,1073741824,15673981.19,15673981.19,15673981.19,54304.77,7646.95,1.0000,0,0,12.138,1.0000,1.0000,1.0000,0.0000,0.0000,0
SmolLM2-135M,membrane-predictive,lru,16,1073741824,15673981.19,15673981.19,15673981.19,61182.23,7646.95,0.9957,0,4381969,18.251,0.5924,0.8907,0.9957,0.0043,0.6735,4381969
SmolLM2-135M,full-attention,lfu,16,1073741824,15673981.19,15673981.19,15673981.19,61284.38,7646.95,0.9975,0,4593332,36.500,0.3213,0.9661,0.9975,0.0025,0.6474,4593332
SmolLM2-135M,sliding-window,lfu,16,1073741824,15673981.19,15673981.19,15673981.19,61250.33,7646.95,0.9969,0,4571542,32.000,0.2966,0.7819,0.9969,0.0031,0.6627,4571542
SmolLM2-135M,recency+sinks,lfu,16,1073741824,15673981.19,15673981.19,15673981.19,61284.38,7646.95,0.9975,0,4593332,33.000,0.3149,0.8561,0.9975,0.0025,0.6474,4593332
SmolLM2-135M,topk-attention-blocks,lfu,16,1073741824,15673981.19,15673981.19,15673981.19,61148.19,7646.95,0.9949,0,4338389,12.290,0.8022,0.8123,0.9949,0.0051,0.6913,4338389
SmolLM2-135M,heavy-hitter-blocks,lfu,16,1073741824,15673981.19,15673981.19,15673981.19,61148.19,7646.95,0.9949,0,4338389,8.188,0.8209,0.5538,0.9949,0.0051,0.6913,4338389
SmolLM2-135M,recency-frequency-hybrid,lfu,16,1073741824,15673981.19,15673981.19,15673981.19,61250.33,7646.95,0.9969,0,4571542,33.709,0.3315,0.9207,0.9969,0.0031,0.6627,4571542
SmolLM2-135M,oracle,lfu,16,1073741824,15673981.19,15673981.19,15673981.19,54304.77,7646.95,1.0000,0,0,12.138,1.0000,1.0000,1.0000,0.0000,0.0000,0
SmolLM2-135M,membrane-predictive,lfu,16,1073741824,15673981.19,15673981.19,15673981.19,61182.23,7646.95,0.9957,0,4381969,18.251,0.5924,0.8907,0.9957,0.0043,0.6735,4381969
SmolLM2-135M,full-attention,attention-score-aware,16,1073741824,15673981.19,15673981.19,15673981.19,61284.38,7646.95,0.9975,0,4593332,36.500,0.3213,0.9661,0.9975,0.0025,0.6474,4593332
SmolLM2-135M,sliding-window,attention-score-aware,16,1073741824,15673981.19,15673981.19,15673981.19,61250.33,7646.95,0.9969,0,4571542,32.000,0.2966,0.7819,0.9969,0.0031,0.6627,4571542
SmolLM2-135M,recency+sinks,attention-score-aware,16,1073741824,15673981.19,15673981.19,15673981.19,61284.38,7646.95,0.9975,0,4593332,33.000,0.3149,0.8561,0.9975,0.0025,0.6474,4593332
SmolLM2-135M,topk-attention-blocks,attention-score-aware,16,1073741824,15673981.19,15673981.19,15673981.19,61148.19,7646.95,0.9949,0,4338389,12.290,0.8022,0.8123,0.9949,0.0051,0.6913,4338389
SmolLM2-135M,heavy-hitter-blocks,attention-score-aware,16,1073741824,15673981.19,15673981.19,15673981.19,61148.19,7646.95,0.9949,0,4338389,8.188,0.8209,0.5538,0.9949,0.0051,0.6913,4338389
SmolLM2-135M,recency-frequency-hybrid,attention-score-aware,16,1073741824,15673981.19,15673981.19,15673981.19,61250.33,7646.95,0.9969,0,4571542,33.709,0.3315,0.9207,0.9969,0.0031,0.6627,4571542
SmolLM2-135M,oracle,attention-score-aware,16,1073741824,15673981.19,15673981.19,15673981.19,54304.77,7646.95,1.0000,0,0,12.138,1.0000,1.0000,1.0000,0.0000,0.0000,0
SmolLM2-135M,membrane-predictive,attention-score-aware,16,1073741824,15673981.19,15673981.19,15673981.19,61182.23,7646.95,0.9957,0,4381969,18.251,0.5924,0.8907,0.9957,0.0043,0.6735,4381969
SmolLM2-135M,full-attention,segmented-lru,16,1073741824,15673981.19,15673981.19,15673981.19,61284.38,7646.95,0.9975,0,4593332,36.500,0.3213,0.9661,0.9975,0.0025,0.6474,4593332
SmolLM2-135M,sliding-window,segmented-lru,16,1073741824,15673981.19,15673981.19,15673981.19,61250.33,7646.95,0.9969,0,4571542,32.000,0.2966,0.7819,0.9969,0.0031,0.6627,4571542
SmolLM2-135M,recency+sinks,segmented-lru,16,1073741824,15673981.19,15673981.19,15673981.19,61284.38,7646.95,0.9975,0,4593332,33.000,0.3149,0.8561,0.9975,0.0025,0.6474,4593332
SmolLM2-135M,topk-attention-blocks,segmented-lru,16,1073741824,15673981.19,15673981.19,15673981.19,61148.19,7646.95,0.9949,0,4338389,12.290,0.8022,0.8123,0.9949,0.0051,0.6913,4338389
SmolLM2-135M,heavy-hitter-blocks,segmented-lru,16,1073741824,15673981.19,15673981.19,15673981.19,61148.19,7646.95,0.9949,0,4338389,8.188,0.8209,0.5538,0.9949,0.0051,0.6913,4338389
SmolLM2-135M,recency-frequency-hybrid,segmented-lru,16,1073741824,15673981.19,15673981.19,15673981.19,61250.33,7646.95,0.9969,0,4571542,33.709,0.3315,0.9207,0.9969,0.0031,0.6627,4571542
SmolLM2-135M,oracle,segmented-lru,16,1073741824,15673981.19,15673981.19,15673981.19,54304.77,7646.95,1.0000,0,0,12.138,1.0000,1.0000,1.0000,0.0000,0.0000,0
SmolLM2-135M,membrane-predictive,segmented-lru,16,1073741824,15673981.19,15673981.19,15673981.19,61182.23,7646.95,0.9957,0,4381969,18.251,0.5924,0.8907,0.9957,0.0043,0.6735,4381969
SmolLM2-135M,full-attention,lru,16,4294967296,15673981.19,15673981.19,15673981.19,61284.38,7646.95,0.9975,0,4593332,36.500,0.3213,0.9661,0.9975,0.0025,0.6474,4593332
SmolLM2-135M,sliding-window,lru,16,4294967296,15673981.19,15673981.19,15673981.19,61250.33,7646.95,0.9969,0,4571542,32.000,0.2966,0.7819,0.9969,0.0031,0.6627,4571542
SmolLM2-135M,recency+sinks,lru,16,4294967296,15673981.19,15673981.19,15673981.19,61284.38,7646.95,0.9975,0,4593332,33.000,0.3149,0.8561,0.9975,0.0025,0.6474,4593332
SmolLM2-135M,topk-attention-blocks,lru,16,4294967296,15673981.19,15673981.19,15673981.19,61148.19,7646.95,0.9949,0,4338389,12.290,0.8022,0.8123,0.9949,0.0051,0.6913,4338389
SmolLM2-135M,heavy-hitter-blocks,lru,16,4294967296,15673981.19,15673981.19,15673981.19,61148.19,7646.95,0.9949,0,4338389,8.188,0.8209,0.5538,0.9949,0.0051,0.6913,4338389
SmolLM2-135M,recency-frequency-hybrid,lru,16,4294967296,15673981.19,15673981.19,15673981.19,61250.33,7646.95,0.9969,0,4571542,33.709,0.3315,0.9207,0.9969,0.0031,0.6627,4571542
SmolLM2-135M,oracle,lru,16,4294967296,15673981.19,15673981.19,15673981.19,54304.77,7646.95,1.0000,0,0,12.138,1.0000,1.0000,1.0000,0.0000,0.0000,0
SmolLM2-135M,membrane-predictive,lru,16,4294967296,15673981.19,15673981.19,15673981.19,61182.23,7646.95,0.9957,0,4381969,18.251,0.5924,0.8907,0.9957,0.0043,0.6735,4381969
SmolLM2-135M,full-attention,lfu,16,4294967296,15673981.19,15673981.19,15673981.19,61284.38,7646.95,0.9975,0,4593332,36.500,0.3213,0.9661,0.9975,0.0025,0.6474,4593332
SmolLM2-135M,sliding-window,lfu,16,4294967296,15673981.19,15673981.19,15673981.19,61250.33,7646.95,0.9969,0,4571542,32.000,0.2966,0.7819,0.9969,0.0031,0.6627,4571542
SmolLM2-135M,recency+sinks,lfu,16,4294967296,15673981.19,15673981.19,15673981.19,61284.38,7646.95,0.9975,0,4593332,33.000,0.3149,0.8561,0.9975,0.0025,0.6474,4593332
SmolLM2-135M,topk-attention-blocks,lfu,16,4294967296,15673981.19,15673981.19,15673981.19,61148.19,7646.95,0.9949,0,4338389,12.290,0.8022,0.8123,0.9949,0.0051,0.6913,4338389
SmolLM2-135M,heavy-hitter-blocks,lfu,16,4294967296,15673981.19,15673981.19,15673981.19,61148.19,7646.95,0.9949,0,4338389,8.188,0.8209,0.5538,0.9949,0.0051,0.6913,4338389
SmolLM2-135M,recency-frequency-hybrid,lfu,16,4294967296,15673981.19,15673981.19,15673981.19,61250.33,7646.95,0.9969,0,4571542,33.709,0.3315,0.9207,0.9969,0.0031,0.6627,4571542
SmolLM2-135M,oracle,lfu,16,4294967296,15673981.19,15673981.19,15673981.19,54304.77,7646.95,1.0000,0,0,12.138,1.0000,1.0000,1.0000,0.0000,0.0000,0
SmolLM2-135M,membrane-predictive,lfu,16,4294967296,15673981.19,15673981.19,15673981.19,61182.23,7646.95,0.9957,0,4381969,18.251,0.5924,0.8907,0.9957,0.0043,0.6735,4381969
SmolLM2-135M,full-attention,attention-score-aware,16,4294967296,15673981.19,15673981.19,15673981.19,61284.38,7646.95,0.9975,0,4593332,36.500,0.3213,0.9661,0.9975,0.0025,0.6474,4593332
SmolLM2-135M,sliding-window,attention-score-aware,16,4294967296,15673981.19,15673981.19,15673981.19,61250.33,7646.95,0.9969,0,4571542,32.000,0.2966,0.7819,0.9969,0.0031,0.6627,4571542
SmolLM2-135M,recency+sinks,attention-score-aware,16,4294967296,15673981.19,15673981.19,15673981.19,61284.38,7646.95,0.9975,0,4593332,33.000,0.3149,0.8561,0.9975,0.0025,0.6474,4593332
SmolLM2-135M,topk-attention-blocks,attention-score-aware,16,4294967296,15673981.19,15673981.19,15673981.19,61148.19,7646.95,0.9949,0,4338389,12.290,0.8022,0.8123,0.9949,0.0051,0.6913,4338389
SmolLM2-135M,heavy-hitter-blocks,attention-score-aware,16,4294967296,15673981.19,15673981.19,15673981.19,61148.19,7646.95,0.9949,0,4338389,8.188,0.8209,0.5538,0.9949,0.0051,0.6913,4338389
SmolLM2-135M,recency-frequency-hybrid,attention-score-aware,16,4294967296,15673981.19,15673981.19,15673981.19,61250.33,7646.95,0.9969,0,4571542,33.709,0.3315,0.9207,0.9969,0.0031,0.6627,4571542
SmolLM2-135M,oracle,attention-score-aware,16,4294967296,15673981.19,15673981.19,15673981.19,54304.77,7646.95,1.0000,0,0,12.138,1.0000,1.0000,1.0000,0.0000,0.0000,0
SmolLM2-135M,membrane-predictive,attention-score-aware,16,4294967296,15673981.19,15673981.19,15673981.19,61182.23,7646.95,0.9957,0,4381969,18.251,0.5924,0.8907,0.9957,0.0043,0.6735,4381969
SmolLM2-135M,full-attention,segmented-lru,16,4294967296,15673981.19,15673981.19,15673981.19,61284.38,7646.95,0.9975,0,4593332,36.500,0.3213,0.9661,0.9975,0.0025,0.6474,4593332
SmolLM2-135M,sliding-window,segmented-lru,16,4294967296,15673981.19,15673981.19,15673981.19,61250.33,7646.95,0.9969,0,4571542,32.000,0.2966,0.7819,0.9969,0.0031,0.6627,4571542
SmolLM2-135M,recency+sinks,segmented-lru,16,4294967296,15673981.19,15673981.19,15673981.19,61284.38,7646.95,0.9975,0,4593332,33.000,0.3149,0.8561,0.9975,0.0025,0.6474,4593332
SmolLM2-135M,topk-attention-blocks,segmented-lru,16,4294967296,15673981.19,15673981.19,15673981.19,61148.19,7646.95,0.9949,0,4338389,12.290,0.8022,0.8123,0.9949,0.0051,0.6913,4338389
SmolLM2-135M,heavy-hitter-blocks,segmented-lru,16,4294967296,15673981.19,15673981.19,15673981.19,61148.19,7646.95,0.9949,0,4338389,8.188,0.8209,0.5538,0.9949,0.0051,0.6913,4338389
SmolLM2-135M,recency-frequency-hybrid,segmented-lru,16,4294967296,15673981.19,15673981.19,15673981.19,61250.33,7646.95,0.9969,0,4571542,33.709,0.3315,0.9207,0.9969,0.0031,0.6627,4571542
SmolLM2-135M,oracle,segmented-lru,16,4294967296,15673981.19,15673981.19,15673981.19,54304.77,7646.95,1.0000,0,0,12.138,1.0000,1.0000,1.0000,0.0000,0.0000,0
SmolLM2-135M,membrane-predictive,segmented-lru,16,4294967296,15673981.19,15673981.19,15673981.19,61182.23,7646.95,0.9957,0,4381969,18.251,0.5924,0.8907,0.9957,0.0043,0.6735,4381969
SmolLM2-135M,full-attention,lru,16,8589934592,15673981.19,15673981.19,15673981.19,61284.38,7646.95,0.9975,0,4593332,36.500,0.3213,0.9661,0.9975,0.0025,0.6474,4593332
SmolLM2-135M,sliding-window,lru,16,8589934592,15673981.19,15673981.19,15673981.19,61250.33,7646.95,0.9969,0,4571542,32.000,0.2966,0.7819,0.9969,0.0031,0.6627,4571542
SmolLM2-135M,recency+sinks,lru,16,8589934592,15673981.19,15673981.19,15673981.19,61284.38,7646.95,0.9975,0,4593332,33.000,0.3149,0.8561,0.9975,0.0025,0.6474,4593332
SmolLM2-135M,topk-attention-blocks,lru,16,8589934592,15673981.19,15673981.19,15673981.19,61148.19,7646.95,0.9949,0,4338389,12.290,0.8022,0.8123,0.9949,0.0051,0.6913,4338389
SmolLM2-135M,heavy-hitter-blocks,lru,16,8589934592,15673981.19,15673981.19,15673981.19,61148.19,7646.95,0.9949,0,4338389,8.188,0.8209,0.5538,0.9949,0.0051,0.6913,4338389
SmolLM2-135M,recency-frequency-hybrid,lru,16,8589934592,15673981.19,15673981.19,15673981.19,61250.33,7646.95,0.9969,0,4571542,33.709,0.3315,0.9207,0.9969,0.0031,0.6627,4571542
SmolLM2-135M,oracle,lru,16,8589934592,15673981.19,15673981.19,15673981.19,54304.77,7646.95,1.0000,0,0,12.138,1.0000,1.0000,1.0000,0.0000,0.0000,0
SmolLM2-135M,membrane-predictive,lru,16,8589934592,15673981.19,15673981.19,15673981.19,61182.23,7646.95,0.9957,0,4381969,18.251,0.5924,0.8907,0.9957,0.0043,0.6735,4381969
SmolLM2-135M,full-attention,lfu,16,8589934592,15673981.19,15673981.19,15673981.19,61284.38,7646.95,0.9975,0,4593332,36.500,0.3213,0.9661,0.9975,0.0025,0.6474,4593332
SmolLM2-135M,sliding-window,lfu,16,8589934592,15673981.19,15673981.19,15673981.19,61250.33,7646.95,0.9969,0,4571542,32.000,0.2966,0.7819,0.9969,0.0031,0.6627,4571542
SmolLM2-135M,recency+sinks,lfu,16,8589934592,15673981.19,15673981.19,15673981.19,61284.38,7646.95,0.9975,0,4593332,33.000,0.3149,0.8561,0.9975,0.0025,0.6474,4593332
SmolLM2-135M,topk-attention-blocks,lfu,16,8589934592,15673981.19,15673981.19,15673981.19,61148.19,7646.95,0.9949,0,4338389,12.290,0.8022,0.8123,0.9949,0.0051,0.6913,4338389
SmolLM2-135M,heavy-hitter-blocks,lfu,16,8589934592,15673981.19,15673981.19,15673981.19,61148.19,7646.95,0.9949,0,4338389,8.188,0.8209,0.5538,0.9949,0.0051,0.6913,4338389
SmolLM2-135M,recency-frequency-hybrid,lfu,16,8589934592,15673981.19,15673981.19,15673981.19,61250.33,7646.95,0.9969,0,4571542,33.709,0.3315,0.9207,0.9969,0.0031,0.6627,4571542
SmolLM2-135M,oracle,lfu,16,8589934592,15673981.19,15673981.19,15673981.19,54304.77,7646.95,1.0000,0,0,12.138,1.0000,1.0000,1.0000,0.0000,0.0000,0
SmolLM2-135M,membrane-predictive,lfu,16,8589934592,15673981.19,15673981.19,15673981.19,61182.23,7646.95,0.9957,0,4381969,18.251,0.5924,0.8907,0.9957,0.0043,0.6735,4381969
SmolLM2-135M,full-attention,attention-score-aware,16,8589934592,15673981.19,15673981.19,15673981.19,61284.38,7646.95,0.9975,0,4593332,36.500,0.3213,0.9661,0.9975,0.0025,0.6474,4593332
SmolLM2-135M,sliding-window,attention-score-aware,16,8589934592,15673981.19,15673981.19,15673981.19,61250.33,7646.95,0.9969,0,4571542,32.000,0.2966,0.7819,0.9969,0.0031,0.6627,4571542
SmolLM2-135M,recency+sinks,attention-score-aware,16,8589934592,15673981.19,15673981.19,15673981.19,61284.38,7646.95,0.9975,0,4593332,33.000,0.3149,0.8561,0.9975,0.0025,0.6474,4593332
SmolLM2-135M,topk-attention-blocks,attention-score-aware,16,8589934592,15673981.19,15673981.19,15673981.19,61148.19,7646.95,0.9949,0,4338389,12.290,0.8022,0.8123,0.9949,0.0051,0.6913,4338389
SmolLM2-135M,heavy-hitter-blocks,attention-score-aware,16,8589934592,15673981.19,15673981.19,15673981.19,61148.19,7646.95,0.9949,0,4338389,8.188,0.8209,0.5538,0.9949,0.0051,0.6913,4338389
SmolLM2-135M,recency-frequency-hybrid,attention-score-aware,16,8589934592,15673981.19,15673981.19,15673981.19,61250.33,7646.95,0.9969,0,4571542,33.709,0.3315,0.9207,0.9969,0.0031,0.6627,4571542
SmolLM2-135M,oracle,attention-score-aware,16,8589934592,15673981.19,15673981.19,15673981.19,54304.77,7646.95,1.0000,0,0,12.138,1.0000,1.0000,1.0000,0.0000,0.0000,0
SmolLM2-135M,membrane-predictive,attention-score-aware,16,8589934592,15673981.19,15673981.19,15673981.19,61182.23,7646.95,0.9957,0,4381969,18.251,0.5924,0.8907,0.9957,0.0043,0.6735,4381969
SmolLM2-135M,full-attention,segmented-lru,16,8589934592,15673981.19,15673981.19,15673981.19,61284.38,7646.95,0.9975,0,4593332,36.500,0.3213,0.9661,0.9975,0.0025,0.6474,4593332
SmolLM2-135M,sliding-window,segmented-lru,16,8589934592,15673981.19,15673981.19,15673981.19,61250.33,7646.95,0.9969,0,4571542,32.000,0.2966,0.7819,0.9969,0.0031,0.6627,4571542
SmolLM2-135M,recency+sinks,segmented-lru,16,8589934592,15673981.19,15673981.19,15673981.19,61284.38,7646.95,0.9975,0,4593332,33.000,0.3149,0.8561,0.9975,0.0025,0.6474,4593332
SmolLM2-135M,topk-attention-blocks,segmented-lru,16,8589934592,15673981.19,15673981.19,15673981.19,61148.19,7646.95,0.9949,0,4338389,12.290,0.8022,0.8123,0.9949,0.0051,0.6913,4338389
SmolLM2-135M,heavy-hitter-blocks,segmented-lru,16,8589934592,15673981.19,15673981.19,15673981.19,61148.19,7646.95,0.9949,0,4338389,8.188,0.8209,0.5538,0.9949,0.0051,0.6913,4338389
SmolLM2-135M,recency-frequency-hybrid,segmented-lru,16,8589934592,15673981.19,15673981.19,15673981.19,61250.33,7646.95,0.9969,0,4571542,33.709,0.3315,0.9207,0.9969,0.0031,0.6627,4571542
SmolLM2-135M,oracle,segmented-lru,16,8589934592,15673981.19,15673981.19,15673981.19,54304.77,7646.95,1.0000,0,0,12.138,1.0000,1.0000,1.0000,0.0000,0.0000,0
SmolLM2-135M,membrane-predictive,segmented-lru,16,8589934592,15673981.19,15673981.19,15673981.19,61182.23,7646.95,0.9957,0,4381969,18.251,0.5924,0.8907,0.9957,0.0043,0.6735,4381969
SmolLM2-135M,full-attention,lru,32,67108864,15673981.19,15673981.19,15673981.19,61298.44,7022.64,1.0000,0,2615400,18.500,0.6025,1.0000,1.0000,0.0000,0.3333,2615400
SmolLM2-135M,sliding-window,lru,32,67108864,15673981.19,15673981.19,15673981.19,61298.44,7022.64,0.9993,0,2593605,16.000,0.5987,0.8594,0.9993,0.0007,0.3480,2593605
SmolLM2-135M,recency+sinks,lru,32,67108864,15673981.19,15673981.19,15673981.19,61298.44,7022.64,1.0000,0,2615400,17.000,0.6184,0.9432,1.0000,0.0000,0.3333,2615400
SmolLM2-135M,topk-attention-blocks,lru,32,67108864,15673981.19,15673981.19,15673981.19,61298.44,7022.64,0.9972,0,2380014,11.184,0.8785,0.8814,0.9972,0.0028,0.3792,2380014
SmolLM2-135M,heavy-hitter-blocks,lru,32,67108864,15673981.19,15673981.19,15673981.19,61298.44,7022.64,0.9972,0,2380014,8.062,0.9016,0.6521,0.9972,0.0028,0.3792,2380014
SmolLM2-135M,recency-frequency-hybrid,lru,32,67108864,15673981.19,15673981.19,15673981.19,61298.44,7022.64,0.9993,0,2593605,17.070,0.6230,0.9540,0.9993,0.0007,0.3480,2593605
SmolLM2-135M,oracle,lru,32,67108864,15673981.19,15673981.19,15673981.19,59902.20,7022.64,1.0000,0,0,11.147,1.0000,1.0000,1.0000,0.0000,0.0000,0
SmolLM2-135M,membrane-predictive,lru,32,67108864,15673981.19,15673981.19,15673981.19,61298.44,7022.64,0.9990,0,2493348,16.250,0.6745,0.9833,0.9990,0.0010,0.3417,2493348
SmolLM2-135M,full-attention,lfu,32,67108864,15673981.19,15673981.19,15673981.19,61298.44,7022.64,1.0000,0,2615400,18.500,0.6025,1.0000,1.0000,0.0000,0.3333,2615400
SmolLM2-135M,sliding-window,lfu,32,67108864,15673981.19,15673981.19,15673981.19,61298.44,7022.64,0.9993,0,2593605,16.000,0.5987,0.8594,0.9993,0.0007,0.3480,2593605
SmolLM2-135M,recency+sinks,lfu,32,67108864,15673981.19,15673981.19,15673981.19,61298.44,7022.64,1.0000,0,2615400,17.000,0.6184,0.9432,1.0000,0.0000,0.3333,2615400
SmolLM2-135M,topk-attention-blocks,lfu,32,67108864,15673981.19,15673981.19,15673981.19,61298.44,7022.64,0.9972,0,2380014,11.184,0.8785,0.8814,0.9972,0.0028,0.3792,2380014
SmolLM2-135M,heavy-hitter-blocks,lfu,32,67108864,15673981.19,15673981.19,15673981.19,61298.44,7022.64,0.9972,0,2380014,8.062,0.9016,0.6521,0.9972,0.0028,0.3792,2380014
SmolLM2-135M,recency-frequency-hybrid,lfu,32,67108864,15673981.19,15673981.19,15673981.19,61298.44,7022.64,0.9993,0,2593605,17.070,0.6230,0.9540,0.9993,0.0007,0.3480,2593605
SmolLM2-135M,oracle,lfu,32,67108864,15673981.19,15673981.19,15673981.19,59902.20,7022.64,1.0000,0,0,11.147,1.0000,1.0000,1.0000,0.0000,0.0000,0
SmolLM2-135M,membrane-predictive,lfu,32,67108864,15673981.19,15673981.19,15673981.19,61298.44,7022.64,0.9990,0,2493348,16.250,0.6745,0.9833,0.9990,0.0010,0.3417,2493348
SmolLM2-135M,full-attention,attention-score-aware,32,67108864,15673981.19,15673981.19,15673981.19,61298.44,7022.64,1.0000,0,2615400,18.500,0.6025,1.0000,1.0000,0.0000,0.3333,2615400
SmolLM2-135M,sliding-window,attention-score-aware,32,67108864,15673981.19,15673981.19,15673981.19,61298.44,7022.64,0.9993,0,2593605,16.000,0.5987,0.8594,0.9993,0.0007,0.3480,2593605
SmolLM2-135M,recency+sinks,attention-score-aware,32,67108864,15673981.19,15673981.19,15673981.19,61298.44,7022.64,1.0000,0,2615400,17.000,0.6184,0.9432,1.0000,0.0000,0.3333,2615400
SmolLM2-135M,topk-attention-blocks,attention-score-aware,32,67108864,15673981.19,15673981.19,15673981.19,61298.44,7022.64,0.9972,0,2380014,11.184,0.8785,0.8814,0.9972,0.0028,0.3792,2380014
SmolLM2-135M,heavy-hitter-blocks,attention-score-aware,32,67108864,15673981.19,15673981.19,15673981.19,61298.44,7022.64,0.9972,0,2380014,8.062,0.9016,0.6521,0.9972,0.0028,0.3792,2380014
SmolLM2-135M,recency-frequency-hybrid,attention-score-aware,32,67108864,15673981.19,15673981.19,15673981.19,61298.44,7022.64,0.9993,0,2593605,17.070,0.6230,0.9540,0.9993,0.0007,0.3480,2593605
SmolLM2-135M,oracle,attention-score-aware,32,67108864,15673981.19,15673981.19,15673981.19,59902.20,7022.64,1.0000,0,0,11.147,1.0000,1.0000,1.0000,0.0000,0.0000,0
SmolLM2-135M,membrane-predictive,attention-score-aware,32,67108864,15673981.19,15673981.19,15673981.19,61298.44,7022.64,0.9990,0,2493348,16.250,0.6745,0.9833,0.9990,0.0010,0.3417,2493348
SmolLM2-135M,full-attention,segmented-lru,32,67108864,15673981.19,15673981.19,15673981.19,61298.44,7022.64,1.0000,0,2615400,18.500,0.6025,1.0000,1.0000,0.0000,0.3333,2615400
SmolLM2-135M,sliding-window,segmented-lru,32,67108864,15673981.19,15673981.19,15673981.19,61298.44,7022.64,0.9993,0,2593605,16.000,0.5987,0.8594,0.9993,0.0007,0.3480,2593605
SmolLM2-135M,recency+sinks,segmented-lru,32,67108864,15673981.19,15673981.19,15673981.19,61298.44,7022.64,1.0000,0,2615400,17.000,0.6184,0.9432,1.0000,0.0000,0.3333,2615400
SmolLM2-135M,topk-attention-blocks,segmented-lru,32,67108864,15673981.19,15673981.19,15673981.19,61298.44,7022.64,0.9972,0,2380014,11.184,0.8785,0.8814,0.9972,0.0028,0.3792,2380014
SmolLM2-135M,heavy-hitter-blocks,segmented-lru,32,67108864,15673981.19,15673981.19,15673981.19,61298.44,7022.64,0.9972,0,2380014,8.062,0.9016,0.6521,0.9972,0.0028,0.3792,2380014
SmolLM2-135M,recency-frequency-hybrid,segmented-lru,32,67108864,15673981.19,15673981.19,15673981.19,61298.44,7022.64,0.9993,0,2593605,17.070,0.6230,0.9540,0.9993,0.0007,0.3480,2593605
SmolLM2-135M,oracle,segmented-lru,32,67108864,15673981.19,15673981.19,15673981.19,59902.20,7022.64,1.0000,0,0,11.147,1.0000,1.0000,1.0000,0.0000,0.0000,0
SmolLM2-135M,membrane-predictive,segmented-lru,32,67108864,15673981.19,15673981.19,15673981.19,61298.44,7022.64,0.9990,0,2493348,16.250,0.6745,0.9833,0.9990,0.0010,0.3417,2493348
SmolLM2-135M,full-attention,lru,32,268435456,15673981.19,15673981.19,15673981.19,61298.44,7022.64,1.0000,0,2615400,18.500,0.6025,1.0000,1.0000,0.0000,0.3333,2615400
SmolLM2-135M,sliding-window,lru,32,268435456,15673981.19,15673981.19,15673981.19,61298.44,7022.64,0.9993,0,2593605,16.000,0.5987,0.8594,0.9993,0.0007,0.3480,2593605
SmolLM2-135M,recency+sinks,lru,32,268435456,15673981.19,15673981.19,15673981.19,61298.44,7022.64,1.0000,0,2615400,17.000,0.6184,0.9432,1.0000,0.0000,0.3333,2615400
SmolLM2-135M,topk-attention-blocks,lru,32,268435456,15673981.19,15673981.19,15673981.19,61298.44,7022.64,0.9972,0,2380014,11.184,0.8785,0.8814,0.9972,0.0028,0.3792,2380014
SmolLM2-135M,heavy-hitter-blocks,lru,32,268435456,15673981.19,15673981.19,15673981.19,61298.44,7022.64,0.9972,0,2380014,8.062,0.9016,0.6521,0.9972,0.0028,0.3792,2380014
SmolLM2-135M,recency-frequency-hybrid,lru,32,268435456,15673981.19,15673981.19,15673981.19,61298.44,7022.64,0.9993,0,2593605,17.070,0.6230,0.9540,0.9993,0.0007,0.3480,2593605
SmolLM2-135M,oracle,lru,32,268435456,15673981.19,15673981.19,15673981.19,59902.20,7022.64,1.0000,0,0,11.147,1.0000,1.0000,1.0000,0.0000,0.0000,0
SmolLM2-135M,membrane-predictive,lru,32,268435456,15673981.19,15673981.19,15673981.19,61298.44,7022.64,0.9990,0,2493348,16.250,0.6745,0.9833,0.9990,0.0010,0.3417,2493348
SmolLM2-135M,full-attention,lfu,32,268435456,15673981.19,15673981.19,15673981.19,61298.44,7022.64,1.0000,0,2615400,18.500,0.6025,1.0000,1.0000,0.0000,0.3333,2615400
SmolLM2-135M,sliding-window,lfu,32,268435456,15673981.19,15673981.19,15673981.19,61298.44,7022.64,0.9993,0,2593605,16.000,0.5987,0.8594,0.9993,0.0007,0.3480,2593605
SmolLM2-135M,recency+sinks,lfu,32,268435456,15673981.19,15673981.19,15673981.19,61298.44,7022.64,1.0000,0,2615400,17.000,0.6184,0.9432,1.0000,0.0000,0.3333,2615400
SmolLM2-135M,topk-attention-blocks,lfu,32,268435456,15673981.19,15673981.19,15673981.19,61298.44,7022.64,0.9972,0,2380014,11.184,0.8785,0.8814,0.9972,0.0028,0.3792,2380014
SmolLM2-135M,heavy-hitter-blocks,lfu,32,268435456,15673981.19,15673981.19,15673981.19,61298.44,7022.64,0.9972,0,2380014,8.062,0.9016,0.6521,0.9972,0.0028,0.3792,2380014
SmolLM2-135M,recency-frequency-hybrid,lfu,32,268435456,15673981.19,15673981.19,15673981.19,61298.44,7022.64,0.9993,0,2593605,17.070,0.6230,0.9540,0.9993,0.0007,0.3480,2593605
SmolLM2-135M,oracle,lfu,32,268435456,15673981.19,15673981.19,15673981.19,59902.20,7022.64,1.0000,0,0,11.147,1.0000,1.0000,1.0000,0.0000,0.0000,0
SmolLM2-135M,membrane-predictive,lfu,32,268435456,15673981.19,15673981.19,15673981.19,61298.44,7022.64,0.9990,0,2493348,16.250,0.6745,0.9833,0.9990,0.0010,0.3417,2493348
SmolLM2-135M,full-attention,attention-score-aware,32,268435456,15673981.19,15673981.19,15673981.19,61298.44,7022.64,1.0000,0,2615400,18.500,0.6025,1.0000,1.0000,0.0000,0.3333,2615400
SmolLM2-135M,sliding-window,attention-score-aware,32,268435456,15673981.19,15673981.19,15673981.19,61298.44,7022.64,0.9993,0,2593605,16.000,0.5987,0.8594,0.9993,0.0007,0.3480,2593605
SmolLM2-135M,recency+sinks,attention-score-aware,32,268435456,15673981.19,15673981.19,15673981.19,61298.44,7022.64,1.0000,0,2615400,17.000,0.6184,0.9432,1.0000,0.0000,0.3333,2615400
SmolLM2-135M,topk-attention-blocks,attention-score-aware,32,268435456,15673981.19,15673981.19,15673981.19,61298.44,7022.64,0.9972,0,2380014,11.184,0.8785,0.8814,0.9972,0.0028,0.3792,2380014
SmolLM2-135M,heavy-hitter-blocks,attention-score-aware,32,268435456,15673981.19,15673981.19,15673981.19,61298.44,7022.64,0.9972,0,2380014,8.062,0.9016,0.6521,0.9972,0.0028,0.3792,2380014
SmolLM2-135M,recency-frequency-hybrid,attention-score-aware,32,268435456,15673981.19,15673981.19,15673981.19,61298.44,7022.64,0.9993,0,2593605,17.070,0.6230,0.9540,0.9993,0.0007,0.3480,2593605
SmolLM2-135M,oracle,attention-score-aware,32,268435456,15673981.19,15673981.19,15673981.19,59902.20,7022.64,1.0000,0,0,11.147,1.0000,1.0000,1.0000,0.0000,0.0000,0
SmolLM2-135M,membrane-predictive,attention-score-aware,32,268435456,15673981.19,15673981.19,15673981.19,61298.44,7022.64,0.9990,0,2493348,16.250,0.6745,0.9833,0.9990,0.0010,0.3417,2493348
SmolLM2-135M,full-attention,segmented-lru,32,268435456,15673981.19,15673981.19,15673981.19,61298.44,7022.64,1.0000,0,2615400,18.500,0.6025,1.0000,1.0000,0.0000,0.3333,2615400
SmolLM2-135M,sliding-window,segmented-lru,32,268435456,15673981.19,15673981.19,15673981.19,61298.44,7022.64,0.9993,0,2593605,16.000,0.5987,0.8594,0.9993,0.0007,0.3480,2593605
SmolLM2-135M,recency+sinks,segmented-lru,32,268435456,15673981.19,15673981.19,15673981.19,61298.44,7022.64,1.0000,0,2615400,17.000,0.6184,0.9432,1.0000,0.0000,0.3333,2615400
SmolLM2-135M,topk-attention-blocks,segmented-lru,32,268435456,15673981.19,15673981.19,15673981.19,61298.44,7022.64,0.9972,0,2380014,11.184,0.8785,0.8814,0.9972,0.0028,0.3792,2380014
SmolLM2-135M,heavy-hitter-blocks,segmented-lru,32,268435456,15673981.19,15673981.19,15673981.19,61298.44,7022.64,0.9972,0,2380014,8.062,0.9016,0.6521,0.9972,0.0028,0.3792,2380014
SmolLM2-135M,recency-frequency-hybrid,segmented-lru,32,268435456,15673981.19,15673981.19,15673981.19,61298.44,7022.64,0.9993,0,2593605,17.070,0.6230,0.9540,0.9993,0.0007,0.3480,2593605
SmolLM2-135M,oracle,segmented-lru,32,268435456,15673981.19,15673981.19,15673981.19,59902.20,7022.64,1.0000,0,0,11.147,1.0000,1.0000,1.0000,0.0000,0.0000,0
SmolLM2-135M,membrane-predictive,segmented-lru,32,268435456,15673981.19,15673981.19,15673981.19,61298.44,7022.64,0.9990,0,2493348,16.250,0.6745,0.9833,0.9990,0.0010,0.3417,2493348
SmolLM2-135M,full-attention,lru,32,1073741824,15673981.19,15673981.19,15673981.19,61298.44,7022.64,1.0000,0,2615400,18.500,0.6025,1.0000,1.0000,0.0000,0.3333,2615400
SmolLM2-135M,sliding-window,lru,32,1073741824,15673981.19,15673981.19,15673981.19,61298.44,7022.64,0.9993,0,2593605,16.000,0.5987,0.8594,0.9993,0.0007,0.3480,2593605
SmolLM2-135M,recency+sinks,lru,32,1073741824,15673981.19,15673981.19,15673981.19,61298.44,7022.64,1.0000,0,2615400,17.000,0.6184,0.9432,1.0000,0.0000,0.3333,2615400
SmolLM2-135M,topk-attention-blocks,lru,32,1073741824,15673981.19,15673981.19,15673981.19,61298.44,7022.64,0.9972,0,2380014,11.184,0.8785,0.8814,0.9972,0.0028,0.3792,2380014
SmolLM2-135M,heavy-hitter-blocks,lru,32,1073741824,15673981.19,15673981.19,15673981.19,61298.44,7022.64,0.9972,0,2380014,8.062,0.9016,0.6521,0.9972,0.0028,0.3792,2380014
SmolLM2-135M,recency-frequency-hybrid,lru,32,1073741824,15673981.19,15673981.19,15673981.19,61298.44,7022.64,0.9993,0,2593605,17.070,0.6230,0.9540,0.9993,0.0007,0.3480,2593605
SmolLM2-135M,oracle,lru,32,1073741824,15673981.19,15673981.19,15673981.19,59902.20,7022.64,1.0000,0,0,11.147,1.0000,1.0000,1.0000,0.0000,0.0000,0
SmolLM2-135M,membrane-predictive,lru,32,1073741824,15673981.19,15673981.19,15673981.19,61298.44,7022.64,0.9990,0,2493348,16.250,0.6745,0.9833,0.9990,0.0010,0.3417,2493348
SmolLM2-135M,full-attention,lfu,32,1073741824,15673981.19,15673981.19,15673981.19,61298.44,7022.64,1.0000,0,2615400,18.500,0.6025,1.0000,1.0000,0.0000,0.3333,2615400
SmolLM2-135M,sliding-window,lfu,32,1073741824,15673981.19,15673981.19,15673981.19,61298.44,7022.64,0.9993,0,2593605,16.000,0.5987,0.8594,0.9993,0.0007,0.3480,2593605
SmolLM2-135M,recency+sinks,lfu,32,1073741824,15673981.19,15673981.19,15673981.19,61298.44,7022.64,1.0000,0,2615400,17.000,0.6184,0.9432,1.0000,0.0000,0.3333,2615400
SmolLM2-135M,topk-attention-blocks,lfu,32,1073741824,15673981.19,15673981.19,15673981.19,61298.44,7022.64,0.9972,0,2380014,11.184,0.8785,0.8814,0.9972,0.0028,0.3792,2380014
SmolLM2-135M,heavy-hitter-blocks,lfu,32,1073741824,15673981.19,15673981.19,15673981.19,61298.44,7022.64,0.9972,0,2380014,8.062,0.9016,0.6521,0.9972,0.0028,0.3792,2380014
SmolLM2-135M,recency-frequency-hybrid,lfu,32,1073741824,15673981.19,15673981.19,15673981.19,61298.44,7022.64,0.9993,0,2593605,17.070,0.6230,0.9540,0.9993,0.0007,0.3480,2593605
SmolLM2-135M,oracle,lfu,32,1073741824,15673981.19,15673981.19,15673981.19,59902.20,7022.64,1.0000,0,0,11.147,1.0000,1.0000,1.0000,0.0000,0.0000,0
SmolLM2-135M,membrane-predictive,lfu,32,1073741824,15673981.19,15673981.19,15673981.19,61298.44,7022.64,0.9990,0,2493348,16.250,0.6745,0.9833,0.9990,0.0010,0.3417,2493348
SmolLM2-135M,full-attention,attention-score-aware,32,1073741824,15673981.19,15673981.19,15673981.19,61298.44,7022.64,1.0000,0,2615400,18.500,0.6025,1.0000,1.0000,0.0000,0.3333,2615400
SmolLM2-135M,sliding-window,attention-score-aware,32,1073741824,15673981.19,15673981.19,15673981.19,61298.44,7022.64,0.9993,0,2593605,16.000,0.5987,0.8594,0.9993,0.0007,0.3480,2593605
SmolLM2-135M,recency+sinks,attention-score-aware,32,1073741824,15673981.19,15673981.19,15673981.19,61298.44,7022.64,1.0000,0,2615400,17.000,0.6184,0.9432,1.0000,0.0000,0.3333,2615400
SmolLM2-135M,topk-attention-blocks,attention-score-aware,32,1073741824,15673981.19,15673981.19,15673981.19,61298.44,7022.64,0.9972,0,2380014,11.184,0.8785,0.8814,0.9972,0.0028,0.3792,2380014
SmolLM2-135M,heavy-hitter-blocks,attention-score-aware,32,1073741824,15673981.19,15673981.19,15673981.19,61298.44,7022.64,0.9972,0,2380014,8.062,0.9016,0.6521,0.9972,0.0028,0.3792,2380014
SmolLM2-135M,recency-frequency-hybrid,attention-score-aware,32,1073741824,15673981.19,15673981.19,15673981.19,61298.44,7022.64,0.9993,0,2593605,17.070,0.6230,0.9540,0.9993,0.0007,0.3480,2593605
SmolLM2-135M,oracle,attention-score-aware,32,1073741824,15673981.19,15673981.19,15673981.19,59902.20,7022.64,1.0000,0,0,11.147,1.0000,1.0000,1.0000,0.0000,0.0000,0
SmolLM2-135M,membrane-predictive,attention-score-aware,32,1073741824,15673981.19,15673981.19,15673981.19,61298.44,7022.64,0.9990,0,2493348,16.250,0.6745,0.9833,0.9990,0.0010,0.3417,2493348
SmolLM2-135M,full-attention,segmented-lru,32,1073741824,15673981.19,15673981.19,15673981.19,61298.44,7022.64,1.0000,0,2615400,18.500,0.6025,1.0000,1.0000,0.0000,0.3333,2615400
SmolLM2-135M,sliding-window,segmented-lru,32,1073741824,15673981.19,15673981.19,15673981.19,61298.44,7022.64,0.9993,0,2593605,16.000,0.5987,0.8594,0.9993,0.0007,0.3480,2593605
SmolLM2-135M,recency+sinks,segmented-lru,32,1073741824,15673981.19,15673981.19,15673981.19,61298.44,7022.64,1.0000,0,2615400,17.000,0.6184,0.9432,1.0000,0.0000,0.3333,2615400
SmolLM2-135M,topk-attention-blocks,segmented-lru,32,1073741824,15673981.19,15673981.19,15673981.19,61298.44,7022.64,0.9972,0,2380014,11.184,0.8785,0.8814,0.9972,0.0028,0.3792,2380014
SmolLM2-135M,heavy-hitter-blocks,segmented-lru,32,1073741824,15673981.19,15673981.19,15673981.19,61298.44,7022.64,0.9972,0,2380014,8.062,0.9016,0.6521,0.9972,0.0028,0.3792,2380014
SmolLM2-135M,recency-frequency-hybrid,segmented-lru,32,1073741824,15673981.19,15673981.19,15673981.19,61298.44,7022.64,0.9993,0,2593605,17.070,0.6230,0.9540,0.9993,0.0007,0.3480,2593605
SmolLM2-135M,oracle,segmented-lru,32,1073741824,15673981.19,15673981.19,15673981.19,59902.20,7022.64,1.0000,0,0,11.147,1.0000,1.0000,1.0000,0.0000,0.0000,0
SmolLM2-135M,membrane-predictive,segmented-lru,32,1073741824,15673981.19,15673981.19,15673981.19,61298.44,7022.64,0.9990,0,2493348,16.250,0.6745,0.9833,0.9990,0.0010,0.3417,2493348
SmolLM2-135M,full-attention,lru,32,4294967296,15673981.19,15673981.19,15673981.19,61298.44,7022.64,1.0000,0,2615400,18.500,0.6025,1.0000,1.0000,0.0000,0.3333,2615400
SmolLM2-135M,sliding-window,lru,32,4294967296,15673981.19,15673981.19,15673981.19,61298.44,7022.64,0.9993,0,2593605,16.000,0.5987,0.8594,0.9993,0.0007,0.3480,2593605
SmolLM2-135M,recency+sinks,lru,32,4294967296,15673981.19,15673981.19,15673981.19,61298.44,7022.64,1.0000,0,2615400,17.000,0.6184,0.9432,1.0000,0.0000,0.3333,2615400
SmolLM2-135M,topk-attention-blocks,lru,32,4294967296,15673981.19,15673981.19,15673981.19,61298.44,7022.64,0.9972,0,2380014,11.184,0.8785,0.8814,0.9972,0.0028,0.3792,2380014
SmolLM2-135M,heavy-hitter-blocks,lru,32,4294967296,15673981.19,15673981.19,15673981.19,61298.44,7022.64,0.9972,0,2380014,8.062,0.9016,0.6521,0.9972,0.0028,0.3792,2380014
SmolLM2-135M,recency-frequency-hybrid,lru,32,4294967296,15673981.19,15673981.19,15673981.19,61298.44,7022.64,0.9993,0,2593605,17.070,0.6230,0.9540,0.9993,0.0007,0.3480,2593605
SmolLM2-135M,oracle,lru,32,4294967296,15673981.19,15673981.19,15673981.19,59902.20,7022.64,1.0000,0,0,11.147,1.0000,1.0000,1.0000,0.0000,0.0000,0
SmolLM2-135M,membrane-predictive,lru,32,4294967296,15673981.19,15673981.19,15673981.19,61298.44,7022.64,0.9990,0,2493348,16.250,0.6745,0.9833,0.9990,0.0010,0.3417,2493348
SmolLM2-135M,full-attention,lfu,32,4294967296,15673981.19,15673981.19,15673981.19,61298.44,7022.64,1.0000,0,2615400,18.500,0.6025,1.0000,1.0000,0.0000,0.3333,2615400
SmolLM2-135M,sliding-window,lfu,32,4294967296,15673981.19,15673981.19,15673981.19,61298.44,7022.64,0.9993,0,2593605,16.000,0.5987,0.8594,0.9993,0.0007,0.3480,2593605
SmolLM2-135M,recency+sinks,lfu,32,4294967296,15673981.19,15673981.19,15673981.19,61298.44,7022.64,1.0000,0,2615400,17.000,0.6184,0.9432,1.0000,0.0000,0.3333,2615400
SmolLM2-135M,topk-attention-blocks,lfu,32,4294967296,15673981.19,15673981.19,15673981.19,61298.44,7022.64,0.9972,0,2380014,11.184,0.8785,0.8814,0.9972,0.0028,0.3792,2380014
SmolLM2-135M,heavy-hitter-blocks,lfu,32,4294967296,15673981.19,15673981.19,15673981.19,61298.44,7022.64,0.9972,0,2380014,8.062,0.9016,0.6521,0.9972,0.0028,0.3792,2380014
SmolLM2-135M,recency-frequency-hybrid,lfu,32,4294967296,15673981.19,15673981.19,15673981.19,61298.44,7022.64,0.9993,0,2593605,17.070,0.6230,0.9540,0.9993,0.0007,0.3480,2593605
SmolLM2-135M,oracle,lfu,32,4294967296,15673981.19,15673981.19,15673981.19,59902.20,7022.64,1.0000,0,0,11.147,1.0000,1.0000,1.0000,0.0000,0.0000,0
SmolLM2-135M,membrane-predictive,lfu,32,4294967296,15673981.19,15673981.19,15673981.19,61298.44,7022.64,0.9990,0,2493348,16.250,0.6745,0.9833,0.9990,0.0010,0.3417,2493348
SmolLM2-135M,full-attention,attention-score-aware,32,4294967296,15673981.19,15673981.19,15673981.19,61298.44,7022.64,1.0000,0,2615400,18.500,0.6025,1.0000,1.0000,0.0000,0.3333,2615400
SmolLM2-135M,sliding-window,attention-score-aware,32,4294967296,15673981.19,15673981.19,15673981.19,61298.44,7022.64,0.9993,0,2593605,16.000,0.5987,0.8594,0.9993,0.0007,0.3480,2593605
SmolLM2-135M,recency+sinks,attention-score-aware,32,4294967296,15673981.19,15673981.19,15673981.19,61298.44,7022.64,1.0000,0,2615400,17.000,0.6184,0.9432,1.0000,0.0000,0.3333,2615400
SmolLM2-135M,topk-attention-blocks,attention-score-aware,32,4294967296,15673981.19,15673981.19,15673981.19,61298.44,7022.64,0.9972,0,2380014,11.184,0.8785,0.8814,0.9972,0.0028,0.3792,2380014
SmolLM2-135M,heavy-hitter-blocks,attention-score-aware,32,4294967296,15673981.19,15673981.19,15673981.19,61298.44,7022.64,0.9972,0,2380014,8.062,0.9016,0.6521,0.9972,0.0028,0.3792,2380014
SmolLM2-135M,recency-frequency-hybrid,attention-score-aware,32,4294967296,15673981.19,15673981.19,15673981.19,61298.44,7022.64,0.9993,0,2593605,17.070,0.6230,0.9540,0.9993,0.0007,0.3480,2593605
SmolLM2-135M,oracle,attention-score-aware,32,4294967296,15673981.19,15673981.19,15673981.19,59902.20,7022.64,1.0000,0,0,11.147,1.0000,1.0000,1.0000,0.0000,0.0000,0
SmolLM2-135M,membrane-predictive,attention-score-aware,32,4294967296,15673981.19,15673981.19,15673981.19,61298.44,7022.64,0.9990,0,2493348,16.250,0.6745,0.9833,0.9990,0.0010,0.3417,2493348
SmolLM2-135M,full-attention,segmented-lru,32,4294967296,15673981.19,15673981.19,15673981.19,61298.44,7022.64,1.0000,0,2615400,18.500,0.6025,1.0000,1.0000,0.0000,0.3333,2615400
SmolLM2-135M,sliding-window,segmented-lru,32,4294967296,15673981.19,15673981.19,15673981.19,61298.44,7022.64,0.9993,0,2593605,16.000,0.5987,0.8594,0.9993,0.0007,0.3480,2593605
SmolLM2-135M,recency+sinks,segmented-lru,32,4294967296,15673981.19,15673981.19,15673981.19,61298.44,7022.64,1.0000,0,2615400,17.000,0.6184,0.9432,1.0000,0.0000,0.3333,2615400
SmolLM2-135M,topk-attention-blocks,segmented-lru,32,4294967296,15673981.19,15673981.19,15673981.19,61298.44,7022.64,0.9972,0,2380014,11.184,0.8785,0.8814,0.9972,0.0028,0.3792,2380014
SmolLM2-135M,heavy-hitter-blocks,segmented-lru,32,4294967296,15673981.19,15673981.19,15673981.19,61298.44,7022.64,0.9972,0,2380014,8.062,0.9016,0.6521,0.9972,0.0028,0.3792,2380014
SmolLM2-135M,recency-frequency-hybrid,segmented-lru,32,4294967296,15673981.19,15673981.19,15673981.19,61298.44,7022.64,0.9993,0,2593605,17.070,0.6230,0.9540,0.9993,0.0007,0.3480,2593605
SmolLM2-135M,oracle,segmented-lru,32,4294967296,15673981.19,15673981.19,15673981.19,59902.20,7022.64,1.0000,0,0,11.147,1.0000,1.0000,1.0000,0.0000,0.0000,0
SmolLM2-135M,membrane-predictive,segmented-lru,32,4294967296,15673981.19,15673981.19,15673981.19,61298.44,7022.64,0.9990,0,2493348,16.250,0.6745,0.9833,0.9990,0.0010,0.3417,2493348
SmolLM2-135M,full-attention,lru,32,8589934592,15673981.19,15673981.19,15673981.19,61298.44,7022.64,1.0000,0,2615400,18.500,0.6025,1.0000,1.0000,0.0000,0.3333,2615400
SmolLM2-135M,sliding-window,lru,32,8589934592,15673981.19,15673981.19,15673981.19,61298.44,7022.64,0.9993,0,2593605,16.000,0.5987,0.8594,0.9993,0.0007,0.3480,2593605
SmolLM2-135M,recency+sinks,lru,32,8589934592,15673981.19,15673981.19,15673981.19,61298.44,7022.64,1.0000,0,2615400,17.000,0.6184,0.9432,1.0000,0.0000,0.3333,2615400
SmolLM2-135M,topk-attention-blocks,lru,32,8589934592,15673981.19,15673981.19,15673981.19,61298.44,7022.64,0.9972,0,2380014,11.184,0.8785,0.8814,0.9972,0.0028,0.3792,2380014
SmolLM2-135M,heavy-hitter-blocks,lru,32,8589934592,15673981.19,15673981.19,15673981.19,61298.44,7022.64,0.9972,0,2380014,8.062,0.9016,0.6521,0.9972,0.0028,0.3792,2380014
SmolLM2-135M,recency-frequency-hybrid,lru,32,8589934592,15673981.19,15673981.19,15673981.19,61298.44,7022.64,0.9993,0,2593605,17.070,0.6230,0.9540,0.9993,0.0007,0.3480,2593605
SmolLM2-135M,oracle,lru,32,8589934592,15673981.19,15673981.19,15673981.19,59902.20,7022.64,1.0000,0,0,11.147,1.0000,1.0000,1.0000,0.0000,0.0000,0
SmolLM2-135M,membrane-predictive,lru,32,8589934592,15673981.19,15673981.19,15673981.19,61298.44,7022.64,0.9990,0,2493348,16.250,0.6745,0.9833,0.9990,0.0010,0.3417,2493348
SmolLM2-135M,full-attention,lfu,32,8589934592,15673981.19,15673981.19,15673981.19,61298.44,7022.64,1.0000,0,2615400,18.500,0.6025,1.0000,1.0000,0.0000,0.3333,2615400
SmolLM2-135M,sliding-window,lfu,32,8589934592,15673981.19,15673981.19,15673981.19,61298.44,7022.64,0.9993,0,2593605,16.000,0.5987,0.8594,0.9993,0.0007,0.3480,2593605
SmolLM2-135M,recency+sinks,lfu,32,8589934592,15673981.19,15673981.19,15673981.19,61298.44,7022.64,1.0000,0,2615400,17.000,0.6184,0.9432,1.0000,0.0000,0.3333,2615400
SmolLM2-135M,topk-attention-blocks,lfu,32,8589934592,15673981.19,15673981.19,15673981.19,61298.44,7022.64,0.9972,0,2380014,11.184,0.8785,0.8814,0.9972,0.0028,0.3792,2380014
SmolLM2-135M,heavy-hitter-blocks,lfu,32,8589934592,15673981.19,15673981.19,15673981.19,61298.44,7022.64,0.9972,0,2380014,8.062,0.9016,0.6521,0.9972,0.0028,0.3792,2380014
SmolLM2-135M,recency-frequency-hybrid,lfu,32,8589934592,15673981.19,15673981.19,15673981.19,61298.44,7022.64,0.9993,0,2593605,17.070,0.6230,0.9540,0.9993,0.0007,0.3480,2593605
SmolLM2-135M,oracle,lfu,32,8589934592,15673981.19,15673981.19,15673981.19,59902.20,7022.64,1.0000,0,0,11.147,1.0000,1.0000,1.0000,0.0000,0.0000,0
SmolLM2-135M,membrane-predictive,lfu,32,8589934592,15673981.19,15673981.19,15673981.19,61298.44,7022.64,0.9990,0,2493348,16.250,0.6745,0.9833,0.9990,0.0010,0.3417,2493348
SmolLM2-135M,full-attention,attention-score-aware,32,8589934592,15673981.19,15673981.19,15673981.19,61298.44,7022.64,1.0000,0,2615400,18.500,0.6025,1.0000,1.0000,0.0000,0.3333,2615400
SmolLM2-135M,sliding-window,attention-score-aware,32,8589934592,15673981.19,15673981.19,15673981.19,61298.44,7022.64,0.9993,0,2593605,16.000,0.5987,0.8594,0.9993,0.0007,0.3480,2593605
SmolLM2-135M,recency+sinks,attention-score-aware,32,8589934592,15673981.19,15673981.19,15673981.19,61298.44,7022.64,1.0000,0,2615400,17.000,0.6184,0.9432,1.0000,0.0000,0.3333,2615400
SmolLM2-135M,topk-attention-blocks,attention-score-aware,32,8589934592,15673981.19,15673981.19,15673981.19,61298.44,7022.64,0.9972,0,2380014,11.184,0.8785,0.8814,0.9972,0.0028,0.3792,2380014
SmolLM2-135M,heavy-hitter-blocks,attention-score-aware,32,8589934592,15673981.19,15673981.19,15673981.19,61298.44,7022.64,0.9972,0,2380014,8.062,0.9016,0.6521,0.9972,0.0028,0.3792,2380014
SmolLM2-135M,recency-frequency-hybrid,attention-score-aware,32,8589934592,15673981.19,15673981.19,15673981.19,61298.44,7022.64,0.9993,0,2593605,17.070,0.6230,0.9540,0.9993,0.0007,0.3480,2593605
SmolLM2-135M,oracle,attention-score-aware,32,8589934592,15673981.19,15673981.19,15673981.19,59902.20,7022.64,1.0000,0,0,11.147,1.0000,1.0000,1.0000,0.0000,0.0000,0
SmolLM2-135M,membrane-predictive,attention-score-aware,32,8589934592,15673981.19,15673981.19,15673981.19,61298.44,7022.64,0.9990,0,2493348,16.250,0.6745,0.9833,0.9990,0.0010,0.3417,2493348
SmolLM2-135M,full-attention,segmented-lru,32,8589934592,15673981.19,15673981.19,15673981.19,61298.44,7022.64,1.0000,0,2615400,18.500,0.6025,1.0000,1.0000,0.0000,0.3333,2615400
SmolLM2-135M,sliding-window,segmented-lru,32,8589934592,15673981.19,15673981.19,15673981.19,61298.44,7022.64,0.9993,0,2593605,16.000,0.5987,0.8594,0.9993,0.0007,0.3480,2593605
SmolLM2-135M,recency+sinks,segmented-lru,32,8589934592,15673981.19,15673981.19,15673981.19,61298.44,7022.64,1.0000,0,2615400,17.000,0.6184,0.9432,1.0000,0.0000,0.3333,2615400
SmolLM2-135M,topk-attention-blocks,segmented-lru,32,8589934592,15673981.19,15673981.19,15673981.19,61298.44,7022.64,0.9972,0,2380014,11.184,0.8785,0.8814,0.9972,0.0028,0.3792,2380014
SmolLM2-135M,heavy-hitter-blocks,segmented-lru,32,8589934592,15673981.19,15673981.19,15673981.19,61298.44,7022.64,0.9972,0,2380014,8.062,0.9016,0.6521,0.9972,0.0028,0.3792,2380014
SmolLM2-135M,recency-frequency-hybrid,segmented-lru,32,8589934592,15673981.19,15673981.19,15673981.19,61298.44,7022.64,0.9993,0,2593605,17.070,0.6230,0.9540,0.9993,0.0007,0.3480,2593605
SmolLM2-135M,oracle,segmented-lru,32,8589934592,15673981.19,15673981.19,15673981.19,59902.20,7022.64,1.0000,0,0,11.147,1.0000,1.0000,1.0000,0.0000,0.0000,0
SmolLM2-135M,membrane-predictive,segmented-lru,32,8589934592,15673981.19,15673981.19,15673981.19,61298.44,7022.64,0.9990,0,2493348,16.250,0.6745,0.9833,0.9990,0.0010,0.3417,2493348
SmolLM2-135M,full-attention,lru,64,67108864,15673981.19,15673981.19,15673981.19,61305.47,4589.16,1.0000,0,1726362,9.500,0.7668,1.0000,1.0000,0.0000,0.2200,1726362
SmolLM2-135M,sliding-window,lru,64,67108864,15673981.19,15673981.19,15673981.19,61305.47,4589.16,0.9989,0,1726362,8.000,0.7518,0.8256,0.9989,0.0011,0.2444,1726362
SmolLM2-135M,recency+sinks,lru,64,67108864,15673981.19,15673981.19,15673981.19,61305.47,4589.16,1.0000,0,1726362,9.000,0.7732,0.9553,1.0000,0.0000,0.2200,1726362
SmolLM2-135M,topk-attention-blocks,lru,64,67108864,15673981.19,15673981.19,15673981.19,61305.47,4589.16,0.9979,0,1551982,7.290,0.9242,0.9249,0.9979,0.0021,0.2472,1551982
SmolLM2-135M,heavy-hitter-blocks,lru,64,67108864,15673981.19,15673981.19,15673981.19,61305.47,4589.16,0.9979,0,1551982,7.944,0.8502,0.9271,0.9979,0.0021,0.2472,1551982
SmolLM2-135M,recency-frequency-hybrid,lru,64,67108864,15673981.19,15673981.19,15673981.19,61305.47,4589.16,0.9989,0,1726362,8.828,0.7741,0.9380,0.9989,0.0011,0.2444,1726362
SmolLM2-135M,oracle,lru,64,67108864,15673981.19,15673981.19,15673981.19,60964.88,4589.16,1.0000,0,0,7.284,1.0000,1.0000,1.0000,0.0000,0.0000,0
SmolLM2-135M,membrane-predictive,lru,64,67108864,15673981.19,15673981.19,15673981.19,61305.47,4589.16,0.9999,0,1700205,9.374,0.7760,0.9986,0.9999,0.0001,0.2186,1700205
SmolLM2-135M,full-attention,lfu,64,67108864,15673981.19,15673981.19,15673981.19,61305.47,4589.16,1.0000,0,1726362,9.500,0.7668,1.0000,1.0000,0.0000,0.2200,1726362
SmolLM2-135M,sliding-window,lfu,64,67108864,15673981.19,15673981.19,15673981.19,61305.47,4589.16,0.9989,0,1726362,8.000,0.7518,0.8256,0.9989,0.0011,0.2444,1726362
SmolLM2-135M,recency+sinks,lfu,64,67108864,15673981.19,15673981.19,15673981.19,61305.47,4589.16,1.0000,0,1726362,9.000,0.7732,0.9553,1.0000,0.0000,0.2200,1726362
SmolLM2-135M,topk-attention-blocks,lfu,64,67108864,15673981.19,15673981.19,15673981.19,61305.47,4589.16,0.9979,0,1551982,7.290,0.9242,0.9249,0.9979,0.0021,0.2472,1551982
SmolLM2-135M,heavy-hitter-blocks,lfu,64,67108864,15673981.19,15673981.19,15673981.19,61305.47,4589.16,0.9979,0,1551982,7.944,0.8502,0.9271,0.9979,0.0021,0.2472,1551982
SmolLM2-135M,recency-frequency-hybrid,lfu,64,67108864,15673981.19,15673981.19,15673981.19,61305.47,4589.16,0.9989,0,1726362,8.828,0.7741,0.9380,0.9989,0.0011,0.2444,1726362
SmolLM2-135M,oracle,lfu,64,67108864,15673981.19,15673981.19,15673981.19,60964.88,4589.16,1.0000,0,0,7.284,1.0000,1.0000,1.0000,0.0000,0.0000,0
SmolLM2-135M,membrane-predictive,lfu,64,67108864,15673981.19,15673981.19,15673981.19,61305.47,4589.16,0.9999,0,1700205,9.374,0.7760,0.9986,0.9999,0.0001,0.2186,1700205
SmolLM2-135M,full-attention,attention-score-aware,64,67108864,15673981.19,15673981.19,15673981.19,61305.47,4589.16,1.0000,0,1726362,9.500,0.7668,1.0000,1.0000,0.0000,0.2200,1726362
SmolLM2-135M,sliding-window,attention-score-aware,64,67108864,15673981.19,15673981.19,15673981.19,61305.47,4589.16,0.9989,0,1726362,8.000,0.7518,0.8256,0.9989,0.0011,0.2444,1726362
SmolLM2-135M,recency+sinks,attention-score-aware,64,67108864,15673981.19,15673981.19,15673981.19,61305.47,4589.16,1.0000,0,1726362,9.000,0.7732,0.9553,1.0000,0.0000,0.2200,1726362
SmolLM2-135M,topk-attention-blocks,attention-score-aware,64,67108864,15673981.19,15673981.19,15673981.19,61305.47,4589.16,0.9979,0,1551982,7.290,0.9242,0.9249,0.9979,0.0021,0.2472,1551982
SmolLM2-135M,heavy-hitter-blocks,attention-score-aware,64,67108864,15673981.19,15673981.19,15673981.19,61305.47,4589.16,0.9979,0,1551982,7.944,0.8502,0.9271,0.9979,0.0021,0.2472,1551982
SmolLM2-135M,recency-frequency-hybrid,attention-score-aware,64,67108864,15673981.19,15673981.19,15673981.19,61305.47,4589.16,0.9989,0,1726362,8.828,0.7741,0.9380,0.9989,0.0011,0.2444,1726362
SmolLM2-135M,oracle,attention-score-aware,64,67108864,15673981.19,15673981.19,15673981.19,60964.88,4589.16,1.0000,0,0,7.284,1.0000,1.0000,1.0000,0.0000,0.0000,0
SmolLM2-135M,membrane-predictive,attention-score-aware,64,67108864,15673981.19,15673981.19,15673981.19,61305.47,4589.16,0.9999,0,1700205,9.374,0.7760,0.9986,0.9999,0.0001,0.2186,1700205
SmolLM2-135M,full-attention,segmented-lru,64,67108864,15673981.19,15673981.19,15673981.19,61305.47,4589.16,1.0000,0,1726362,9.500,0.7668,1.0000,1.0000,0.0000,0.2200,1726362
SmolLM2-135M,sliding-window,segmented-lru,64,67108864,15673981.19,15673981.19,15673981.19,61305.47,4589.16,0.9989,0,1726362,8.000,0.7518,0.8256,0.9989,0.0011,0.2444,1726362
SmolLM2-135M,recency+sinks,segmented-lru,64,67108864,15673981.19,15673981.19,15673981.19,61305.47,4589.16,1.0000,0,1726362,9.000,0.7732,0.9553,1.0000,0.0000,0.2200,1726362
SmolLM2-135M,topk-attention-blocks,segmented-lru,64,67108864,15673981.19,15673981.19,15673981.19,61305.47,4589.16,0.9979,0,1551982,7.290,0.9242,0.9249,0.9979,0.0021,0.2472,1551982
SmolLM2-135M,heavy-hitter-blocks,segmented-lru,64,67108864,15673981.19,15673981.19,15673981.19,61305.47,4589.16,0.9979,0,1551982,7.944,0.8502,0.9271,0.9979,0.0021,0.2472,1551982
SmolLM2-135M,recency-frequency-hybrid,segmented-lru,64,67108864,15673981.19,15673981.19,15673981.19,61305.47,4589.16,0.9989,0,1726362,8.828,0.7741,0.9380,0.9989,0.0011,0.2444,1726362
SmolLM2-135M,oracle,segmented-lru,64,67108864,15673981.19,15673981.19,15673981.19,60964.88,4589.16,1.0000,0,0,7.284,1.0000,1.0000,1.0000,0.0000,0.0000,0
SmolLM2-135M,membrane-predictive,segmented-lru,64,67108864,15673981.19,15673981.19,15673981.19,61305.47,4589.16,0.9999,0,1700205,9.374,0.7760,0.9986,0.9999,0.0001,0.2186,1700205
SmolLM2-135M,full-attention,lru,64,268435456,15673981.19,15673981.19,15673981.19,61305.47,4589.16,1.0000,0,1726362,9.500,0.7668,1.0000,1.0000,0.0000,0.2200,1726362
SmolLM2-135M,sliding-window,lru,64,268435456,15673981.19,15673981.19,15673981.19,61305.47,4589.16,0.9989,0,1726362,8.000,0.7518,0.8256,0.9989,0.0011,0.2444,1726362
SmolLM2-135M,recency+sinks,lru,64,268435456,15673981.19,15673981.19,15673981.19,61305.47,4589.16,1.0000,0,1726362,9.000,0.7732,0.9553,1.0000,0.0000,0.2200,1726362
SmolLM2-135M,topk-attention-blocks,lru,64,268435456,15673981.19,15673981.19,15673981.19,61305.47,4589.16,0.9979,0,1551982,7.290,0.9242,0.9249,0.9979,0.0021,0.2472,1551982
SmolLM2-135M,heavy-hitter-blocks,lru,64,268435456,15673981.19,15673981.19,15673981.19,61305.47,4589.16,0.9979,0,1551982,7.944,0.8502,0.9271,0.9979,0.0021,0.2472,1551982
SmolLM2-135M,recency-frequency-hybrid,lru,64,268435456,15673981.19,15673981.19,15673981.19,61305.47,4589.16,0.9989,0,1726362,8.828,0.7741,0.9380,0.9989,0.0011,0.2444,1726362
SmolLM2-135M,oracle,lru,64,268435456,15673981.19,15673981.19,15673981.19,60964.88,4589.16,1.0000,0,0,7.284,1.0000,1.0000,1.0000,0.0000,0.0000,0
SmolLM2-135M,membrane-predictive,lru,64,268435456,15673981.19,15673981.19,15673981.19,61305.47,4589.16,0.9999,0,1700205,9.374,0.7760,0.9986,0.9999,0.0001,0.2186,1700205
SmolLM2-135M,full-attention,lfu,64,268435456,15673981.19,15673981.19,15673981.19,61305.47,4589.16,1.0000,0,1726362,9.500,0.7668,1.0000,1.0000,0.0000,0.2200,1726362
SmolLM2-135M,sliding-window,lfu,64,268435456,15673981.19,15673981.19,15673981.19,61305.47,4589.16,0.9989,0,1726362,8.000,0.7518,0.8256,0.9989,0.0011,0.2444,1726362
SmolLM2-135M,recency+sinks,lfu,64,268435456,15673981.19,15673981.19,15673981.19,61305.47,4589.16,1.0000,0,1726362,9.000,0.7732,0.9553,1.0000,0.0000,0.2200,1726362
SmolLM2-135M,topk-attention-blocks,lfu,64,268435456,15673981.19,15673981.19,15673981.19,61305.47,4589.16,0.9979,0,1551982,7.290,0.9242,0.9249,0.9979,0.0021,0.2472,1551982
SmolLM2-135M,heavy-hitter-blocks,lfu,64,268435456,15673981.19,15673981.19,15673981.19,61305.47,4589.16,0.9979,0,1551982,7.944,0.8502,0.9271,0.9979,0.0021,0.2472,1551982
SmolLM2-135M,recency-frequency-hybrid,lfu,64,268435456,15673981.19,15673981.19,15673981.19,61305.47,4589.16,0.9989,0,1726362,8.828,0.7741,0.9380,0.9989,0.0011,0.2444,1726362
SmolLM2-135M,oracle,lfu,64,268435456,15673981.19,15673981.19,15673981.19,60964.88,4589.16,1.0000,0,0,7.284,1.0000,1.0000,1.0000,0.0000,0.0000,0
SmolLM2-135M,membrane-predictive,lfu,64,268435456,15673981.19,15673981.19,15673981.19,61305.47,4589.16,0.9999,0,1700205,9.374,0.7760,0.9986,0.9999,0.0001,0.2186,1700205
SmolLM2-135M,full-attention,attention-score-aware,64,268435456,15673981.19,15673981.19,15673981.19,61305.47,4589.16,1.0000,0,1726362,9.500,0.7668,1.0000,1.0000,0.0000,0.2200,1726362
SmolLM2-135M,sliding-window,attention-score-aware,64,268435456,15673981.19,15673981.19,15673981.19,61305.47,4589.16,0.9989,0,1726362,8.000,0.7518,0.8256,0.9989,0.0011,0.2444,1726362
SmolLM2-135M,recency+sinks,attention-score-aware,64,268435456,15673981.19,15673981.19,15673981.19,61305.47,4589.16,1.0000,0,1726362,9.000,0.7732,0.9553,1.0000,0.0000,0.2200,1726362
SmolLM2-135M,topk-attention-blocks,attention-score-aware,64,268435456,15673981.19,15673981.19,15673981.19,61305.47,4589.16,0.9979,0,1551982,7.290,0.9242,0.9249,0.9979,0.0021,0.2472,1551982
SmolLM2-135M,heavy-hitter-blocks,attention-score-aware,64,268435456,15673981.19,15673981.19,15673981.19,61305.47,4589.16,0.9979,0,1551982,7.944,0.8502,0.9271,0.9979,0.0021,0.2472,1551982
SmolLM2-135M,recency-frequency-hybrid,attention-score-aware,64,268435456,15673981.19,15673981.19,15673981.19,61305.47,4589.16,0.9989,0,1726362,8.828,0.7741,0.9380,0.9989,0.0011,0.2444,1726362
SmolLM2-135M,oracle,attention-score-aware,64,268435456,15673981.19,15673981.19,15673981.19,60964.88,4589.16,1.0000,0,0,7.284,1.0000,1.0000,1.0000,0.0000,0.0000,0
SmolLM2-135M,membrane-predictive,attention-score-aware,64,268435456,15673981.19,15673981.19,15673981.19,61305.47,4589.16,0.9999,0,1700205,9.374,0.7760,0.9986,0.9999,0.0001,0.2186,1700205
SmolLM2-135M,full-attention,segmented-lru,64,268435456,15673981.19,15673981.19,15673981.19,61305.47,4589.16,1.0000,0,1726362,9.500,0.7668,1.0000,1.0000,0.0000,0.2200,1726362
SmolLM2-135M,sliding-window,segmented-lru,64,268435456,15673981.19,15673981.19,15673981.19,61305.47,4589.16,0.9989,0,1726362,8.000,0.7518,0.8256,0.9989,0.0011,0.2444,1726362
SmolLM2-135M,recency+sinks,segmented-lru,64,268435456,15673981.19,15673981.19,15673981.19,61305.47,4589.16,1.0000,0,1726362,9.000,0.7732,0.9553,1.0000,0.0000,0.2200,1726362
SmolLM2-135M,topk-attention-blocks,segmented-lru,64,268435456,15673981.19,15673981.19,15673981.19,61305.47,4589.16,0.9979,0,1551982,7.290,0.9242,0.9249,0.9979,0.0021,0.2472,1551982
SmolLM2-135M,heavy-hitter-blocks,segmented-lru,64,268435456,15673981.19,15673981.19,15673981.19,61305.47,4589.16,0.9979,0,1551982,7.944,0.8502,0.9271,0.9979,0.0021,0.2472,1551982
SmolLM2-135M,recency-frequency-hybrid,segmented-lru,64,268435456,15673981.19,15673981.19,15673981.19,61305.47,4589.16,0.9989,0,1726362,8.828,0.7741,0.9380,0.9989,0.0011,0.2444,1726362
SmolLM2-135M,oracle,segmented-lru,64,268435456,15673981.19,15673981.19,15673981.19,60964.88,4589.16,1.0000,0,0,7.284,1.0000,1.0000,1.0000,0.0000,0.0000,0
SmolLM2-135M,membrane-predictive,segmented-lru,64,268435456,15673981.19,15673981.19,15673981.19,61305.47,4589.16,0.9999,0,1700205,9.374,0.7760,0.9986,0.9999,0.0001,0.2186,1700205
SmolLM2-135M,full-attention,lru,64,1073741824,15673981.19,15673981.19,15673981.19,61305.47,4589.16,1.0000,0,1726362,9.500,0.7668,1.0000,1.0000,0.0000,0.2200,1726362
SmolLM2-135M,sliding-window,lru,64,1073741824,15673981.19,15673981.19,15673981.19,61305.47,4589.16,0.9989,0,1726362,8.000,0.7518,0.8256,0.9989,0.0011,0.2444,1726362
SmolLM2-135M,recency+sinks,lru,64,1073741824,15673981.19,15673981.19,15673981.19,61305.47,4589.16,1.0000,0,1726362,9.000,0.7732,0.9553,1.0000,0.0000,0.2200,1726362
SmolLM2-135M,topk-attention-blocks,lru,64,1073741824,15673981.19,15673981.19,15673981.19,61305.47,4589.16,0.9979,0,1551982,7.290,0.9242,0.9249,0.9979,0.0021,0.2472,1551982
SmolLM2-135M,heavy-hitter-blocks,lru,64,1073741824,15673981.19,15673981.19,15673981.19,61305.47,4589.16,0.9979,0,1551982,7.944,0.8502,0.9271,0.9979,0.0021,0.2472,1551982
SmolLM2-135M,recency-frequency-hybrid,lru,64,1073741824,15673981.19,15673981.19,15673981.19,61305.47,4589.16,0.9989,0,1726362,8.828,0.7741,0.9380,0.9989,0.0011,0.2444,1726362
SmolLM2-135M,oracle,lru,64,1073741824,15673981.19,15673981.19,15673981.19,60964.88,4589.16,1.0000,0,0,7.284,1.0000,1.0000,1.0000,0.0000,0.0000,0
SmolLM2-135M,membrane-predictive,lru,64,1073741824,15673981.19,15673981.19,15673981.19,61305.47,4589.16,0.9999,0,1700205,9.374,0.7760,0.9986,0.9999,0.0001,0.2186,1700205
SmolLM2-135M,full-attention,lfu,64,1073741824,15673981.19,15673981.19,15673981.19,61305.47,4589.16,1.0000,0,1726362,9.500,0.7668,1.0000,1.0000,0.0000,0.2200,1726362
SmolLM2-135M,sliding-window,lfu,64,1073741824,15673981.19,15673981.19,15673981.19,61305.47,4589.16,0.9989,0,1726362,8.000,0.7518,0.8256,0.9989,0.0011,0.2444,1726362
SmolLM2-135M,recency+sinks,lfu,64,1073741824,15673981.19,15673981.19,15673981.19,61305.47,4589.16,1.0000,0,1726362,9.000,0.7732,0.9553,1.0000,0.0000,0.2200,1726362
SmolLM2-135M,topk-attention-blocks,lfu,64,1073741824,15673981.19,15673981.19,15673981.19,61305.47,4589.16,0.9979,0,1551982,7.290,0.9242,0.9249,0.9979,0.0021,0.2472,1551982
SmolLM2-135M,heavy-hitter-blocks,lfu,64,1073741824,15673981.19,15673981.19,15673981.19,61305.47,4589.16,0.9979,0,1551982,7.944,0.8502,0.9271,0.9979,0.0021,0.2472,1551982
SmolLM2-135M,recency-frequency-hybrid,lfu,64,1073741824,15673981.19,15673981.19,15673981.19,61305.47,4589.16,0.9989,0,1726362,8.828,0.7741,0.9380,0.9989,0.0011,0.2444,1726362
SmolLM2-135M,oracle,lfu,64,1073741824,15673981.19,15673981.19,15673981.19,60964.88,4589.16,1.0000,0,0,7.284,1.0000,1.0000,1.0000,0.0000,0.0000,0
SmolLM2-135M,membrane-predictive,lfu,64,1073741824,15673981.19,15673981.19,15673981.19,61305.47,4589.16,0.9999,0,1700205,9.374,0.7760,0.9986,0.9999,0.0001,0.2186,1700205
SmolLM2-135M,full-attention,attention-score-aware,64,1073741824,15673981.19,15673981.19,15673981.19,61305.47,4589.16,1.0000,0,1726362,9.500,0.7668,1.0000,1.0000,0.0000,0.2200,1726362
SmolLM2-135M,sliding-window,attention-score-aware,64,1073741824,15673981.19,15673981.19,15673981.19,61305.47,4589.16,0.9989,0,1726362,8.000,0.7518,0.8256,0.9989,0.0011,0.2444,1726362
SmolLM2-135M,recency+sinks,attention-score-aware,64,1073741824,15673981.19,15673981.19,15673981.19,61305.47,4589.16,1.0000,0,1726362,9.000,0.7732,0.9553,1.0000,0.0000,0.2200,1726362
SmolLM2-135M,topk-attention-blocks,attention-score-aware,64,1073741824,15673981.19,15673981.19,15673981.19,61305.47,4589.16,0.9979,0,1551982,7.290,0.9242,0.9249,0.9979,0.0021,0.2472,1551982
SmolLM2-135M,heavy-hitter-blocks,attention-score-aware,64,1073741824,15673981.19,15673981.19,15673981.19,61305.47,4589.16,0.9979,0,1551982,7.944,0.8502,0.9271,0.9979,0.0021,0.2472,1551982
SmolLM2-135M,recency-frequency-hybrid,attention-score-aware,64,1073741824,15673981.19,15673981.19,15673981.19,61305.47,4589.16,0.9989,0,1726362,8.828,0.7741,0.9380,0.9989,0.0011,0.2444,1726362
SmolLM2-135M,oracle,attention-score-aware,64,1073741824,15673981.19,15673981.19,15673981.19,60964.88,4589.16,1.0000,0,0,7.284,1.0000,1.0000,1.0000,0.0000,0.0000,0
SmolLM2-135M,membrane-predictive,attention-score-aware,64,1073741824,15673981.19,15673981.19,15673981.19,61305.47,4589.16,0.9999,0,1700205,9.374,0.7760,0.9986,0.9999,0.0001,0.2186,1700205
SmolLM2-135M,full-attention,segmented-lru,64,1073741824,15673981.19,15673981.19,15673981.19,61305.47,4589.16,1.0000,0,1726362,9.500,0.7668,1.0000,1.0000,0.0000,0.2200,1726362
SmolLM2-135M,sliding-window,segmented-lru,64,1073741824,15673981.19,15673981.19,15673981.19,61305.47,4589.16,0.9989,0,1726362,8.000,0.7518,0.8256,0.9989,0.0011,0.2444,1726362
SmolLM2-135M,recency+sinks,segmented-lru,64,1073741824,15673981.19,15673981.19,15673981.19,61305.47,4589.16,1.0000,0,1726362,9.000,0.7732,0.9553,1.0000,0.0000,0.2200,1726362
SmolLM2-135M,topk-attention-blocks,segmented-lru,64,1073741824,15673981.19,15673981.19,15673981.19,61305.47,4589.16,0.9979,0,1551982,7.290,0.9242,0.9249,0.9979,0.0021,0.2472,1551982
SmolLM2-135M,heavy-hitter-blocks,segmented-lru,64,1073741824,15673981.19,15673981.19,15673981.19,61305.47,4589.16,0.9979,0,1551982,7.944,0.8502,0.9271,0.9979,0.0021,0.2472,1551982
SmolLM2-135M,recency-frequency-hybrid,segmented-lru,64,1073741824,15673981.19,15673981.19,15673981.19,61305.47,4589.16,0.9989,0,1726362,8.828,0.7741,0.9380,0.9989,0.0011,0.2444,1726362
SmolLM2-135M,oracle,segmented-lru,64,1073741824,15673981.19,15673981.19,15673981.19,60964.88,4589.16,1.0000,0,0,7.284,1.0000,1.0000,1.0000,0.0000,0.0000,0
SmolLM2-135M,membrane-predictive,segmented-lru,64,1073741824,15673981.19,15673981.19,15673981.19,61305.47,4589.16,0.9999,0,1700205,9.374,0.7760,0.9986,0.9999,0.0001,0.2186,1700205
SmolLM2-135M,full-attention,lru,64,4294967296,15673981.19,15673981.19,15673981.19,61305.47,4589.16,1.0000,0,1726362,9.500,0.7668,1.0000,1.0000,0.0000,0.2200,1726362
SmolLM2-135M,sliding-window,lru,64,4294967296,15673981.19,15673981.19,15673981.19,61305.47,4589.16,0.9989,0,1726362,8.000,0.7518,0.8256,0.9989,0.0011,0.2444,1726362
SmolLM2-135M,recency+sinks,lru,64,4294967296,15673981.19,15673981.19,15673981.19,61305.47,4589.16,1.0000,0,1726362,9.000,0.7732,0.9553,1.0000,0.0000,0.2200,1726362
SmolLM2-135M,topk-attention-blocks,lru,64,4294967296,15673981.19,15673981.19,15673981.19,61305.47,4589.16,0.9979,0,1551982,7.290,0.9242,0.9249,0.9979,0.0021,0.2472,1551982
SmolLM2-135M,heavy-hitter-blocks,lru,64,4294967296,15673981.19,15673981.19,15673981.19,61305.47,4589.16,0.9979,0,1551982,7.944,0.8502,0.9271,0.9979,0.0021,0.2472,1551982
SmolLM2-135M,recency-frequency-hybrid,lru,64,4294967296,15673981.19,15673981.19,15673981.19,61305.47,4589.16,0.9989,0,1726362,8.828,0.7741,0.9380,0.9989,0.0011,0.2444,1726362
SmolLM2-135M,oracle,lru,64,4294967296,15673981.19,15673981.19,15673981.19,60964.88,4589.16,1.0000,0,0,7.284,1.0000,1.0000,1.0000,0.0000,0.0000,0
SmolLM2-135M,membrane-predictive,lru,64,4294967296,15673981.19,15673981.19,15673981.19,61305.47,4589.16,0.9999,0,1700205,9.374,0.7760,0.9986,0.9999,0.0001,0.2186,1700205
SmolLM2-135M,full-attention,lfu,64,4294967296,15673981.19,15673981.19,15673981.19,61305.47,4589.16,1.0000,0,1726362,9.500,0.7668,1.0000,1.0000,0.0000,0.2200,1726362
SmolLM2-135M,sliding-window,lfu,64,4294967296,15673981.19,15673981.19,15673981.19,61305.47,4589.16,0.9989,0,1726362,8.000,0.7518,0.8256,0.9989,0.0011,0.2444,1726362
SmolLM2-135M,recency+sinks,lfu,64,4294967296,15673981.19,15673981.19,15673981.19,61305.47,4589.16,1.0000,0,1726362,9.000,0.7732,0.9553,1.0000,0.0000,0.2200,1726362
SmolLM2-135M,topk-attention-blocks,lfu,64,4294967296,15673981.19,15673981.19,15673981.19,61305.47,4589.16,0.9979,0,1551982,7.290,0.9242,0.9249,0.9979,0.0021,0.2472,1551982
SmolLM2-135M,heavy-hitter-blocks,lfu,64,4294967296,15673981.19,15673981.19,15673981.19,61305.47,4589.16,0.9979,0,1551982,7.944,0.8502,0.9271,0.9979,0.0021,0.2472,1551982
SmolLM2-135M,recency-frequency-hybrid,lfu,64,4294967296,15673981.19,15673981.19,15673981.19,61305.47,4589.16,0.9989,0,1726362,8.828,0.7741,0.9380,0.9989,0.0011,0.2444,1726362
SmolLM2-135M,oracle,lfu,64,4294967296,15673981.19,15673981.19,15673981.19,60964.88,4589.16,1.0000,0,0,7.284,1.0000,1.0000,1.0000,0.0000,0.0000,0
SmolLM2-135M,membrane-predictive,lfu,64,4294967296,15673981.19,15673981.19,15673981.19,61305.47,4589.16,0.9999,0,1700205,9.374,0.7760,0.9986,0.9999,0.0001,0.2186,1700205
SmolLM2-135M,full-attention,attention-score-aware,64,4294967296,15673981.19,15673981.19,15673981.19,61305.47,4589.16,1.0000,0,1726362,9.500,0.7668,1.0000,1.0000,0.0000,0.2200,1726362
SmolLM2-135M,sliding-window,attention-score-aware,64,4294967296,15673981.19,15673981.19,15673981.19,61305.47,4589.16,0.9989,0,1726362,8.000,0.7518,0.8256,0.9989,0.0011,0.2444,1726362
SmolLM2-135M,recency+sinks,attention-score-aware,64,4294967296,15673981.19,15673981.19,15673981.19,61305.47,4589.16,1.0000,0,1726362,9.000,0.7732,0.9553,1.0000,0.0000,0.2200,1726362
SmolLM2-135M,topk-attention-blocks,attention-score-aware,64,4294967296,15673981.19,15673981.19,15673981.19,61305.47,4589.16,0.9979,0,1551982,7.290,0.9242,0.9249,0.9979,0.0021,0.2472,1551982
SmolLM2-135M,heavy-hitter-blocks,attention-score-aware,64,4294967296,15673981.19,15673981.19,15673981.19,61305.47,4589.16,0.9979,0,1551982,7.944,0.8502,0.9271,0.9979,0.0021,0.2472,1551982
SmolLM2-135M,recency-frequency-hybrid,attention-score-aware,64,4294967296,15673981.19,15673981.19,15673981.19,61305.47,4589.16,0.9989,0,1726362,8.828,0.7741,0.9380,0.9989,0.0011,0.2444,1726362
SmolLM2-135M,oracle,attention-score-aware,64,4294967296,15673981.19,15673981.19,15673981.19,60964.88,4589.16,1.0000,0,0,7.284,1.0000,1.0000,1.0000,0.0000,0.0000,0
SmolLM2-135M,membrane-predictive,attention-score-aware,64,4294967296,15673981.19,15673981.19,15673981.19,61305.47,4589.16,0.9999,0,1700205,9.374,0.7760,0.9986,0.9999,0.0001,0.2186,1700205
SmolLM2-135M,full-attention,segmented-lru,64,4294967296,15673981.19,15673981.19,15673981.19,61305.47,4589.16,1.0000,0,1726362,9.500,0.7668,1.0000,1.0000,0.0000,0.2200,1726362
SmolLM2-135M,sliding-window,segmented-lru,64,4294967296,15673981.19,15673981.19,15673981.19,61305.47,4589.16,0.9989,0,1726362,8.000,0.7518,0.8256,0.9989,0.0011,0.2444,1726362
SmolLM2-135M,recency+sinks,segmented-lru,64,4294967296,15673981.19,15673981.19,15673981.19,61305.47,4589.16,1.0000,0,1726362,9.000,0.7732,0.9553,1.0000,0.0000,0.2200,1726362
SmolLM2-135M,topk-attention-blocks,segmented-lru,64,4294967296,15673981.19,15673981.19,15673981.19,61305.47,4589.16,0.9979,0,1551982,7.290,0.9242,0.9249,0.9979,0.0021,0.2472,1551982
SmolLM2-135M,heavy-hitter-blocks,segmented-lru,64,4294967296,15673981.19,15673981.19,15673981.19,61305.47,4589.16,0.9979,0,1551982,7.944,0.8502,0.9271,0.9979,0.0021,0.2472,1551982
SmolLM2-135M,recency-frequency-hybrid,segmented-lru,64,4294967296,15673981.19,15673981.19,15673981.19,61305.47,4589.16,0.9989,0,1726362,8.828,0.7741,0.9380,0.9989,0.0011,0.2444,1726362
SmolLM2-135M,oracle,segmented-lru,64,4294967296,15673981.19,15673981.19,15673981.19,60964.88,4589.16,1.0000,0,0,7.284,1.0000,1.0000,1.0000,0.0000,0.0000,0
SmolLM2-135M,membrane-predictive,segmented-lru,64,4294967296,15673981.19,15673981.19,15673981.19,61305.47,4589.16,0.9999,0,1700205,9.374,0.7760,0.9986,0.9999,0.0001,0.2186,1700205
SmolLM2-135M,full-attention,lru,64,8589934592,15673981.19,15673981.19,15673981.19,61305.47,4589.16,1.0000,0,1726362,9.500,0.7668,1.0000,1.0000,0.0000,0.2200,1726362
SmolLM2-135M,sliding-window,lru,64,8589934592,15673981.19,15673981.19,15673981.19,61305.47,4589.16,0.9989,0,1726362,8.000,0.7518,0.8256,0.9989,0.0011,0.2444,1726362
SmolLM2-135M,recency+sinks,lru,64,8589934592,15673981.19,15673981.19,15673981.19,61305.47,4589.16,1.0000,0,1726362,9.000,0.7732,0.9553,1.0000,0.0000,0.2200,1726362
SmolLM2-135M,topk-attention-blocks,lru,64,8589934592,15673981.19,15673981.19,15673981.19,61305.47,4589.16,0.9979,0,1551982,7.290,0.9242,0.9249,0.9979,0.0021,0.2472,1551982
SmolLM2-135M,heavy-hitter-blocks,lru,64,8589934592,15673981.19,15673981.19,15673981.19,61305.47,4589.16,0.9979,0,1551982,7.944,0.8502,0.9271,0.9979,0.0021,0.2472,1551982
SmolLM2-135M,recency-frequency-hybrid,lru,64,8589934592,15673981.19,15673981.19,15673981.19,61305.47,4589.16,0.9989,0,1726362,8.828,0.7741,0.9380,0.9989,0.0011,0.2444,1726362
SmolLM2-135M,oracle,lru,64,8589934592,15673981.19,15673981.19,15673981.19,60964.88,4589.16,1.0000,0,0,7.284,1.0000,1.0000,1.0000,0.0000,0.0000,0
SmolLM2-135M,membrane-predictive,lru,64,8589934592,15673981.19,15673981.19,15673981.19,61305.47,4589.16,0.9999,0,1700205,9.374,0.7760,0.9986,0.9999,0.0001,0.2186,1700205
SmolLM2-135M,full-attention,lfu,64,8589934592,15673981.19,15673981.19,15673981.19,61305.47,4589.16,1.0000,0,1726362,9.500,0.7668,1.0000,1.0000,0.0000,0.2200,1726362
SmolLM2-135M,sliding-window,lfu,64,8589934592,15673981.19,15673981.19,15673981.19,61305.47,4589.16,0.9989,0,1726362,8.000,0.7518,0.8256,0.9989,0.0011,0.2444,1726362
SmolLM2-135M,recency+sinks,lfu,64,8589934592,15673981.19,15673981.19,15673981.19,61305.47,4589.16,1.0000,0,1726362,9.000,0.7732,0.9553,1.0000,0.0000,0.2200,1726362
SmolLM2-135M,topk-attention-blocks,lfu,64,8589934592,15673981.19,15673981.19,15673981.19,61305.47,4589.16,0.9979,0,1551982,7.290,0.9242,0.9249,0.9979,0.0021,0.2472,1551982
SmolLM2-135M,heavy-hitter-blocks,lfu,64,8589934592,15673981.19,15673981.19,15673981.19,61305.47,4589.16,0.9979,0,1551982,7.944,0.8502,0.9271,0.9979,0.0021,0.2472,1551982
SmolLM2-135M,recency-frequency-hybrid,lfu,64,8589934592,15673981.19,15673981.19,15673981.19,61305.47,4589.16,0.9989,0,1726362,8.828,0.7741,0.9380,0.9989,0.0011,0.2444,1726362
SmolLM2-135M,oracle,lfu,64,8589934592,15673981.19,15673981.19,15673981.19,60964.88,4589.16,1.0000,0,0,7.284,1.0000,1.0000,1.0000,0.0000,0.0000,0
SmolLM2-135M,membrane-predictive,lfu,64,8589934592,15673981.19,15673981.19,15673981.19,61305.47,4589.16,0.9999,0,1700205,9.374,0.7760,0.9986,0.9999,0.0001,0.2186,1700205
SmolLM2-135M,full-attention,attention-score-aware,64,8589934592,15673981.19,15673981.19,15673981.19,61305.47,4589.16,1.0000,0,1726362,9.500,0.7668,1.0000,1.0000,0.0000,0.2200,1726362
SmolLM2-135M,sliding-window,attention-score-aware,64,8589934592,15673981.19,15673981.19,15673981.19,61305.47,4589.16,0.9989,0,1726362,8.000,0.7518,0.8256,0.9989,0.0011,0.2444,1726362
SmolLM2-135M,recency+sinks,attention-score-aware,64,8589934592,15673981.19,15673981.19,15673981.19,61305.47,4589.16,1.0000,0,1726362,9.000,0.7732,0.9553,1.0000,0.0000,0.2200,1726362
SmolLM2-135M,topk-attention-blocks,attention-score-aware,64,8589934592,15673981.19,15673981.19,15673981.19,61305.47,4589.16,0.9979,0,1551982,7.290,0.9242,0.9249,0.9979,0.0021,0.2472,1551982
SmolLM2-135M,heavy-hitter-blocks,attention-score-aware,64,8589934592,15673981.19,15673981.19,15673981.19,61305.47,4589.16,0.9979,0,1551982,7.944,0.8502,0.9271,0.9979,0.0021,0.2472,1551982
SmolLM2-135M,recency-frequency-hybrid,attention-score-aware,64,8589934592,15673981.19,15673981.19,15673981.19,61305.47,4589.16,0.9989,0,1726362,8.828,0.7741,0.9380,0.9989,0.0011,0.2444,1726362
SmolLM2-135M,oracle,attention-score-aware,64,8589934592,15673981.19,15673981.19,15673981.19,60964.88,4589.16,1.0000,0,0,7.284,1.0000,1.0000,1.0000,0.0000,0.0000,0
SmolLM2-135M,membrane-predictive,attention-score-aware,64,8589934592,15673981.19,15673981.19,15673981.19,61305.47,4589.16,0.9999,0,1700205,9.374,0.7760,0.9986,0.9999,0.0001,0.2186,1700205
SmolLM2-135M,full-attention,segmented-lru,64,8589934592,15673981.19,15673981.19,15673981.19,61305.47,4589.16,1.0000,0,1726362,9.500,0.7668,1.0000,1.0000,0.0000,0.2200,1726362
SmolLM2-135M,sliding-window,segmented-lru,64,8589934592,15673981.19,15673981.19,15673981.19,61305.47,4589.16,0.9989,0,1726362,8.000,0.7518,0.8256,0.9989,0.0011,0.2444,1726362
SmolLM2-135M,recency+sinks,segmented-lru,64,8589934592,15673981.19,15673981.19,15673981.19,61305.47,4589.16,1.0000,0,1726362,9.000,0.7732,0.9553,1.0000,0.0000,0.2200,1726362
SmolLM2-135M,topk-attention-blocks,segmented-lru,64,8589934592,15673981.19,15673981.19,15673981.19,61305.47,4589.16,0.9979,0,1551982,7.290,0.9242,0.9249,0.9979,0.0021,0.2472,1551982
SmolLM2-135M,heavy-hitter-blocks,segmented-lru,64,8589934592,15673981.19,15673981.19,15673981.19,61305.47,4589.16,0.9979,0,1551982,7.944,0.8502,0.9271,0.9979,0.0021,0.2472,1551982
SmolLM2-135M,recency-frequency-hybrid,segmented-lru,64,8589934592,15673981.19,15673981.19,15673981.19,61305.47,4589.16,0.9989,0,1726362,8.828,0.7741,0.9380,0.9989,0.0011,0.2444,1726362
SmolLM2-135M,oracle,segmented-lru,64,8589934592,15673981.19,15673981.19,15673981.19,60964.88,4589.16,1.0000,0,0,7.284,1.0000,1.0000,1.0000,0.0000,0.0000,0
SmolLM2-135M,membrane-predictive,segmented-lru,64,8589934592,15673981.19,15673981.19,15673981.19,61305.47,4589.16,0.9999,0,1700205,9.374,0.7760,0.9986,0.9999,0.0001,0.2186,1700205
SmolLM2-135M,full-attention,lru,128,67108864,15673981.19,15673981.19,15673981.19,61305.47,2819.91,1.0000,0,1046280,5.000,0.8952,1.0000,1.0000,0.0000,0.1333,1046280
SmolLM2-135M,sliding-window,lru,128,67108864,15673981.19,15673981.19,15673981.19,61305.47,2819.91,0.9983,0,1046280,4.000,0.8757,0.7826,0.9983,0.0017,0.1667,1046280
SmolLM2-135M,recency+sinks,lru,128,67108864,15673981.19,15673981.19,15673981.19,61305.47,2819.91,1.0000,0,1046280,5.000,0.8952,1.0000,1.0000,0.0000,0.1333,1046280
SmolLM2-135M,topk-attention-blocks,lru,128,67108864,15673981.19,15673981.19,15673981.19,61305.47,2819.91,0.9983,0,1046280,4.473,0.9660,0.9653,0.9983,0.0017,0.1667,1046280
SmolLM2-135M,heavy-hitter-blocks,lru,128,67108864,15673981.19,15673981.19,15673981.19,61305.47,2819.91,0.9983,0,1046280,4.935,0.9044,0.9971,0.9983,0.0017,0.1667,1046280
SmolLM2-135M,recency-frequency-hybrid,lru,128,67108864,15673981.19,15673981.19,15673981.19,61305.47,2819.91,0.9983,0,1046280,4.859,0.8966,0.9733,0.9983,0.0017,0.1667,1046280
SmolLM2-135M,oracle,lru,128,67108864,15673981.19,15673981.19,15673981.19,61033.00,2819.91,1.0000,0,0,4.476,1.0000,1.0000,1.0000,0.0000,0.0000,0
SmolLM2-135M,membrane-predictive,lru,128,67108864,15673981.19,15673981.19,15673981.19,61305.47,2819.91,1.0000,0,1046280,4.999,0.8953,0.9999,1.0000,0.0000,0.1333,1046280
SmolLM2-135M,full-attention,lfu,128,67108864,15673981.19,15673981.19,15673981.19,61305.47,2819.91,1.0000,0,1046280,5.000,0.8952,1.0000,1.0000,0.0000,0.1333,1046280
SmolLM2-135M,sliding-window,lfu,128,67108864,15673981.19,15673981.19,15673981.19,61305.47,2819.91,0.9983,0,1046280,4.000,0.8757,0.7826,0.9983,0.0017,0.1667,1046280
SmolLM2-135M,recency+sinks,lfu,128,67108864,15673981.19,15673981.19,15673981.19,61305.47,2819.91,1.0000,0,1046280,5.000,0.8952,1.0000,1.0000,0.0000,0.1333,1046280
SmolLM2-135M,topk-attention-blocks,lfu,128,67108864,15673981.19,15673981.19,15673981.19,61305.47,2819.91,0.9983,0,1046280,4.473,0.9660,0.9653,0.9983,0.0017,0.1667,1046280
SmolLM2-135M,heavy-hitter-blocks,lfu,128,67108864,15673981.19,15673981.19,15673981.19,61305.47,2819.91,0.9983,0,1046280,4.935,0.9044,0.9971,0.9983,0.0017,0.1667,1046280
SmolLM2-135M,recency-frequency-hybrid,lfu,128,67108864,15673981.19,15673981.19,15673981.19,61305.47,2819.91,0.9983,0,1046280,4.859,0.8966,0.9733,0.9983,0.0017,0.1667,1046280
SmolLM2-135M,oracle,lfu,128,67108864,15673981.19,15673981.19,15673981.19,61033.00,2819.91,1.0000,0,0,4.476,1.0000,1.0000,1.0000,0.0000,0.0000,0
SmolLM2-135M,membrane-predictive,lfu,128,67108864,15673981.19,15673981.19,15673981.19,61305.47,2819.91,1.0000,0,1046280,4.999,0.8953,0.9999,1.0000,0.0000,0.1333,1046280
SmolLM2-135M,full-attention,attention-score-aware,128,67108864,15673981.19,15673981.19,15673981.19,61305.47,2819.91,1.0000,0,1046280,5.000,0.8952,1.0000,1.0000,0.0000,0.1333,1046280
SmolLM2-135M,sliding-window,attention-score-aware,128,67108864,15673981.19,15673981.19,15673981.19,61305.47,2819.91,0.9983,0,1046280,4.000,0.8757,0.7826,0.9983,0.0017,0.1667,1046280
SmolLM2-135M,recency+sinks,attention-score-aware,128,67108864,15673981.19,15673981.19,15673981.19,61305.47,2819.91,1.0000,0,1046280,5.000,0.8952,1.0000,1.0000,0.0000,0.1333,1046280
SmolLM2-135M,topk-attention-blocks,attention-score-aware,128,67108864,15673981.19,15673981.19,15673981.19,61305.47,2819.91,0.9983,0,1046280,4.473,0.9660,0.9653,0.9983,0.0017,0.1667,1046280
SmolLM2-135M,heavy-hitter-blocks,attention-score-aware,128,67108864,15673981.19,15673981.19,15673981.19,61305.47,2819.91,0.9983,0,1046280,4.935,0.9044,0.9971,0.9983,0.0017,0.1667,1046280
SmolLM2-135M,recency-frequency-hybrid,attention-score-aware,128,67108864,15673981.19,15673981.19,15673981.19,61305.47,2819.91,0.9983,0,1046280,4.859,0.8966,0.9733,0.9983,0.0017,0.1667,1046280
SmolLM2-135M,oracle,attention-score-aware,128,67108864,15673981.19,15673981.19,15673981.19,61033.00,2819.91,1.0000,0,0,4.476,1.0000,1.0000,1.0000,0.0000,0.0000,0
SmolLM2-135M,membrane-predictive,attention-score-aware,128,67108864,15673981.19,15673981.19,15673981.19,61305.47,2819.91,1.0000,0,1046280,4.999,0.8953,0.9999,1.0000,0.0000,0.1333,1046280
SmolLM2-135M,full-attention,segmented-lru,128,67108864,15673981.19,15673981.19,15673981.19,61305.47,2819.91,1.0000,0,1046280,5.000,0.8952,1.0000,1.0000,0.0000,0.1333,1046280
SmolLM2-135M,sliding-window,segmented-lru,128,67108864,15673981.19,15673981.19,15673981.19,61305.47,2819.91,0.9983,0,1046280,4.000,0.8757,0.7826,0.9983,0.0017,0.1667,1046280
SmolLM2-135M,recency+sinks,segmented-lru,128,67108864,15673981.19,15673981.19,15673981.19,61305.47,2819.91,1.0000,0,1046280,5.000,0.8952,1.0000,1.0000,0.0000,0.1333,1046280
SmolLM2-135M,topk-attention-blocks,segmented-lru,128,67108864,15673981.19,15673981.19,15673981.19,61305.47,2819.91,0.9983,0,1046280,4.473,0.9660,0.9653,0.9983,0.0017,0.1667,1046280
SmolLM2-135M,heavy-hitter-blocks,segmented-lru,128,67108864,15673981.19,15673981.19,15673981.19,61305.47,2819.91,0.9983,0,1046280,4.935,0.9044,0.9971,0.9983,0.0017,0.1667,1046280
SmolLM2-135M,recency-frequency-hybrid,segmented-lru,128,67108864,15673981.19,15673981.19,15673981.19,61305.47,2819.91,0.9983,0,1046280,4.859,0.8966,0.9733,0.9983,0.0017,0.1667,1046280
SmolLM2-135M,oracle,segmented-lru,128,67108864,15673981.19,15673981.19,15673981.19,61033.00,2819.91,1.0000,0,0,4.476,1.0000,1.0000,1.0000,0.0000,0.0000,0
SmolLM2-135M,membrane-predictive,segmented-lru,128,67108864,15673981.19,15673981.19,15673981.19,61305.47,2819.91,1.0000,0,1046280,4.999,0.8953,0.9999,1.0000,0.0000,0.1333,1046280
SmolLM2-135M,full-attention,lru,128,268435456,15673981.19,15673981.19,15673981.19,61305.47,2819.91,1.0000,0,1046280,5.000,0.8952,1.0000,1.0000,0.0000,0.1333,1046280
SmolLM2-135M,sliding-window,lru,128,268435456,15673981.19,15673981.19,15673981.19,61305.47,2819.91,0.9983,0,1046280,4.000,0.8757,0.7826,0.9983,0.0017,0.1667,1046280
SmolLM2-135M,recency+sinks,lru,128,268435456,15673981.19,15673981.19,15673981.19,61305.47,2819.91,1.0000,0,1046280,5.000,0.8952,1.0000,1.0000,0.0000,0.1333,1046280
SmolLM2-135M,topk-attention-blocks,lru,128,268435456,15673981.19,15673981.19,15673981.19,61305.47,2819.91,0.9983,0,1046280,4.473,0.9660,0.9653,0.9983,0.0017,0.1667,1046280
SmolLM2-135M,heavy-hitter-blocks,lru,128,268435456,15673981.19,15673981.19,15673981.19,61305.47,2819.91,0.9983,0,1046280,4.935,0.9044,0.9971,0.9983,0.0017,0.1667,1046280
SmolLM2-135M,recency-frequency-hybrid,lru,128,268435456,15673981.19,15673981.19,15673981.19,61305.47,2819.91,0.9983,0,1046280,4.859,0.8966,0.9733,0.9983,0.0017,0.1667,1046280
SmolLM2-135M,oracle,lru,128,268435456,15673981.19,15673981.19,15673981.19,61033.00,2819.91,1.0000,0,0,4.476,1.0000,1.0000,1.0000,0.0000,0.0000,0
SmolLM2-135M,membrane-predictive,lru,128,268435456,15673981.19,15673981.19,15673981.19,61305.47,2819.91,1.0000,0,1046280,4.999,0.8953,0.9999,1.0000,0.0000,0.1333,1046280
SmolLM2-135M,full-attention,lfu,128,268435456,15673981.19,15673981.19,15673981.19,61305.47,2819.91,1.0000,0,1046280,5.000,0.8952,1.0000,1.0000,0.0000,0.1333,1046280
SmolLM2-135M,sliding-window,lfu,128,268435456,15673981.19,15673981.19,15673981.19,61305.47,2819.91,0.9983,0,1046280,4.000,0.8757,0.7826,0.9983,0.0017,0.1667,1046280
SmolLM2-135M,recency+sinks,lfu,128,268435456,15673981.19,15673981.19,15673981.19,61305.47,2819.91,1.0000,0,1046280,5.000,0.8952,1.0000,1.0000,0.0000,0.1333,1046280
SmolLM2-135M,topk-attention-blocks,lfu,128,268435456,15673981.19,15673981.19,15673981.19,61305.47,2819.91,0.9983,0,1046280,4.473,0.9660,0.9653,0.9983,0.0017,0.1667,1046280
SmolLM2-135M,heavy-hitter-blocks,lfu,128,268435456,15673981.19,15673981.19,15673981.19,61305.47,2819.91,0.9983,0,1046280,4.935,0.9044,0.9971,0.9983,0.0017,0.1667,1046280
SmolLM2-135M,recency-frequency-hybrid,lfu,128,268435456,15673981.19,15673981.19,15673981.19,61305.47,2819.91,0.9983,0,1046280,4.859,0.8966,0.9733,0.9983,0.0017,0.1667,1046280
SmolLM2-135M,oracle,lfu,128,268435456,15673981.19,15673981.19,15673981.19,61033.00,2819.91,1.0000,0,0,4.476,1.0000,1.0000,1.0000,0.0000,0.0000,0
SmolLM2-135M,membrane-predictive,lfu,128,268435456,15673981.19,15673981.19,15673981.19,61305.47,2819.91,1.0000,0,1046280,4.999,0.8953,0.9999,1.0000,0.0000,0.1333,1046280
SmolLM2-135M,full-attention,attention-score-aware,128,268435456,15673981.19,15673981.19,15673981.19,61305.47,2819.91,1.0000,0,1046280,5.000,0.8952,1.0000,1.0000,0.0000,0.1333,1046280
SmolLM2-135M,sliding-window,attention-score-aware,128,268435456,15673981.19,15673981.19,15673981.19,61305.47,2819.91,0.9983,0,1046280,4.000,0.8757,0.7826,0.9983,0.0017,0.1667,1046280
SmolLM2-135M,recency+sinks,attention-score-aware,128,268435456,15673981.19,15673981.19,15673981.19,61305.47,2819.91,1.0000,0,1046280,5.000,0.8952,1.0000,1.0000,0.0000,0.1333,1046280
SmolLM2-135M,topk-attention-blocks,attention-score-aware,128,268435456,15673981.19,15673981.19,15673981.19,61305.47,2819.91,0.9983,0,1046280,4.473,0.9660,0.9653,0.9983,0.0017,0.1667,1046280
SmolLM2-135M,heavy-hitter-blocks,attention-score-aware,128,268435456,15673981.19,15673981.19,15673981.19,61305.47,2819.91,0.9983,0,1046280,4.935,0.9044,0.9971,0.9983,0.0017,0.1667,1046280
SmolLM2-135M,recency-frequency-hybrid,attention-score-aware,128,268435456,15673981.19,15673981.19,15673981.19,61305.47,2819.91,0.9983,0,1046280,4.859,0.8966,0.9733,0.9983,0.0017,0.1667,1046280
SmolLM2-135M,oracle,attention-score-aware,128,268435456,15673981.19,15673981.19,15673981.19,61033.00,2819.91,1.0000,0,0,4.476,1.0000,1.0000,1.0000,0.0000,0.0000,0
SmolLM2-135M,membrane-predictive,attention-score-aware,128,268435456,15673981.19,15673981.19,15673981.19,61305.47,2819.91,1.0000,0,1046280,4.999,0.8953,0.9999,1.0000,0.0000,0.1333,1046280
SmolLM2-135M,full-attention,segmented-lru,128,268435456,15673981.19,15673981.19,15673981.19,61305.47,2819.91,1.0000,0,1046280,5.000,0.8952,1.0000,1.0000,0.0000,0.1333,1046280
SmolLM2-135M,sliding-window,segmented-lru,128,268435456,15673981.19,15673981.19,15673981.19,61305.47,2819.91,0.9983,0,1046280,4.000,0.8757,0.7826,0.9983,0.0017,0.1667,1046280
SmolLM2-135M,recency+sinks,segmented-lru,128,268435456,15673981.19,15673981.19,15673981.19,61305.47,2819.91,1.0000,0,1046280,5.000,0.8952,1.0000,1.0000,0.0000,0.1333,1046280
SmolLM2-135M,topk-attention-blocks,segmented-lru,128,268435456,15673981.19,15673981.19,15673981.19,61305.47,2819.91,0.9983,0,1046280,4.473,0.9660,0.9653,0.9983,0.0017,0.1667,1046280
SmolLM2-135M,heavy-hitter-blocks,segmented-lru,128,268435456,15673981.19,15673981.19,15673981.19,61305.47,2819.91,0.9983,0,1046280,4.935,0.9044,0.9971,0.9983,0.0017,0.1667,1046280
SmolLM2-135M,recency-frequency-hybrid,segmented-lru,128,268435456,15673981.19,15673981.19,15673981.19,61305.47,2819.91,0.9983,0,1046280,4.859,0.8966,0.9733,0.9983,0.0017,0.1667,1046280
SmolLM2-135M,oracle,segmented-lru,128,268435456,15673981.19,15673981.19,15673981.19,61033.00,2819.91,1.0000,0,0,4.476,1.0000,1.0000,1.0000,0.0000,0.0000,0
SmolLM2-135M,membrane-predictive,segmented-lru,128,268435456,15673981.19,15673981.19,15673981.19,61305.47,2819.91,1.0000,0,1046280,4.999,0.8953,0.9999,1.0000,0.0000,0.1333,1046280
SmolLM2-135M,full-attention,lru,128,1073741824,15673981.19,15673981.19,15673981.19,61305.47,2819.91,1.0000,0,1046280,5.000,0.8952,1.0000,1.0000,0.0000,0.1333,1046280
SmolLM2-135M,sliding-window,lru,128,1073741824,15673981.19,15673981.19,15673981.19,61305.47,2819.91,0.9983,0,1046280,4.000,0.8757,0.7826,0.9983,0.0017,0.1667,1046280
SmolLM2-135M,recency+sinks,lru,128,1073741824,15673981.19,15673981.19,15673981.19,61305.47,2819.91,1.0000,0,1046280,5.000,0.8952,1.0000,1.0000,0.0000,0.1333,1046280
SmolLM2-135M,topk-attention-blocks,lru,128,1073741824,15673981.19,15673981.19,15673981.19,61305.47,2819.91,0.9983,0,1046280,4.473,0.9660,0.9653,0.9983,0.0017,0.1667,1046280
SmolLM2-135M,heavy-hitter-blocks,lru,128,1073741824,15673981.19,15673981.19,15673981.19,61305.47,2819.91,0.9983,0,1046280,4.935,0.9044,0.9971,0.9983,0.0017,0.1667,1046280
SmolLM2-135M,recency-frequency-hybrid,lru,128,1073741824,15673981.19,15673981.19,15673981.19,61305.47,2819.91,0.9983,0,1046280,4.859,0.8966,0.9733,0.9983,0.0017,0.1667,1046280
SmolLM2-135M,oracle,lru,128,1073741824,15673981.19,15673981.19,15673981.19,61033.00,2819.91,1.0000,0,0,4.476,1.0000,1.0000,1.0000,0.0000,0.0000,0
SmolLM2-135M,membrane-predictive,lru,128,1073741824,15673981.19,15673981.19,15673981.19,61305.47,2819.91,1.0000,0,1046280,4.999,0.8953,0.9999,1.0000,0.0000,0.1333,1046280
SmolLM2-135M,full-attention,lfu,128,1073741824,15673981.19,15673981.19,15673981.19,61305.47,2819.91,1.0000,0,1046280,5.000,0.8952,1.0000,1.0000,0.0000,0.1333,1046280
SmolLM2-135M,sliding-window,lfu,128,1073741824,15673981.19,15673981.19,15673981.19,61305.47,2819.91,0.9983,0,1046280,4.000,0.8757,0.7826,0.9983,0.0017,0.1667,1046280
SmolLM2-135M,recency+sinks,lfu,128,1073741824,15673981.19,15673981.19,15673981.19,61305.47,2819.91,1.0000,0,1046280,5.000,0.8952,1.0000,1.0000,0.0000,0.1333,1046280
SmolLM2-135M,topk-attention-blocks,lfu,128,1073741824,15673981.19,15673981.19,15673981.19,61305.47,2819.91,0.9983,0,1046280,4.473,0.9660,0.9653,0.9983,0.0017,0.1667,1046280
SmolLM2-135M,heavy-hitter-blocks,lfu,128,1073741824,15673981.19,15673981.19,15673981.19,61305.47,2819.91,0.9983,0,1046280,4.935,0.9044,0.9971,0.9983,0.0017,0.1667,1046280
SmolLM2-135M,recency-frequency-hybrid,lfu,128,1073741824,15673981.19,15673981.19,15673981.19,61305.47,2819.91,0.9983,0,1046280,4.859,0.8966,0.9733,0.9983,0.0017,0.1667,1046280
SmolLM2-135M,oracle,lfu,128,1073741824,15673981.19,15673981.19,15673981.19,61033.00,2819.91,1.0000,0,0,4.476,1.0000,1.0000,1.0000,0.0000,0.0000,0
SmolLM2-135M,membrane-predictive,lfu,128,1073741824,15673981.19,15673981.19,15673981.19,61305.47,2819.91,1.0000,0,1046280,4.999,0.8953,0.9999,1.0000,0.0000,0.1333,1046280
SmolLM2-135M,full-attention,attention-score-aware,128,1073741824,15673981.19,15673981.19,15673981.19,61305.47,2819.91,1.0000,0,1046280,5.000,0.8952,1.0000,1.0000,0.0000,0.1333,1046280
SmolLM2-135M,sliding-window,attention-score-aware,128,1073741824,15673981.19,15673981.19,15673981.19,61305.47,2819.91,0.9983,0,1046280,4.000,0.8757,0.7826,0.9983,0.0017,0.1667,1046280
SmolLM2-135M,recency+sinks,attention-score-aware,128,1073741824,15673981.19,15673981.19,15673981.19,61305.47,2819.91,1.0000,0,1046280,5.000,0.8952,1.0000,1.0000,0.0000,0.1333,1046280
SmolLM2-135M,topk-attention-blocks,attention-score-aware,128,1073741824,15673981.19,15673981.19,15673981.19,61305.47,2819.91,0.9983,0,1046280,4.473,0.9660,0.9653,0.9983,0.0017,0.1667,1046280
SmolLM2-135M,heavy-hitter-blocks,attention-score-aware,128,1073741824,15673981.19,15673981.19,15673981.19,61305.47,2819.91,0.9983,0,1046280,4.935,0.9044,0.9971,0.9983,0.0017,0.1667,1046280
SmolLM2-135M,recency-frequency-hybrid,attention-score-aware,128,1073741824,15673981.19,15673981.19,15673981.19,61305.47,2819.91,0.9983,0,1046280,4.859,0.8966,0.9733,0.9983,0.0017,0.1667,1046280
SmolLM2-135M,oracle,attention-score-aware,128,1073741824,15673981.19,15673981.19,15673981.19,61033.00,2819.91,1.0000,0,0,4.476,1.0000,1.0000,1.0000,0.0000,0.0000,0
SmolLM2-135M,membrane-predictive,attention-score-aware,128,1073741824,15673981.19,15673981.19,15673981.19,61305.47,2819.91,1.0000,0,1046280,4.999,0.8953,0.9999,1.0000,0.0000,0.1333,1046280
SmolLM2-135M,full-attention,segmented-lru,128,1073741824,15673981.19,15673981.19,15673981.19,61305.47,2819.91,1.0000,0,1046280,5.000,0.8952,1.0000,1.0000,0.0000,0.1333,1046280
SmolLM2-135M,sliding-window,segmented-lru,128,1073741824,15673981.19,15673981.19,15673981.19,61305.47,2819.91,0.9983,0,1046280,4.000,0.8757,0.7826,0.9983,0.0017,0.1667,1046280
SmolLM2-135M,recency+sinks,segmented-lru,128,1073741824,15673981.19,15673981.19,15673981.19,61305.47,2819.91,1.0000,0,1046280,5.000,0.8952,1.0000,1.0000,0.0000,0.1333,1046280
SmolLM2-135M,topk-attention-blocks,segmented-lru,128,1073741824,15673981.19,15673981.19,15673981.19,61305.47,2819.91,0.9983,0,1046280,4.473,0.9660,0.9653,0.9983,0.0017,0.1667,1046280
SmolLM2-135M,heavy-hitter-blocks,segmented-lru,128,1073741824,15673981.19,15673981.19,15673981.19,61305.47,2819.91,0.9983,0,1046280,4.935,0.9044,0.9971,0.9983,0.0017,0.1667,1046280
SmolLM2-135M,recency-frequency-hybrid,segmented-lru,128,1073741824,15673981.19,15673981.19,15673981.19,61305.47,2819.91,0.9983,0,1046280,4.859,0.8966,0.9733,0.9983,0.0017,0.1667,1046280
SmolLM2-135M,oracle,segmented-lru,128,1073741824,15673981.19,15673981.19,15673981.19,61033.00,2819.91,1.0000,0,0,4.476,1.0000,1.0000,1.0000,0.0000,0.0000,0
SmolLM2-135M,membrane-predictive,segmented-lru,128,1073741824,15673981.19,15673981.19,15673981.19,61305.47,2819.91,1.0000,0,1046280,4.999,0.8953,0.9999,1.0000,0.0000,0.1333,1046280
SmolLM2-135M,full-attention,lru,128,4294967296,15673981.19,15673981.19,15673981.19,61305.47,2819.91,1.0000,0,1046280,5.000,0.8952,1.0000,1.0000,0.0000,0.1333,1046280
SmolLM2-135M,sliding-window,lru,128,4294967296,15673981.19,15673981.19,15673981.19,61305.47,2819.91,0.9983,0,1046280,4.000,0.8757,0.7826,0.9983,0.0017,0.1667,1046280
SmolLM2-135M,recency+sinks,lru,128,4294967296,15673981.19,15673981.19,15673981.19,61305.47,2819.91,1.0000,0,1046280,5.000,0.8952,1.0000,1.0000,0.0000,0.1333,1046280
SmolLM2-135M,topk-attention-blocks,lru,128,4294967296,15673981.19,15673981.19,15673981.19,61305.47,2819.91,0.9983,0,1046280,4.473,0.9660,0.9653,0.9983,0.0017,0.1667,1046280
SmolLM2-135M,heavy-hitter-blocks,lru,128,4294967296,15673981.19,15673981.19,15673981.19,61305.47,2819.91,0.9983,0,1046280,4.935,0.9044,0.9971,0.9983,0.0017,0.1667,1046280
SmolLM2-135M,recency-frequency-hybrid,lru,128,4294967296,15673981.19,15673981.19,15673981.19,61305.47,2819.91,0.9983,0,1046280,4.859,0.8966,0.9733,0.9983,0.0017,0.1667,1046280
SmolLM2-135M,oracle,lru,128,4294967296,15673981.19,15673981.19,15673981.19,61033.00,2819.91,1.0000,0,0,4.476,1.0000,1.0000,1.0000,0.0000,0.0000,0
SmolLM2-135M,membrane-predictive,lru,128,4294967296,15673981.19,15673981.19,15673981.19,61305.47,2819.91,1.0000,0,1046280,4.999,0.8953,0.9999,1.0000,0.0000,0.1333,1046280
SmolLM2-135M,full-attention,lfu,128,4294967296,15673981.19,15673981.19,15673981.19,61305.47,2819.91,1.0000,0,1046280,5.000,0.8952,1.0000,1.0000,0.0000,0.1333,1046280
SmolLM2-135M,sliding-window,lfu,128,4294967296,15673981.19,15673981.19,15673981.19,61305.47,2819.91,0.9983,0,1046280,4.000,0.8757,0.7826,0.9983,0.0017,0.1667,1046280
SmolLM2-135M,recency+sinks,lfu,128,4294967296,15673981.19,15673981.19,15673981.19,61305.47,2819.91,1.0000,0,1046280,5.000,0.8952,1.0000,1.0000,0.0000,0.1333,1046280
SmolLM2-135M,topk-attention-blocks,lfu,128,4294967296,15673981.19,15673981.19,15673981.19,61305.47,2819.91,0.9983,0,1046280,4.473,0.9660,0.9653,0.9983,0.0017,0.1667,1046280
SmolLM2-135M,heavy-hitter-blocks,lfu,128,4294967296,15673981.19,15673981.19,15673981.19,61305.47,2819.91,0.9983,0,1046280,4.935,0.9044,0.9971,0.9983,0.0017,0.1667,1046280
SmolLM2-135M,recency-frequency-hybrid,lfu,128,4294967296,15673981.19,15673981.19,15673981.19,61305.47,2819.91,0.9983,0,1046280,4.859,0.8966,0.9733,0.9983,0.0017,0.1667,1046280
SmolLM2-135M,oracle,lfu,128,4294967296,15673981.19,15673981.19,15673981.19,61033.00,2819.91,1.0000,0,0,4.476,1.0000,1.0000,1.0000,0.0000,0.0000,0
SmolLM2-135M,membrane-predictive,lfu,128,4294967296,15673981.19,15673981.19,15673981.19,61305.47,2819.91,1.0000,0,1046280,4.999,0.8953,0.9999,1.0000,0.0000,0.1333,1046280
SmolLM2-135M,full-attention,attention-score-aware,128,4294967296,15673981.19,15673981.19,15673981.19,61305.47,2819.91,1.0000,0,1046280,5.000,0.8952,1.0000,1.0000,0.0000,0.1333,1046280
SmolLM2-135M,sliding-window,attention-score-aware,128,4294967296,15673981.19,15673981.19,15673981.19,61305.47,2819.91,0.9983,0,1046280,4.000,0.8757,0.7826,0.9983,0.0017,0.1667,1046280
SmolLM2-135M,recency+sinks,attention-score-aware,128,4294967296,15673981.19,15673981.19,15673981.19,61305.47,2819.91,1.0000,0,1046280,5.000,0.8952,1.0000,1.0000,0.0000,0.1333,1046280
SmolLM2-135M,topk-attention-blocks,attention-score-aware,128,4294967296,15673981.19,15673981.19,15673981.19,61305.47,2819.91,0.9983,0,1046280,4.473,0.9660,0.9653,0.9983,0.0017,0.1667,1046280
SmolLM2-135M,heavy-hitter-blocks,attention-score-aware,128,4294967296,15673981.19,15673981.19,15673981.19,61305.47,2819.91,0.9983,0,1046280,4.935,0.9044,0.9971,0.9983,0.0017,0.1667,1046280
SmolLM2-135M,recency-frequency-hybrid,attention-score-aware,128,4294967296,15673981.19,15673981.19,15673981.19,61305.47,2819.91,0.9983,0,1046280,4.859,0.8966,0.9733,0.9983,0.0017,0.1667,1046280
SmolLM2-135M,oracle,attention-score-aware,128,4294967296,15673981.19,15673981.19,15673981.19,61033.00,2819.91,1.0000,0,0,4.476,1.0000,1.0000,1.0000,0.0000,0.0000,0
SmolLM2-135M,membrane-predictive,attention-score-aware,128,4294967296,15673981.19,15673981.19,15673981.19,61305.47,2819.91,1.0000,0,1046280,4.999,0.8953,0.9999,1.0000,0.0000,0.1333,1046280
SmolLM2-135M,full-attention,segmented-lru,128,4294967296,15673981.19,15673981.19,15673981.19,61305.47,2819.91,1.0000,0,1046280,5.000,0.8952,1.0000,1.0000,0.0000,0.1333,1046280
SmolLM2-135M,sliding-window,segmented-lru,128,4294967296,15673981.19,15673981.19,15673981.19,61305.47,2819.91,0.9983,0,1046280,4.000,0.8757,0.7826,0.9983,0.0017,0.1667,1046280
SmolLM2-135M,recency+sinks,segmented-lru,128,4294967296,15673981.19,15673981.19,15673981.19,61305.47,2819.91,1.0000,0,1046280,5.000,0.8952,1.0000,1.0000,0.0000,0.1333,1046280
SmolLM2-135M,topk-attention-blocks,segmented-lru,128,4294967296,15673981.19,15673981.19,15673981.19,61305.47,2819.91,0.9983,0,1046280,4.473,0.9660,0.9653,0.9983,0.0017,0.1667,1046280
SmolLM2-135M,heavy-hitter-blocks,segmented-lru,128,4294967296,15673981.19,15673981.19,15673981.19,61305.47,2819.91,0.9983,0,1046280,4.935,0.9044,0.9971,0.9983,0.0017,0.1667,1046280
SmolLM2-135M,recency-frequency-hybrid,segmented-lru,128,4294967296,15673981.19,15673981.19,15673981.19,61305.47,2819.91,0.9983,0,1046280,4.859,0.8966,0.9733,0.9983,0.0017,0.1667,1046280
SmolLM2-135M,oracle,segmented-lru,128,4294967296,15673981.19,15673981.19,15673981.19,61033.00,2819.91,1.0000,0,0,4.476,1.0000,1.0000,1.0000,0.0000,0.0000,0
SmolLM2-135M,membrane-predictive,segmented-lru,128,4294967296,15673981.19,15673981.19,15673981.19,61305.47,2819.91,1.0000,0,1046280,4.999,0.8953,0.9999,1.0000,0.0000,0.1333,1046280
SmolLM2-135M,full-attention,lru,128,8589934592,15673981.19,15673981.19,15673981.19,61305.47,2819.91,1.0000,0,1046280,5.000,0.8952,1.0000,1.0000,0.0000,0.1333,1046280
SmolLM2-135M,sliding-window,lru,128,8589934592,15673981.19,15673981.19,15673981.19,61305.47,2819.91,0.9983,0,1046280,4.000,0.8757,0.7826,0.9983,0.0017,0.1667,1046280
SmolLM2-135M,recency+sinks,lru,128,8589934592,15673981.19,15673981.19,15673981.19,61305.47,2819.91,1.0000,0,1046280,5.000,0.8952,1.0000,1.0000,0.0000,0.1333,1046280
SmolLM2-135M,topk-attention-blocks,lru,128,8589934592,15673981.19,15673981.19,15673981.19,61305.47,2819.91,0.9983,0,1046280,4.473,0.9660,0.9653,0.9983,0.0017,0.1667,1046280
SmolLM2-135M,heavy-hitter-blocks,lru,128,8589934592,15673981.19,15673981.19,15673981.19,61305.47,2819.91,0.9983,0,1046280,4.935,0.9044,0.9971,0.9983,0.0017,0.1667,1046280
SmolLM2-135M,recency-frequency-hybrid,lru,128,8589934592,15673981.19,15673981.19,15673981.19,61305.47,2819.91,0.9983,0,1046280,4.859,0.8966,0.9733,0.9983,0.0017,0.1667,1046280
SmolLM2-135M,oracle,lru,128,8589934592,15673981.19,15673981.19,15673981.19,61033.00,2819.91,1.0000,0,0,4.476,1.0000,1.0000,1.0000,0.0000,0.0000,0
SmolLM2-135M,membrane-predictive,lru,128,8589934592,15673981.19,15673981.19,15673981.19,61305.47,2819.91,1.0000,0,1046280,4.999,0.8953,0.9999,1.0000,0.0000,0.1333,1046280
SmolLM2-135M,full-attention,lfu,128,8589934592,15673981.19,15673981.19,15673981.19,61305.47,2819.91,1.0000,0,1046280,5.000,0.8952,1.0000,1.0000,0.0000,0.1333,1046280
SmolLM2-135M,sliding-window,lfu,128,8589934592,15673981.19,15673981.19,15673981.19,61305.47,2819.91,0.9983,0,1046280,4.000,0.8757,0.7826,0.9983,0.0017,0.1667,1046280
SmolLM2-135M,recency+sinks,lfu,128,8589934592,15673981.19,15673981.19,15673981.19,61305.47,2819.91,1.0000,0,1046280,5.000,0.8952,1.0000,1.0000,0.0000,0.1333,1046280
SmolLM2-135M,topk-attention-blocks,lfu,128,8589934592,15673981.19,15673981.19,15673981.19,61305.47,2819.91,0.9983,0,1046280,4.473,0.9660,0.9653,0.9983,0.0017,0.1667,1046280
SmolLM2-135M,heavy-hitter-blocks,lfu,128,8589934592,15673981.19,15673981.19,15673981.19,61305.47,2819.91,0.9983,0,1046280,4.935,0.9044,0.9971,0.9983,0.0017,0.1667,1046280
SmolLM2-135M,recency-frequency-hybrid,lfu,128,8589934592,15673981.19,15673981.19,15673981.19,61305.47,2819.91,0.9983,0,1046280,4.859,0.8966,0.9733,0.9983,0.0017,0.1667,1046280
SmolLM2-135M,oracle,lfu,128,8589934592,15673981.19,15673981.19,15673981.19,61033.00,2819.91,1.0000,0,0,4.476,1.0000,1.0000,1.0000,0.0000,0.0000,0
SmolLM2-135M,membrane-predictive,lfu,128,8589934592,15673981.19,15673981.19,15673981.19,61305.47,2819.91,1.0000,0,1046280,4.999,0.8953,0.9999,1.0000,0.0000,0.1333,1046280
SmolLM2-135M,full-attention,attention-score-aware,128,8589934592,15673981.19,15673981.19,15673981.19,61305.47,2819.91,1.0000,0,1046280,5.000,0.8952,1.0000,1.0000,0.0000,0.1333,1046280
SmolLM2-135M,sliding-window,attention-score-aware,128,8589934592,15673981.19,15673981.19,15673981.19,61305.47,2819.91,0.9983,0,1046280,4.000,0.8757,0.7826,0.9983,0.0017,0.1667,1046280
SmolLM2-135M,recency+sinks,attention-score-aware,128,8589934592,15673981.19,15673981.19,15673981.19,61305.47,2819.91,1.0000,0,1046280,5.000,0.8952,1.0000,1.0000,0.0000,0.1333,1046280
SmolLM2-135M,topk-attention-blocks,attention-score-aware,128,8589934592,15673981.19,15673981.19,15673981.19,61305.47,2819.91,0.9983,0,1046280,4.473,0.9660,0.9653,0.9983,0.0017,0.1667,1046280
SmolLM2-135M,heavy-hitter-blocks,attention-score-aware,128,8589934592,15673981.19,15673981.19,15673981.19,61305.47,2819.91,0.9983,0,1046280,4.935,0.9044,0.9971,0.9983,0.0017,0.1667,1046280
SmolLM2-135M,recency-frequency-hybrid,attention-score-aware,128,8589934592,15673981.19,15673981.19,15673981.19,61305.47,2819.91,0.9983,0,1046280,4.859,0.8966,0.9733,0.9983,0.0017,0.1667,1046280
SmolLM2-135M,oracle,attention-score-aware,128,8589934592,15673981.19,15673981.19,15673981.19,61033.00,2819.91,1.0000,0,0,4.476,1.0000,1.0000,1.0000,0.0000,0.0000,0
SmolLM2-135M,membrane-predictive,attention-score-aware,128,8589934592,15673981.19,15673981.19,15673981.19,61305.47,2819.91,1.0000,0,1046280,4.999,0.8953,0.9999,1.0000,0.0000,0.1333,1046280
SmolLM2-135M,full-attention,segmented-lru,128,8589934592,15673981.19,15673981.19,15673981.19,61305.47,2819.91,1.0000,0,1046280,5.000,0.8952,1.0000,1.0000,0.0000,0.1333,1046280
SmolLM2-135M,sliding-window,segmented-lru,128,8589934592,15673981.19,15673981.19,15673981.19,61305.47,2819.91,0.9983,0,1046280,4.000,0.8757,0.7826,0.9983,0.0017,0.1667,1046280
SmolLM2-135M,recency+sinks,segmented-lru,128,8589934592,15673981.19,15673981.19,15673981.19,61305.47,2819.91,1.0000,0,1046280,5.000,0.8952,1.0000,1.0000,0.0000,0.1333,1046280
SmolLM2-135M,topk-attention-blocks,segmented-lru,128,8589934592,15673981.19,15673981.19,15673981.19,61305.47,2819.91,0.9983,0,1046280,4.473,0.9660,0.9653,0.9983,0.0017,0.1667,1046280
SmolLM2-135M,heavy-hitter-blocks,segmented-lru,128,8589934592,15673981.19,15673981.19,15673981.19,61305.47,2819.91,0.9983,0,1046280,4.935,0.9044,0.9971,0.9983,0.0017,0.1667,1046280
SmolLM2-135M,recency-frequency-hybrid,segmented-lru,128,8589934592,15673981.19,15673981.19,15673981.19,61305.47,2819.91,0.9983,0,1046280,4.859,0.8966,0.9733,0.9983,0.0017,0.1667,1046280
SmolLM2-135M,oracle,segmented-lru,128,8589934592,15673981.19,15673981.19,15673981.19,61033.00,2819.91,1.0000,0,0,4.476,1.0000,1.0000,1.0000,0.0000,0.0000,0
SmolLM2-135M,membrane-predictive,segmented-lru,128,8589934592,15673981.19,15673981.19,15673981.19,61305.47,2819.91,1.0000,0,1046280,4.999,0.8953,0.9999,1.0000,0.0000,0.1333,1046280
SmolLM2-135M,full-attention,lru,256,67108864,15673981.19,15673981.19,15673981.19,73568.67,1838.70,1.0000,0,767294,3.000,0.9729,1.0000,1.0000,0.0000,0.0815,767294
SmolLM2-135M,sliding-window,lru,256,67108864,15673981.19,15673981.19,15673981.19,73568.67,1838.70,0.9973,0,767294,2.000,0.9618,0.6591,0.9973,0.0027,0.1222,767294
SmolLM2-135M,recency+sinks,lru,256,67108864,15673981.19,15673981.19,15673981.19,73568.67,1838.70,1.0000,0,767294,3.000,0.9729,1.0000,1.0000,0.0000,0.0815,767294
SmolLM2-135M,topk-attention-blocks,lru,256,67108864,15673981.19,15673981.19,15673981.19,73568.67,1838.70,0.9973,0,767294,2.911,0.9897,0.9872,0.9973,0.0027,0.1222,767294
SmolLM2-135M,heavy-hitter-blocks,lru,256,67108864,15673981.19,15673981.19,15673981.19,73568.67,1838.70,0.9973,0,767294,2.984,0.9748,0.9967,0.9973,0.0027,0.1222,767294
SmolLM2-135M,recency-frequency-hybrid,lru,256,67108864,15673981.19,15673981.19,15673981.19,73568.67,1838.70,0.9973,0,767294,2.992,0.9728,0.9973,0.9973,0.0027,0.1222,767294
SmolLM2-135M,oracle,lru,256,67108864,15673981.19,15673981.19,15673981.19,73568.67,1838.70,1.0000,0,0,2.919,1.0000,1.0000,1.0000,0.0000,0.0000,0
SmolLM2-135M,membrane-predictive,lru,256,67108864,15673981.19,15673981.19,15673981.19,73568.67,1838.70,1.0000,0,767294,3.000,0.9729,1.0000,1.0000,0.0000,0.0815,767294
SmolLM2-135M,full-attention,lfu,256,67108864,15673981.19,15673981.19,15673981.19,73568.67,1838.70,1.0000,0,767294,3.000,0.9729,1.0000,1.0000,0.0000,0.0815,767294
SmolLM2-135M,sliding-window,lfu,256,67108864,15673981.19,15673981.19,15673981.19,73568.67,1838.70,0.9973,0,767294,2.000,0.9618,0.6591,0.9973,0.0027,0.1222,767294
SmolLM2-135M,recency+sinks,lfu,256,67108864,15673981.19,15673981.19,15673981.19,73568.67,1838.70,1.0000,0,767294,3.000,0.9729,1.0000,1.0000,0.0000,0.0815,767294
SmolLM2-135M,topk-attention-blocks,lfu,256,67108864,15673981.19,15673981.19,15673981.19,73568.67,1838.70,0.9973,0,767294,2.911,0.9897,0.9872,0.9973,0.0027,0.1222,767294
SmolLM2-135M,heavy-hitter-blocks,lfu,256,67108864,15673981.19,15673981.19,15673981.19,73568.67,1838.70,0.9973,0,767294,2.984,0.9748,0.9967,0.9973,0.0027,0.1222,767294
SmolLM2-135M,recency-frequency-hybrid,lfu,256,67108864,15673981.19,15673981.19,15673981.19,73568.67,1838.70,0.9973,0,767294,2.992,0.9728,0.9973,0.9973,0.0027,0.1222,767294
SmolLM2-135M,oracle,lfu,256,67108864,15673981.19,15673981.19,15673981.19,73568.67,1838.70,1.0000,0,0,2.919,1.0000,1.0000,1.0000,0.0000,0.0000,0
SmolLM2-135M,membrane-predictive,lfu,256,67108864,15673981.19,15673981.19,15673981.19,73568.67,1838.70,1.0000,0,767294,3.000,0.9729,1.0000,1.0000,0.0000,0.0815,767294
SmolLM2-135M,full-attention,attention-score-aware,256,67108864,15673981.19,15673981.19,15673981.19,73568.67,1838.70,1.0000,0,767294,3.000,0.9729,1.0000,1.0000,0.0000,0.0815,767294
SmolLM2-135M,sliding-window,attention-score-aware,256,67108864,15673981.19,15673981.19,15673981.19,73568.67,1838.70,0.9973,0,767294,2.000,0.9618,0.6591,0.9973,0.0027,0.1222,767294
SmolLM2-135M,recency+sinks,attention-score-aware,256,67108864,15673981.19,15673981.19,15673981.19,73568.67,1838.70,1.0000,0,767294,3.000,0.9729,1.0000,1.0000,0.0000,0.0815,767294
SmolLM2-135M,topk-attention-blocks,attention-score-aware,256,67108864,15673981.19,15673981.19,15673981.19,73568.67,1838.70,0.9973,0,767294,2.911,0.9897,0.9872,0.9973,0.0027,0.1222,767294
SmolLM2-135M,heavy-hitter-blocks,attention-score-aware,256,67108864,15673981.19,15673981.19,15673981.19,73568.67,1838.70,0.9973,0,767294,2.984,0.9748,0.9967,0.9973,0.0027,0.1222,767294
SmolLM2-135M,recency-frequency-hybrid,attention-score-aware,256,67108864,15673981.19,15673981.19,15673981.19,73568.67,1838.70,0.9973,0,767294,2.992,0.9728,0.9973,0.9973,0.0027,0.1222,767294
SmolLM2-135M,oracle,attention-score-aware,256,67108864,15673981.19,15673981.19,15673981.19,73568.67,1838.70,1.0000,0,0,2.919,1.0000,1.0000,1.0000,0.0000,0.0000,0
SmolLM2-135M,membrane-predictive,attention-score-aware,256,67108864,15673981.19,15673981.19,15673981.19,73568.67,1838.70,1.0000,0,767294,3.000,0.9729,1.0000,1.0000,0.0000,0.0815,767294
SmolLM2-135M,full-attention,segmented-lru,256,67108864,15673981.19,15673981.19,15673981.19,73568.67,1838.70,1.0000,0,767294,3.000,0.9729,1.0000,1.0000,0.0000,0.0815,767294
SmolLM2-135M,sliding-window,segmented-lru,256,67108864,15673981.19,15673981.19,15673981.19,73568.67,1838.70,0.9973,0,767294,2.000,0.9618,0.6591,0.9973,0.0027,0.1222,767294
SmolLM2-135M,recency+sinks,segmented-lru,256,67108864,15673981.19,15673981.19,15673981.19,73568.67,1838.70,1.0000,0,767294,3.000,0.9729,1.0000,1.0000,0.0000,0.0815,767294
SmolLM2-135M,topk-attention-blocks,segmented-lru,256,67108864,15673981.19,15673981.19,15673981.19,73568.67,1838.70,0.9973,0,767294,2.911,0.9897,0.9872,0.9973,0.0027,0.1222,767294
SmolLM2-135M,heavy-hitter-blocks,segmented-lru,256,67108864,15673981.19,15673981.19,15673981.19,73568.67,1838.70,0.9973,0,767294,2.984,0.9748,0.9967,0.9973,0.0027,0.1222,767294
SmolLM2-135M,recency-frequency-hybrid,segmented-lru,256,67108864,15673981.19,15673981.19,15673981.19,73568.67,1838.70,0.9973,0,767294,2.992,0.9728,0.9973,0.9973,0.0027,0.1222,767294
SmolLM2-135M,oracle,segmented-lru,256,67108864,15673981.19,15673981.19,15673981.19,73568.67,1838.70,1.0000,0,0,2.919,1.0000,1.0000,1.0000,0.0000,0.0000,0
SmolLM2-135M,membrane-predictive,segmented-lru,256,67108864,15673981.19,15673981.19,15673981.19,73568.67,1838.70,1.0000,0,767294,3.000,0.9729,1.0000,1.0000,0.0000,0.0815,767294
SmolLM2-135M,full-attention,lru,256,268435456,15673981.19,15673981.19,15673981.19,73568.67,1838.70,1.0000,0,767294,3.000,0.9729,1.0000,1.0000,0.0000,0.0815,767294
SmolLM2-135M,sliding-window,lru,256,268435456,15673981.19,15673981.19,15673981.19,73568.67,1838.70,0.9973,0,767294,2.000,0.9618,0.6591,0.9973,0.0027,0.1222,767294
SmolLM2-135M,recency+sinks,lru,256,268435456,15673981.19,15673981.19,15673981.19,73568.67,1838.70,1.0000,0,767294,3.000,0.9729,1.0000,1.0000,0.0000,0.0815,767294
SmolLM2-135M,topk-attention-blocks,lru,256,268435456,15673981.19,15673981.19,15673981.19,73568.67,1838.70,0.9973,0,767294,2.911,0.9897,0.9872,0.9973,0.0027,0.1222,767294
SmolLM2-135M,heavy-hitter-blocks,lru,256,268435456,15673981.19,15673981.19,15673981.19,73568.67,1838.70,0.9973,0,767294,2.984,0.9748,0.9967,0.9973,0.0027,0.1222,767294
SmolLM2-135M,recency-frequency-hybrid,lru,256,268435456,15673981.19,15673981.19,15673981.19,73568.67,1838.70,0.9973,0,767294,2.992,0.9728,0.9973,0.9973,0.0027,0.1222,767294
SmolLM2-135M,oracle,lru,256,268435456,15673981.19,15673981.19,15673981.19,73568.67,1838.70,1.0000,0,0,2.919,1.0000,1.0000,1.0000,0.0000,0.0000,0
SmolLM2-135M,membrane-predictive,lru,256,268435456,15673981.19,15673981.19,15673981.19,73568.67,1838.70,1.0000,0,767294,3.000,0.9729,1.0000,1.0000,0.0000,0.0815,767294
SmolLM2-135M,full-attention,lfu,256,268435456,15673981.19,15673981.19,15673981.19,73568.67,1838.70,1.0000,0,767294,3.000,0.9729,1.0000,1.0000,0.0000,0.0815,767294
SmolLM2-135M,sliding-window,lfu,256,268435456,15673981.19,15673981.19,15673981.19,73568.67,1838.70,0.9973,0,767294,2.000,0.9618,0.6591,0.9973,0.0027,0.1222,767294
SmolLM2-135M,recency+sinks,lfu,256,268435456,15673981.19,15673981.19,15673981.19,73568.67,1838.70,1.0000,0,767294,3.000,0.9729,1.0000,1.0000,0.0000,0.0815,767294
SmolLM2-135M,topk-attention-blocks,lfu,256,268435456,15673981.19,15673981.19,15673981.19,73568.67,1838.70,0.9973,0,767294,2.911,0.9897,0.9872,0.9973,0.0027,0.1222,767294
SmolLM2-135M,heavy-hitter-blocks,lfu,256,268435456,15673981.19,15673981.19,15673981.19,73568.67,1838.70,0.9973,0,767294,2.984,0.9748,0.9967,0.9973,0.0027,0.1222,767294
SmolLM2-135M,recency-frequency-hybrid,lfu,256,268435456,15673981.19,15673981.19,15673981.19,73568.67,1838.70,0.9973,0,767294,2.992,0.9728,0.9973,0.9973,0.0027,0.1222,767294
SmolLM2-135M,oracle,lfu,256,268435456,15673981.19,15673981.19,15673981.19,73568.67,1838.70,1.0000,0,0,2.919,1.0000,1.0000,1.0000,0.0000,0.0000,0
SmolLM2-135M,membrane-predictive,lfu,256,268435456,15673981.19,15673981.19,15673981.19,73568.67,1838.70,1.0000,0,767294,3.000,0.9729,1.0000,1.0000,0.0000,0.0815,767294
SmolLM2-135M,full-attention,attention-score-aware,256,268435456,15673981.19,15673981.19,15673981.19,73568.67,1838.70,1.0000,0,767294,3.000,0.9729,1.0000,1.0000,0.0000,0.0815,767294
SmolLM2-135M,sliding-window,attention-score-aware,256,268435456,15673981.19,15673981.19,15673981.19,73568.67,1838.70,0.9973,0,767294,2.000,0.9618,0.6591,0.9973,0.0027,0.1222,767294
SmolLM2-135M,recency+sinks,attention-score-aware,256,268435456,15673981.19,15673981.19,15673981.19,73568.67,1838.70,1.0000,0,767294,3.000,0.9729,1.0000,1.0000,0.0000,0.0815,767294
SmolLM2-135M,topk-attention-blocks,attention-score-aware,256,268435456,15673981.19,15673981.19,15673981.19,73568.67,1838.70,0.9973,0,767294,2.911,0.9897,0.9872,0.9973,0.0027,0.1222,767294
SmolLM2-135M,heavy-hitter-blocks,attention-score-aware,256,268435456,15673981.19,15673981.19,15673981.19,73568.67,1838.70,0.9973,0,767294,2.984,0.9748,0.9967,0.9973,0.0027,0.1222,767294
SmolLM2-135M,recency-frequency-hybrid,attention-score-aware,256,268435456,15673981.19,15673981.19,15673981.19,73568.67,1838.70,0.9973,0,767294,2.992,0.9728,0.9973,0.9973,0.0027,0.1222,767294
SmolLM2-135M,oracle,attention-score-aware,256,268435456,15673981.19,15673981.19,15673981.19,73568.67,1838.70,1.0000,0,0,2.919,1.0000,1.0000,1.0000,0.0000,0.0000,0
SmolLM2-135M,membrane-predictive,attention-score-aware,256,268435456,15673981.19,15673981.19,15673981.19,73568.67,1838.70,1.0000,0,767294,3.000,0.9729,1.0000,1.0000,0.0000,0.0815,767294
SmolLM2-135M,full-attention,segmented-lru,256,268435456,15673981.19,15673981.19,15673981.19,73568.67,1838.70,1.0000,0,767294,3.000,0.9729,1.0000,1.0000,0.0000,0.0815,767294
SmolLM2-135M,sliding-window,segmented-lru,256,268435456,15673981.19,15673981.19,15673981.19,73568.67,1838.70,0.9973,0,767294,2.000,0.9618,0.6591,0.9973,0.0027,0.1222,767294
SmolLM2-135M,recency+sinks,segmented-lru,256,268435456,15673981.19,15673981.19,15673981.19,73568.67,1838.70,1.0000,0,767294,3.000,0.9729,1.0000,1.0000,0.0000,0.0815,767294
SmolLM2-135M,topk-attention-blocks,segmented-lru,256,268435456,15673981.19,15673981.19,15673981.19,73568.67,1838.70,0.9973,0,767294,2.911,0.9897,0.9872,0.9973,0.0027,0.1222,767294
SmolLM2-135M,heavy-hitter-blocks,segmented-lru,256,268435456,15673981.19,15673981.19,15673981.19,73568.67,1838.70,0.9973,0,767294,2.984,0.9748,0.9967,0.9973,0.0027,0.1222,767294
SmolLM2-135M,recency-frequency-hybrid,segmented-lru,256,268435456,15673981.19,15673981.19,15673981.19,73568.67,1838.70,0.9973,0,767294,2.992,0.9728,0.9973,0.9973,0.0027,0.1222,767294
SmolLM2-135M,oracle,segmented-lru,256,268435456,15673981.19,15673981.19,15673981.19,73568.67,1838.70,1.0000,0,0,2.919,1.0000,1.0000,1.0000,0.0000,0.0000,0
SmolLM2-135M,membrane-predictive,segmented-lru,256,268435456,15673981.19,15673981.19,15673981.19,73568.67,1838.70,1.0000,0,767294,3.000,0.9729,1.0000,1.0000,0.0000,0.0815,767294
SmolLM2-135M,full-attention,lru,256,1073741824,15673981.19,15673981.19,15673981.19,73568.67,1838.70,1.0000,0,767294,3.000,0.9729,1.0000,1.0000,0.0000,0.0815,767294
SmolLM2-135M,sliding-window,lru,256,1073741824,15673981.19,15673981.19,15673981.19,73568.67,1838.70,0.9973,0,767294,2.000,0.9618,0.6591,0.9973,0.0027,0.1222,767294
SmolLM2-135M,recency+sinks,lru,256,1073741824,15673981.19,15673981.19,15673981.19,73568.67,1838.70,1.0000,0,767294,3.000,0.9729,1.0000,1.0000,0.0000,0.0815,767294
SmolLM2-135M,topk-attention-blocks,lru,256,1073741824,15673981.19,15673981.19,15673981.19,73568.67,1838.70,0.9973,0,767294,2.911,0.9897,0.9872,0.9973,0.0027,0.1222,767294
SmolLM2-135M,heavy-hitter-blocks,lru,256,1073741824,15673981.19,15673981.19,15673981.19,73568.67,1838.70,0.9973,0,767294,2.984,0.9748,0.9967,0.9973,0.0027,0.1222,767294
SmolLM2-135M,recency-frequency-hybrid,lru,256,1073741824,15673981.19,15673981.19,15673981.19,73568.67,1838.70,0.9973,0,767294,2.992,0.9728,0.9973,0.9973,0.0027,0.1222,767294
SmolLM2-135M,oracle,lru,256,1073741824,15673981.19,15673981.19,15673981.19,73568.67,1838.70,1.0000,0,0,2.919,1.0000,1.0000,1.0000,0.0000,0.0000,0
SmolLM2-135M,membrane-predictive,lru,256,1073741824,15673981.19,15673981.19,15673981.19,73568.67,1838.70,1.0000,0,767294,3.000,0.9729,1.0000,1.0000,0.0000,0.0815,767294
SmolLM2-135M,full-attention,lfu,256,1073741824,15673981.19,15673981.19,15673981.19,73568.67,1838.70,1.0000,0,767294,3.000,0.9729,1.0000,1.0000,0.0000,0.0815,767294
SmolLM2-135M,sliding-window,lfu,256,1073741824,15673981.19,15673981.19,15673981.19,73568.67,1838.70,0.9973,0,767294,2.000,0.9618,0.6591,0.9973,0.0027,0.1222,767294
SmolLM2-135M,recency+sinks,lfu,256,1073741824,15673981.19,15673981.19,15673981.19,73568.67,1838.70,1.0000,0,767294,3.000,0.9729,1.0000,1.0000,0.0000,0.0815,767294
SmolLM2-135M,topk-attention-blocks,lfu,256,1073741824,15673981.19,15673981.19,15673981.19,73568.67,1838.70,0.9973,0,767294,2.911,0.9897,0.9872,0.9973,0.0027,0.1222,767294
SmolLM2-135M,heavy-hitter-blocks,lfu,256,1073741824,15673981.19,15673981.19,15673981.19,73568.67,1838.70,0.9973,0,767294,2.984,0.9748,0.9967,0.9973,0.0027,0.1222,767294
SmolLM2-135M,recency-frequency-hybrid,lfu,256,1073741824,15673981.19,15673981.19,15673981.19,73568.67,1838.70,0.9973,0,767294,2.992,0.9728,0.9973,0.9973,0.0027,0.1222,767294
SmolLM2-135M,oracle,lfu,256,1073741824,15673981.19,15673981.19,15673981.19,73568.67,1838.70,1.0000,0,0,2.919,1.0000,1.0000,1.0000,0.0000,0.0000,0
SmolLM2-135M,membrane-predictive,lfu,256,1073741824,15673981.19,15673981.19,15673981.19,73568.67,1838.70,1.0000,0,767294,3.000,0.9729,1.0000,1.0000,0.0000,0.0815,767294
SmolLM2-135M,full-attention,attention-score-aware,256,1073741824,15673981.19,15673981.19,15673981.19,73568.67,1838.70,1.0000,0,767294,3.000,0.9729,1.0000,1.0000,0.0000,0.0815,767294
SmolLM2-135M,sliding-window,attention-score-aware,256,1073741824,15673981.19,15673981.19,15673981.19,73568.67,1838.70,0.9973,0,767294,2.000,0.9618,0.6591,0.9973,0.0027,0.1222,767294
SmolLM2-135M,recency+sinks,attention-score-aware,256,1073741824,15673981.19,15673981.19,15673981.19,73568.67,1838.70,1.0000,0,767294,3.000,0.9729,1.0000,1.0000,0.0000,0.0815,767294
SmolLM2-135M,topk-attention-blocks,attention-score-aware,256,1073741824,15673981.19,15673981.19,15673981.19,73568.67,1838.70,0.9973,0,767294,2.911,0.9897,0.9872,0.9973,0.0027,0.1222,767294
SmolLM2-135M,heavy-hitter-blocks,attention-score-aware,256,1073741824,15673981.19,15673981.19,15673981.19,73568.67,1838.70,0.9973,0,767294,2.984,0.9748,0.9967,0.9973,0.0027,0.1222,767294
SmolLM2-135M,recency-frequency-hybrid,attention-score-aware,256,1073741824,15673981.19,15673981.19,15673981.19,73568.67,1838.70,0.9973,0,767294,2.992,0.9728,0.9973,0.9973,0.0027,0.1222,767294
SmolLM2-135M,oracle,attention-score-aware,256,1073741824,15673981.19,15673981.19,15673981.19,73568.67,1838.70,1.0000,0,0,2.919,1.0000,1.0000,1.0000,0.0000,0.0000,0
SmolLM2-135M,membrane-predictive,attention-score-aware,256,1073741824,15673981.19,15673981.19,15673981.19,73568.67,1838.70,1.0000,0,767294,3.000,0.9729,1.0000,1.0000,0.0000,0.0815,767294
SmolLM2-135M,full-attention,segmented-lru,256,1073741824,15673981.19,15673981.19,15673981.19,73568.67,1838.70,1.0000,0,767294,3.000,0.9729,1.0000,1.0000,0.0000,0.0815,767294
SmolLM2-135M,sliding-window,segmented-lru,256,1073741824,15673981.19,15673981.19,15673981.19,73568.67,1838.70,0.9973,0,767294,2.000,0.9618,0.6591,0.9973,0.0027,0.1222,767294
SmolLM2-135M,recency+sinks,segmented-lru,256,1073741824,15673981.19,15673981.19,15673981.19,73568.67,1838.70,1.0000,0,767294,3.000,0.9729,1.0000,1.0000,0.0000,0.0815,767294
SmolLM2-135M,topk-attention-blocks,segmented-lru,256,1073741824,15673981.19,15673981.19,15673981.19,73568.67,1838.70,0.9973,0,767294,2.911,0.9897,0.9872,0.9973,0.0027,0.1222,767294
SmolLM2-135M,heavy-hitter-blocks,segmented-lru,256,1073741824,15673981.19,15673981.19,15673981.19,73568.67,1838.70,0.9973,0,767294,2.984,0.9748,0.9967,0.9973,0.0027,0.1222,767294
SmolLM2-135M,recency-frequency-hybrid,segmented-lru,256,1073741824,15673981.19,15673981.19,15673981.19,73568.67,1838.70,0.9973,0,767294,2.992,0.9728,0.9973,0.9973,0.0027,0.1222,767294
SmolLM2-135M,oracle,segmented-lru,256,1073741824,15673981.19,15673981.19,15673981.19,73568.67,1838.70,1.0000,0,0,2.919,1.0000,1.0000,1.0000,0.0000,0.0000,0
SmolLM2-135M,membrane-predictive,segmented-lru,256,1073741824,15673981.19,15673981.19,15673981.19,73568.67,1838.70,1.0000,0,767294,3.000,0.9729,1.0000,1.0000,0.0000,0.0815,767294
SmolLM2-135M,full-attention,lru,256,4294967296,15673981.19,15673981.19,15673981.19,73568.67,1838.70,1.0000,0,767294,3.000,0.9729,1.0000,1.0000,0.0000,0.0815,767294
SmolLM2-135M,sliding-window,lru,256,4294967296,15673981.19,15673981.19,15673981.19,73568.67,1838.70,0.9973,0,767294,2.000,0.9618,0.6591,0.9973,0.0027,0.1222,767294
SmolLM2-135M,recency+sinks,lru,256,4294967296,15673981.19,15673981.19,15673981.19,73568.67,1838.70,1.0000,0,767294,3.000,0.9729,1.0000,1.0000,0.0000,0.0815,767294
SmolLM2-135M,topk-attention-blocks,lru,256,4294967296,15673981.19,15673981.19,15673981.19,73568.67,1838.70,0.9973,0,767294,2.911,0.9897,0.9872,0.9973,0.0027,0.1222,767294
SmolLM2-135M,heavy-hitter-blocks,lru,256,4294967296,15673981.19,15673981.19,15673981.19,73568.67,1838.70,0.9973,0,767294,2.984,0.9748,0.9967,0.9973,0.0027,0.1222,767294
SmolLM2-135M,recency-frequency-hybrid,lru,256,4294967296,15673981.19,15673981.19,15673981.19,73568.67,1838.70,0.9973,0,767294,2.992,0.9728,0.9973,0.9973,0.0027,0.1222,767294
SmolLM2-135M,oracle,lru,256,4294967296,15673981.19,15673981.19,15673981.19,73568.67,1838.70,1.0000,0,0,2.919,1.0000,1.0000,1.0000,0.0000,0.0000,0
SmolLM2-135M,membrane-predictive,lru,256,4294967296,15673981.19,15673981.19,15673981.19,73568.67,1838.70,1.0000,0,767294,3.000,0.9729,1.0000,1.0000,0.0000,0.0815,767294
SmolLM2-135M,full-attention,lfu,256,4294967296,15673981.19,15673981.19,15673981.19,73568.67,1838.70,1.0000,0,767294,3.000,0.9729,1.0000,1.0000,0.0000,0.0815,767294
SmolLM2-135M,sliding-window,lfu,256,4294967296,15673981.19,15673981.19,15673981.19,73568.67,1838.70,0.9973,0,767294,2.000,0.9618,0.6591,0.9973,0.0027,0.1222,767294
SmolLM2-135M,recency+sinks,lfu,256,4294967296,15673981.19,15673981.19,15673981.19,73568.67,1838.70,1.0000,0,767294,3.000,0.9729,1.0000,1.0000,0.0000,0.0815,767294
SmolLM2-135M,topk-attention-blocks,lfu,256,4294967296,15673981.19,15673981.19,15673981.19,73568.67,1838.70,0.9973,0,767294,2.911,0.9897,0.9872,0.9973,0.0027,0.1222,767294
SmolLM2-135M,heavy-hitter-blocks,lfu,256,4294967296,15673981.19,15673981.19,15673981.19,73568.67,1838.70,0.9973,0,767294,2.984,0.9748,0.9967,0.9973,0.0027,0.1222,767294
SmolLM2-135M,recency-frequency-hybrid,lfu,256,4294967296,15673981.19,15673981.19,15673981.19,73568.67,1838.70,0.9973,0,767294,2.992,0.9728,0.9973,0.9973,0.0027,0.1222,767294
SmolLM2-135M,oracle,lfu,256,4294967296,15673981.19,15673981.19,15673981.19,73568.67,1838.70,1.0000,0,0,2.919,1.0000,1.0000,1.0000,0.0000,0.0000,0
SmolLM2-135M,membrane-predictive,lfu,256,4294967296,15673981.19,15673981.19,15673981.19,73568.67,1838.70,1.0000,0,767294,3.000,0.9729,1.0000,1.0000,0.0000,0.0815,767294
SmolLM2-135M,full-attention,attention-score-aware,256,4294967296,15673981.19,15673981.19,15673981.19,73568.67,1838.70,1.0000,0,767294,3.000,0.9729,1.0000,1.0000,0.0000,0.0815,767294
SmolLM2-135M,sliding-window,attention-score-aware,256,4294967296,15673981.19,15673981.19,15673981.19,73568.67,1838.70,0.9973,0,767294,2.000,0.9618,0.6591,0.9973,0.0027,0.1222,767294
SmolLM2-135M,recency+sinks,attention-score-aware,256,4294967296,15673981.19,15673981.19,15673981.19,73568.67,1838.70,1.0000,0,767294,3.000,0.9729,1.0000,1.0000,0.0000,0.0815,767294
SmolLM2-135M,topk-attention-blocks,attention-score-aware,256,4294967296,15673981.19,15673981.19,15673981.19,73568.67,1838.70,0.9973,0,767294,2.911,0.9897,0.9872,0.9973,0.0027,0.1222,767294
SmolLM2-135M,heavy-hitter-blocks,attention-score-aware,256,4294967296,15673981.19,15673981.19,15673981.19,73568.67,1838.70,0.9973,0,767294,2.984,0.9748,0.9967,0.9973,0.0027,0.1222,767294
SmolLM2-135M,recency-frequency-hybrid,attention-score-aware,256,4294967296,15673981.19,15673981.19,15673981.19,73568.67,1838.70,0.9973,0,767294,2.992,0.9728,0.9973,0.9973,0.0027,0.1222,767294
SmolLM2-135M,oracle,attention-score-aware,256,4294967296,15673981.19,15673981.19,15673981.19,73568.67,1838.70,1.0000,0,0,2.919,1.0000,1.0000,1.0000,0.0000,0.0000,0
SmolLM2-135M,membrane-predictive,attention-score-aware,256,4294967296,15673981.19,15673981.19,15673981.19,73568.67,1838.70,1.0000,0,767294,3.000,0.9729,1.0000,1.0000,0.0000,0.0815,767294
SmolLM2-135M,full-attention,segmented-lru,256,4294967296,15673981.19,15673981.19,15673981.19,73568.67,1838.70,1.0000,0,767294,3.000,0.9729,1.0000,1.0000,0.0000,0.0815,767294
SmolLM2-135M,sliding-window,segmented-lru,256,4294967296,15673981.19,15673981.19,15673981.19,73568.67,1838.70,0.9973,0,767294,2.000,0.9618,0.6591,0.9973,0.0027,0.1222,767294
SmolLM2-135M,recency+sinks,segmented-lru,256,4294967296,15673981.19,15673981.19,15673981.19,73568.67,1838.70,1.0000,0,767294,3.000,0.9729,1.0000,1.0000,0.0000,0.0815,767294
SmolLM2-135M,topk-attention-blocks,segmented-lru,256,4294967296,15673981.19,15673981.19,15673981.19,73568.67,1838.70,0.9973,0,767294,2.911,0.9897,0.9872,0.9973,0.0027,0.1222,767294
SmolLM2-135M,heavy-hitter-blocks,segmented-lru,256,4294967296,15673981.19,15673981.19,15673981.19,73568.67,1838.70,0.9973,0,767294,2.984,0.9748,0.9967,0.9973,0.0027,0.1222,767294
SmolLM2-135M,recency-frequency-hybrid,segmented-lru,256,4294967296,15673981.19,15673981.19,15673981.19,73568.67,1838.70,0.9973,0,767294,2.992,0.9728,0.9973,0.9973,0.0027,0.1222,767294
SmolLM2-135M,oracle,segmented-lru,256,4294967296,15673981.19,15673981.19,15673981.19,73568.67,1838.70,1.0000,0,0,2.919,1.0000,1.0000,1.0000,0.0000,0.0000,0
SmolLM2-135M,membrane-predictive,segmented-lru,256,4294967296,15673981.19,15673981.19,15673981.19,73568.67,1838.70,1.0000,0,767294,3.000,0.9729,1.0000,1.0000,0.0000,0.0815,767294
SmolLM2-135M,full-attention,lru,256,8589934592,15673981.19,15673981.19,15673981.19,73568.67,1838.70,1.0000,0,767294,3.000,0.9729,1.0000,1.0000,0.0000,0.0815,767294
SmolLM2-135M,sliding-window,lru,256,8589934592,15673981.19,15673981.19,15673981.19,73568.67,1838.70,0.9973,0,767294,2.000,0.9618,0.6591,0.9973,0.0027,0.1222,767294
SmolLM2-135M,recency+sinks,lru,256,8589934592,15673981.19,15673981.19,15673981.19,73568.67,1838.70,1.0000,0,767294,3.000,0.9729,1.0000,1.0000,0.0000,0.0815,767294
SmolLM2-135M,topk-attention-blocks,lru,256,8589934592,15673981.19,15673981.19,15673981.19,73568.67,1838.70,0.9973,0,767294,2.911,0.9897,0.9872,0.9973,0.0027,0.1222,767294
SmolLM2-135M,heavy-hitter-blocks,lru,256,8589934592,15673981.19,15673981.19,15673981.19,73568.67,1838.70,0.9973,0,767294,2.984,0.9748,0.9967,0.9973,0.0027,0.1222,767294
SmolLM2-135M,recency-frequency-hybrid,lru,256,8589934592,15673981.19,15673981.19,15673981.19,73568.67,1838.70,0.9973,0,767294,2.992,0.9728,0.9973,0.9973,0.0027,0.1222,767294
SmolLM2-135M,oracle,lru,256,8589934592,15673981.19,15673981.19,15673981.19,73568.67,1838.70,1.0000,0,0,2.919,1.0000,1.0000,1.0000,0.0000,0.0000,0
SmolLM2-135M,membrane-predictive,lru,256,8589934592,15673981.19,15673981.19,15673981.19,73568.67,1838.70,1.0000,0,767294,3.000,0.9729,1.0000,1.0000,0.0000,0.0815,767294
SmolLM2-135M,full-attention,lfu,256,8589934592,15673981.19,15673981.19,15673981.19,73568.67,1838.70,1.0000,0,767294,3.000,0.9729,1.0000,1.0000,0.0000,0.0815,767294
SmolLM2-135M,sliding-window,lfu,256,8589934592,15673981.19,15673981.19,15673981.19,73568.67,1838.70,0.9973,0,767294,2.000,0.9618,0.6591,0.9973,0.0027,0.1222,767294
SmolLM2-135M,recency+sinks,lfu,256,8589934592,15673981.19,15673981.19,15673981.19,73568.67,1838.70,1.0000,0,767294,3.000,0.9729,1.0000,1.0000,0.0000,0.0815,767294
SmolLM2-135M,topk-attention-blocks,lfu,256,8589934592,15673981.19,15673981.19,15673981.19,73568.67,1838.70,0.9973,0,767294,2.911,0.9897,0.9872,0.9973,0.0027,0.1222,767294
SmolLM2-135M,heavy-hitter-blocks,lfu,256,8589934592,15673981.19,15673981.19,15673981.19,73568.67,1838.70,0.9973,0,767294,2.984,0.9748,0.9967,0.9973,0.0027,0.1222,767294
SmolLM2-135M,recency-frequency-hybrid,lfu,256,8589934592,15673981.19,15673981.19,15673981.19,73568.67,1838.70,0.9973,0,767294,2.992,0.9728,0.9973,0.9973,0.0027,0.1222,767294
SmolLM2-135M,oracle,lfu,256,8589934592,15673981.19,15673981.19,15673981.19,73568.67,1838.70,1.0000,0,0,2.919,1.0000,1.0000,1.0000,0.0000,0.0000,0
SmolLM2-135M,membrane-predictive,lfu,256,8589934592,15673981.19,15673981.19,15673981.19,73568.67,1838.70,1.0000,0,767294,3.000,0.9729,1.0000,1.0000,0.0000,0.0815,767294
SmolLM2-135M,full-attention,attention-score-aware,256,8589934592,15673981.19,15673981.19,15673981.19,73568.67,1838.70,1.0000,0,767294,3.000,0.9729,1.0000,1.0000,0.0000,0.0815,767294
SmolLM2-135M,sliding-window,attention-score-aware,256,8589934592,15673981.19,15673981.19,15673981.19,73568.67,1838.70,0.9973,0,767294,2.000,0.9618,0.6591,0.9973,0.0027,0.1222,767294
SmolLM2-135M,recency+sinks,attention-score-aware,256,8589934592,15673981.19,15673981.19,15673981.19,73568.67,1838.70,1.0000,0,767294,3.000,0.9729,1.0000,1.0000,0.0000,0.0815,767294
SmolLM2-135M,topk-attention-blocks,attention-score-aware,256,8589934592,15673981.19,15673981.19,15673981.19,73568.67,1838.70,0.9973,0,767294,2.911,0.9897,0.9872,0.9973,0.0027,0.1222,767294
SmolLM2-135M,heavy-hitter-blocks,attention-score-aware,256,8589934592,15673981.19,15673981.19,15673981.19,73568.67,1838.70,0.9973,0,767294,2.984,0.9748,0.9967,0.9973,0.0027,0.1222,767294
SmolLM2-135M,recency-frequency-hybrid,attention-score-aware,256,8589934592,15673981.19,15673981.19,15673981.19,73568.67,1838.70,0.9973,0,767294,2.992,0.9728,0.9973,0.9973,0.0027,0.1222,767294
SmolLM2-135M,oracle,attention-score-aware,256,8589934592,15673981.19,15673981.19,15673981.19,73568.67,1838.70,1.0000,0,0,2.919,1.0000,1.0000,1.0000,0.0000,0.0000,0
SmolLM2-135M,membrane-predictive,attention-score-aware,256,8589934592,15673981.19,15673981.19,15673981.19,73568.67,1838.70,1.0000,0,767294,3.000,0.9729,1.0000,1.0000,0.0000,0.0815,767294
SmolLM2-135M,full-attention,segmented-lru,256,8589934592,15673981.19,15673981.19,15673981.19,73568.67,1838.70,1.0000,0,767294,3.000,0.9729,1.0000,1.0000,0.0000,0.0815,767294
SmolLM2-135M,sliding-window,segmented-lru,256,8589934592,15673981.19,15673981.19,15673981.19,73568.67,1838.70,0.9973,0,767294,2.000,0.9618,0.6591,0.9973,0.0027,0.1222,767294
SmolLM2-135M,recency+sinks,segmented-lru,256,8589934592,15673981.19,15673981.19,15673981.19,73568.67,1838.70,1.0000,0,767294,3.000,0.9729,1.0000,1.0000,0.0000,0.0815,767294
SmolLM2-135M,topk-attention-blocks,segmented-lru,256,8589934592,15673981.19,15673981.19,15673981.19,73568.67,1838.70,0.9973,0,767294,2.911,0.9897,0.9872,0.9973,0.0027,0.1222,767294
SmolLM2-135M,heavy-hitter-blocks,segmented-lru,256,8589934592,15673981.19,15673981.19,15673981.19,73568.67,1838.70,0.9973,0,767294,2.984,0.9748,0.9967,0.9973,0.0027,0.1222,767294
SmolLM2-135M,recency-frequency-hybrid,segmented-lru,256,8589934592,15673981.19,15673981.19,15673981.19,73568.67,1838.70,0.9973,0,767294,2.992,0.9728,0.9973,0.9973,0.0027,0.1222,767294
SmolLM2-135M,oracle,segmented-lru,256,8589934592,15673981.19,15673981.19,15673981.19,73568.67,1838.70,1.0000,0,0,2.919,1.0000,1.0000,1.0000,0.0000,0.0000,0
SmolLM2-135M,membrane-predictive,segmented-lru,256,8589934592,15673981.19,15673981.19,15673981.19,73568.67,1838.70,1.0000,0,767294,3.000,0.9729,1.0000,1.0000,0.0000,0.0815,767294
SmolLM2-360M,full-attention,lru,16,67108864,40983606.56,40983606.56,40983606.56,108950.00,13419.22,0.9975,0,8014362,36.500,0.3168,0.9652,0.9975,0.0025,0.6360,8014362
SmolLM2-360M,sliding-window,lru,16,67108864,40983606.56,40983606.56,40983606.56,108915.95,13419.22,0.9968,0,7994751,32.000,0.2973,0.7940,0.9968,0.0032,0.6525,7994751
SmolLM2-360M,recency+sinks,lru,16,67108864,40983606.56,40983606.56,40983606.56,108950.00,13419.22,0.9975,0,8014362,33.000,0.3166,0.8721,0.9975,0.0025,0.6360,8014362
SmolLM2-360M,topk-attention-blocks,lru,16,67108864,40983606.56,40983606.56,40983606.56,108677.62,13419.22,0.9948,0,7565488,12.132,0.8068,0.8169,0.9948,0.0052,0.6781,7565488
SmolLM2-360M,heavy-hitter-blocks,lru,16,67108864,40983606.56,40983606.56,40983606.56,108677.62,13419.22,0.9948,0,7565488,8.188,0.8080,0.5522,0.9948,0.0052,0.6781,7565488
SmolLM2-360M,recency-frequency-hybrid,lru,16,67108864,40983606.56,40983606.56,40983606.56,108915.95,13419.22,0.9968,0,7994751,33.647,0.3307,0.9288,0.9968,0.0032,0.6525,7994751
SmolLM2-360M,oracle,lru,16,67108864,40983606.56,40983606.56,40983606.56,98565.70,13419.22,1.0000,0,0,11.981,1.0000,1.0000,1.0000,0.0000,0.0000,0
SmolLM2-360M,membrane-predictive,lru,16,67108864,40983606.56,40983606.56,40983606.56,108711.67,13419.22,0.9956,0,7611247,18.043,0.5841,0.8796,0.9956,0.0044,0.6577,7611247
SmolLM2-360M,full-attention,lfu,16,67108864,40983606.56,40983606.56,40983606.56,108950.00,13419.22,0.9975,0,8014362,36.500,0.3168,0.9652,0.9975,0.0025,0.6360,8014362
SmolLM2-360M,sliding-window,lfu,16,67108864,40983606.56,40983606.56,40983606.56,108915.95,13419.22,0.9968,0,7994751,32.000,0.2973,0.7940,0.9968,0.0032,0.6525,7994751
SmolLM2-360M,recency+sinks,lfu,16,67108864,40983606.56,40983606.56,40983606.56,108950.00,13419.22,0.9975,0,8014362,33.000,0.3166,0.8721,0.9975,0.0025,0.6360,8014362
SmolLM2-360M,topk-attention-blocks,lfu,16,67108864,40983606.56,40983606.56,40983606.56,108677.62,13419.22,0.9948,0,7565488,12.132,0.8068,0.8169,0.9948,0.0052,0.6781,7565488
SmolLM2-360M,heavy-hitter-blocks,lfu,16,67108864,40983606.56,40983606.56,40983606.56,108677.62,13419.22,0.9948,0,7565488,8.188,0.8080,0.5522,0.9948,0.0052,0.6781,7565488
SmolLM2-360M,recency-frequency-hybrid,lfu,16,67108864,40983606.56,40983606.56,40983606.56,108915.95,13419.22,0.9968,0,7994751,33.647,0.3307,0.9288,0.9968,0.0032,0.6525,7994751
SmolLM2-360M,oracle,lfu,16,67108864,40983606.56,40983606.56,40983606.56,98565.70,13419.22,1.0000,0,0,11.981,1.0000,1.0000,1.0000,0.0000,0.0000,0
SmolLM2-360M,membrane-predictive,lfu,16,67108864,40983606.56,40983606.56,40983606.56,108711.67,13419.22,0.9956,0,7611247,18.043,0.5841,0.8796,0.9956,0.0044,0.6577,7611247
SmolLM2-360M,full-attention,attention-score-aware,16,67108864,40983606.56,40983606.56,40983606.56,108950.00,13419.22,0.9975,0,8014362,36.500,0.3168,0.9652,0.9975,0.0025,0.6360,8014362
SmolLM2-360M,sliding-window,attention-score-aware,16,67108864,40983606.56,40983606.56,40983606.56,108915.95,13419.22,0.9968,0,7994751,32.000,0.2973,0.7940,0.9968,0.0032,0.6525,7994751
SmolLM2-360M,recency+sinks,attention-score-aware,16,67108864,40983606.56,40983606.56,40983606.56,108950.00,13419.22,0.9975,0,8014362,33.000,0.3166,0.8721,0.9975,0.0025,0.6360,8014362
SmolLM2-360M,topk-attention-blocks,attention-score-aware,16,67108864,40983606.56,40983606.56,40983606.56,108677.62,13419.22,0.9948,0,7565488,12.132,0.8068,0.8169,0.9948,0.0052,0.6781,7565488
SmolLM2-360M,heavy-hitter-blocks,attention-score-aware,16,67108864,40983606.56,40983606.56,40983606.56,108677.62,13419.22,0.9948,0,7565488,8.188,0.8080,0.5522,0.9948,0.0052,0.6781,7565488
SmolLM2-360M,recency-frequency-hybrid,attention-score-aware,16,67108864,40983606.56,40983606.56,40983606.56,108915.95,13419.22,0.9968,0,7994751,33.647,0.3307,0.9288,0.9968,0.0032,0.6525,7994751
SmolLM2-360M,oracle,attention-score-aware,16,67108864,40983606.56,40983606.56,40983606.56,98565.70,13419.22,1.0000,0,0,11.981,1.0000,1.0000,1.0000,0.0000,0.0000,0
SmolLM2-360M,membrane-predictive,attention-score-aware,16,67108864,40983606.56,40983606.56,40983606.56,108711.67,13419.22,0.9956,0,7611247,18.043,0.5841,0.8796,0.9956,0.0044,0.6577,7611247
SmolLM2-360M,full-attention,segmented-lru,16,67108864,40983606.56,40983606.56,40983606.56,108950.00,13419.22,0.9975,0,8014362,36.500,0.3168,0.9652,0.9975,0.0025,0.6360,8014362
SmolLM2-360M,sliding-window,segmented-lru,16,67108864,40983606.56,40983606.56,40983606.56,108915.95,13419.22,0.9968,0,7994751,32.000,0.2973,0.7940,0.9968,0.0032,0.6525,7994751
SmolLM2-360M,recency+sinks,segmented-lru,16,67108864,40983606.56,40983606.56,40983606.56,108950.00,13419.22,0.9975,0,8014362,33.000,0.3166,0.8721,0.9975,0.0025,0.6360,8014362
SmolLM2-360M,topk-attention-blocks,segmented-lru,16,67108864,40983606.56,40983606.56,40983606.56,108677.62,13419.22,0.9948,0,7565488,12.132,0.8068,0.8169,0.9948,0.0052,0.6781,7565488
SmolLM2-360M,heavy-hitter-blocks,segmented-lru,16,67108864,40983606.56,40983606.56,40983606.56,108677.62,13419.22,0.9948,0,7565488,8.188,0.8080,0.5522,0.9948,0.0052,0.6781,7565488
SmolLM2-360M,recency-frequency-hybrid,segmented-lru,16,67108864,40983606.56,40983606.56,40983606.56,108915.95,13419.22,0.9968,0,7994751,33.647,0.3307,0.9288,0.9968,0.0032,0.6525,7994751
SmolLM2-360M,oracle,segmented-lru,16,67108864,40983606.56,40983606.56,40983606.56,98565.70,13419.22,1.0000,0,0,11.981,1.0000,1.0000,1.0000,0.0000,0.0000,0
SmolLM2-360M,membrane-predictive,segmented-lru,16,67108864,40983606.56,40983606.56,40983606.56,108711.67,13419.22,0.9956,0,7611247,18.043,0.5841,0.8796,0.9956,0.0044,0.6577,7611247
SmolLM2-360M,full-attention,lru,16,268435456,40983606.56,40983606.56,40983606.56,108950.00,13419.22,0.9975,0,8014362,36.500,0.3168,0.9652,0.9975,0.0025,0.6360,8014362
SmolLM2-360M,sliding-window,lru,16,268435456,40983606.56,40983606.56,40983606.56,108915.95,13419.22,0.9968,0,7994751,32.000,0.2973,0.7940,0.9968,0.0032,0.6525,7994751
SmolLM2-360M,recency+sinks,lru,16,268435456,40983606.56,40983606.56,40983606.56,108950.00,13419.22,0.9975,0,8014362,33.000,0.3166,0.8721,0.9975,0.0025,0.6360,8014362
SmolLM2-360M,topk-attention-blocks,lru,16,268435456,40983606.56,40983606.56,40983606.56,108677.62,13419.22,0.9948,0,7565488,12.132,0.8068,0.8169,0.9948,0.0052,0.6781,7565488
SmolLM2-360M,heavy-hitter-blocks,lru,16,268435456,40983606.56,40983606.56,40983606.56,108677.62,13419.22,0.9948,0,7565488,8.188,0.8080,0.5522,0.9948,0.0052,0.6781,7565488
SmolLM2-360M,recency-frequency-hybrid,lru,16,268435456,40983606.56,40983606.56,40983606.56,108915.95,13419.22,0.9968,0,7994751,33.647,0.3307,0.9288,0.9968,0.0032,0.6525,7994751
SmolLM2-360M,oracle,lru,16,268435456,40983606.56,40983606.56,40983606.56,98565.70,13419.22,1.0000,0,0,11.981,1.0000,1.0000,1.0000,0.0000,0.0000,0
SmolLM2-360M,membrane-predictive,lru,16,268435456,40983606.56,40983606.56,40983606.56,108711.67,13419.22,0.9956,0,7611247,18.043,0.5841,0.8796,0.9956,0.0044,0.6577,7611247
SmolLM2-360M,full-attention,lfu,16,268435456,40983606.56,40983606.56,40983606.56,108950.00,13419.22,0.9975,0,8014362,36.500,0.3168,0.9652,0.9975,0.0025,0.6360,8014362
SmolLM2-360M,sliding-window,lfu,16,268435456,40983606.56,40983606.56,40983606.56,108915.95,13419.22,0.9968,0,7994751,32.000,0.2973,0.7940,0.9968,0.0032,0.6525,7994751
SmolLM2-360M,recency+sinks,lfu,16,268435456,40983606.56,40983606.56,40983606.56,108950.00,13419.22,0.9975,0,8014362,33.000,0.3166,0.8721,0.9975,0.0025,0.6360,8014362
SmolLM2-360M,topk-attention-blocks,lfu,16,268435456,40983606.56,40983606.56,40983606.56,108677.62,13419.22,0.9948,0,7565488,12.132,0.8068,0.8169,0.9948,0.0052,0.6781,7565488
SmolLM2-360M,heavy-hitter-blocks,lfu,16,268435456,40983606.56,40983606.56,40983606.56,108677.62,13419.22,0.9948,0,7565488,8.188,0.8080,0.5522,0.9948,0.0052,0.6781,7565488
SmolLM2-360M,recency-frequency-hybrid,lfu,16,268435456,40983606.56,40983606.56,40983606.56,108915.95,13419.22,0.9968,0,7994751,33.647,0.3307,0.9288,0.9968,0.0032,0.6525,7994751
SmolLM2-360M,oracle,lfu,16,268435456,40983606.56,40983606.56,40983606.56,98565.70,13419.22,1.0000,0,0,11.981,1.0000,1.0000,1.0000,0.0000,0.0000,0
SmolLM2-360M,membrane-predictive,lfu,16,268435456,40983606.56,40983606.56,40983606.56,108711.67,13419.22,0.9956,0,7611247,18.043,0.5841,0.8796,0.9956,0.0044,0.6577,7611247
SmolLM2-360M,full-attention,attention-score-aware,16,268435456,40983606.56,40983606.56,40983606.56,108950.00,13419.22,0.9975,0,8014362,36.500,0.3168,0.9652,0.9975,0.0025,0.6360,8014362
SmolLM2-360M,sliding-window,attention-score-aware,16,268435456,40983606.56,40983606.56,40983606.56,108915.95,13419.22,0.9968,0,7994751,32.000,0.2973,0.7940,0.9968,0.0032,0.6525,7994751
SmolLM2-360M,recency+sinks,attention-score-aware,16,268435456,40983606.56,40983606.56,40983606.56,108950.00,13419.22,0.9975,0,8014362,33.000,0.3166,0.8721,0.9975,0.0025,0.6360,8014362
SmolLM2-360M,topk-attention-blocks,attention-score-aware,16,268435456,40983606.56,40983606.56,40983606.56,108677.62,13419.22,0.9948,0,7565488,12.132,0.8068,0.8169,0.9948,0.0052,0.6781,7565488
SmolLM2-360M,heavy-hitter-blocks,attention-score-aware,16,268435456,40983606.56,40983606.56,40983606.56,108677.62,13419.22,0.9948,0,7565488,8.188,0.8080,0.5522,0.9948,0.0052,0.6781,7565488
SmolLM2-360M,recency-frequency-hybrid,attention-score-aware,16,268435456,40983606.56,40983606.56,40983606.56,108915.95,13419.22,0.9968,0,7994751,33.647,0.3307,0.9288,0.9968,0.0032,0.6525,7994751
SmolLM2-360M,oracle,attention-score-aware,16,268435456,40983606.56,40983606.56,40983606.56,98565.70,13419.22,1.0000,0,0,11.981,1.0000,1.0000,1.0000,0.0000,0.0000,0
SmolLM2-360M,membrane-predictive,attention-score-aware,16,268435456,40983606.56,40983606.56,40983606.56,108711.67,13419.22,0.9956,0,7611247,18.043,0.5841,0.8796,0.9956,0.0044,0.6577,7611247
SmolLM2-360M,full-attention,segmented-lru,16,268435456,40983606.56,40983606.56,40983606.56,108950.00,13419.22,0.9975,0,8014362,36.500,0.3168,0.9652,0.9975,0.0025,0.6360,8014362
SmolLM2-360M,sliding-window,segmented-lru,16,268435456,40983606.56,40983606.56,40983606.56,108915.95,13419.22,0.9968,0,7994751,32.000,0.2973,0.7940,0.9968,0.0032,0.6525,7994751
SmolLM2-360M,recency+sinks,segmented-lru,16,268435456,40983606.56,40983606.56,40983606.56,108950.00,13419.22,0.9975,0,8014362,33.000,0.3166,0.8721,0.9975,0.0025,0.6360,8014362
SmolLM2-360M,topk-attention-blocks,segmented-lru,16,268435456,40983606.56,40983606.56,40983606.56,108677.62,13419.22,0.9948,0,7565488,12.132,0.8068,0.8169,0.9948,0.0052,0.6781,7565488
SmolLM2-360M,heavy-hitter-blocks,segmented-lru,16,268435456,40983606.56,40983606.56,40983606.56,108677.62,13419.22,0.9948,0,7565488,8.188,0.8080,0.5522,0.9948,0.0052,0.6781,7565488
SmolLM2-360M,recency-frequency-hybrid,segmented-lru,16,268435456,40983606.56,40983606.56,40983606.56,108915.95,13419.22,0.9968,0,7994751,33.647,0.3307,0.9288,0.9968,0.0032,0.6525,7994751
SmolLM2-360M,oracle,segmented-lru,16,268435456,40983606.56,40983606.56,40983606.56,98565.70,13419.22,1.0000,0,0,11.981,1.0000,1.0000,1.0000,0.0000,0.0000,0
SmolLM2-360M,membrane-predictive,segmented-lru,16,268435456,40983606.56,40983606.56,40983606.56,108711.67,13419.22,0.9956,0,7611247,18.043,0.5841,0.8796,0.9956,0.0044,0.6577,7611247
SmolLM2-360M,full-attention,lru,16,1073741824,40983606.56,40983606.56,40983606.56,108950.00,13419.22,0.9975,0,8014362,36.500,0.3168,0.9652,0.9975,0.0025,0.6360,8014362
SmolLM2-360M,sliding-window,lru,16,1073741824,40983606.56,40983606.56,40983606.56,108915.95,13419.22,0.9968,0,7994751,32.000,0.2973,0.7940,0.9968,0.0032,0.6525,7994751
SmolLM2-360M,recency+sinks,lru,16,1073741824,40983606.56,40983606.56,40983606.56,108950.00,13419.22,0.9975,0,8014362,33.000,0.3166,0.8721,0.9975,0.0025,0.6360,8014362
SmolLM2-360M,topk-attention-blocks,lru,16,1073741824,40983606.56,40983606.56,40983606.56,108677.62,13419.22,0.9948,0,7565488,12.132,0.8068,0.8169,0.9948,0.0052,0.6781,7565488
SmolLM2-360M,heavy-hitter-blocks,lru,16,1073741824,40983606.56,40983606.56,40983606.56,108677.62,13419.22,0.9948,0,7565488,8.188,0.8080,0.5522,0.9948,0.0052,0.6781,7565488
SmolLM2-360M,recency-frequency-hybrid,lru,16,1073741824,40983606.56,40983606.56,40983606.56,108915.95,13419.22,0.9968,0,7994751,33.647,0.3307,0.9288,0.9968,0.0032,0.6525,7994751
SmolLM2-360M,oracle,lru,16,1073741824,40983606.56,40983606.56,40983606.56,98565.70,13419.22,1.0000,0,0,11.981,1.0000,1.0000,1.0000,0.0000,0.0000,0
SmolLM2-360M,membrane-predictive,lru,16,1073741824,40983606.56,40983606.56,40983606.56,108711.67,13419.22,0.9956,0,7611247,18.043,0.5841,0.8796,0.9956,0.0044,0.6577,7611247
SmolLM2-360M,full-attention,lfu,16,1073741824,40983606.56,40983606.56,40983606.56,108950.00,13419.22,0.9975,0,8014362,36.500,0.3168,0.9652,0.9975,0.0025,0.6360,8014362
SmolLM2-360M,sliding-window,lfu,16,1073741824,40983606.56,40983606.56,40983606.56,108915.95,13419.22,0.9968,0,7994751,32.000,0.2973,0.7940,0.9968,0.0032,0.6525,7994751
SmolLM2-360M,recency+sinks,lfu,16,1073741824,40983606.56,40983606.56,40983606.56,108950.00,13419.22,0.9975,0,8014362,33.000,0.3166,0.8721,0.9975,0.0025,0.6360,8014362
SmolLM2-360M,topk-attention-blocks,lfu,16,1073741824,40983606.56,40983606.56,40983606.56,108677.62,13419.22,0.9948,0,7565488,12.132,0.8068,0.8169,0.9948,0.0052,0.6781,7565488
SmolLM2-360M,heavy-hitter-blocks,lfu,16,1073741824,40983606.56,40983606.56,40983606.56,108677.62,13419.22,0.9948,0,7565488,8.188,0.8080,0.5522,0.9948,0.0052,0.6781,7565488
SmolLM2-360M,recency-frequency-hybrid,lfu,16,1073741824,40983606.56,40983606.56,40983606.56,108915.95,13419.22,0.9968,0,7994751,33.647,0.3307,0.9288,0.9968,0.0032,0.6525,7994751
SmolLM2-360M,oracle,lfu,16,1073741824,40983606.56,40983606.56,40983606.56,98565.70,13419.22,1.0000,0,0,11.981,1.0000,1.0000,1.0000,0.0000,0.0000,0
SmolLM2-360M,membrane-predictive,lfu,16,1073741824,40983606.56,40983606.56,40983606.56,108711.67,13419.22,0.9956,0,7611247,18.043,0.5841,0.8796,0.9956,0.0044,0.6577,7611247
SmolLM2-360M,full-attention,attention-score-aware,16,1073741824,40983606.56,40983606.56,40983606.56,108950.00,13419.22,0.9975,0,8014362,36.500,0.3168,0.9652,0.9975,0.0025,0.6360,8014362
SmolLM2-360M,sliding-window,attention-score-aware,16,1073741824,40983606.56,40983606.56,40983606.56,108915.95,13419.22,0.9968,0,7994751,32.000,0.2973,0.7940,0.9968,0.0032,0.6525,7994751
SmolLM2-360M,recency+sinks,attention-score-aware,16,1073741824,40983606.56,40983606.56,40983606.56,108950.00,13419.22,0.9975,0,8014362,33.000,0.3166,0.8721,0.9975,0.0025,0.6360,8014362
SmolLM2-360M,topk-attention-blocks,attention-score-aware,16,1073741824,40983606.56,40983606.56,40983606.56,108677.62,13419.22,0.9948,0,7565488,12.132,0.8068,0.8169,0.9948,0.0052,0.6781,7565488
SmolLM2-360M,heavy-hitter-blocks,attention-score-aware,16,1073741824,40983606.56,40983606.56,40983606.56,108677.62,13419.22,0.9948,0,7565488,8.188,0.8080,0.5522,0.9948,0.0052,0.6781,7565488
SmolLM2-360M,recency-frequency-hybrid,attention-score-aware,16,1073741824,40983606.56,40983606.56,40983606.56,108915.95,13419.22,0.9968,0,7994751,33.647,0.3307,0.9288,0.9968,0.0032,0.6525,7994751
SmolLM2-360M,oracle,attention-score-aware,16,1073741824,40983606.56,40983606.56,40983606.56,98565.70,13419.22,1.0000,0,0,11.981,1.0000,1.0000,1.0000,0.0000,0.0000,0
SmolLM2-360M,membrane-predictive,attention-score-aware,16,1073741824,40983606.56,40983606.56,40983606.56,108711.67,13419.22,0.9956,0,7611247,18.043,0.5841,0.8796,0.9956,0.0044,0.6577,7611247
SmolLM2-360M,full-attention,segmented-lru,16,1073741824,40983606.56,40983606.56,40983606.56,108950.00,13419.22,0.9975,0,8014362,36.500,0.3168,0.9652,0.9975,0.0025,0.6360,8014362
SmolLM2-360M,sliding-window,segmented-lru,16,1073741824,40983606.56,40983606.56,40983606.56,108915.95,13419.22,0.9968,0,7994751,32.000,0.2973,0.7940,0.9968,0.0032,0.6525,7994751
SmolLM2-360M,recency+sinks,segmented-lru,16,1073741824,40983606.56,40983606.56,40983606.56,108950.00,13419.22,0.9975,0,8014362,33.000,0.3166,0.8721,0.9975,0.0025,0.6360,8014362
SmolLM2-360M,topk-attention-blocks,segmented-lru,16,1073741824,40983606.56,40983606.56,40983606.56,108677.62,13419.22,0.9948,0,7565488,12.132,0.8068,0.8169,0.9948,0.0052,0.6781,7565488
SmolLM2-360M,heavy-hitter-blocks,segmented-lru,16,1073741824,40983606.56,40983606.56,40983606.56,108677.62,13419.22,0.9948,0,7565488,8.188,0.8080,0.5522,0.9948,0.0052,0.6781,7565488
SmolLM2-360M,recency-frequency-hybrid,segmented-lru,16,1073741824,40983606.56,40983606.56,40983606.56,108915.95,13419.22,0.9968,0,7994751,33.647,0.3307,0.9288,0.9968,0.0032,0.6525,7994751
SmolLM2-360M,oracle,segmented-lru,16,1073741824,40983606.56,40983606.56,40983606.56,98565.70,13419.22,1.0000,0,0,11.981,1.0000,1.0000,1.0000,0.0000,0.0000,0
SmolLM2-360M,membrane-predictive,segmented-lru,16,1073741824,40983606.56,40983606.56,40983606.56,108711.67,13419.22,0.9956,0,7611247,18.043,0.5841,0.8796,0.9956,0.0044,0.6577,7611247
SmolLM2-360M,full-attention,lru,16,4294967296,40983606.56,40983606.56,40983606.56,108950.00,13419.22,0.9975,0,8014362,36.500,0.3168,0.9652,0.9975,0.0025,0.6360,8014362
SmolLM2-360M,sliding-window,lru,16,4294967296,40983606.56,40983606.56,40983606.56,108915.95,13419.22,0.9968,0,7994751,32.000,0.2973,0.7940,0.9968,0.0032,0.6525,7994751
SmolLM2-360M,recency+sinks,lru,16,4294967296,40983606.56,40983606.56,40983606.56,108950.00,13419.22,0.9975,0,8014362,33.000,0.3166,0.8721,0.9975,0.0025,0.6360,8014362
SmolLM2-360M,topk-attention-blocks,lru,16,4294967296,40983606.56,40983606.56,40983606.56,108677.62,13419.22,0.9948,0,7565488,12.132,0.8068,0.8169,0.9948,0.0052,0.6781,7565488
SmolLM2-360M,heavy-hitter-blocks,lru,16,4294967296,40983606.56,40983606.56,40983606.56,108677.62,13419.22,0.9948,0,7565488,8.188,0.8080,0.5522,0.9948,0.0052,0.6781,7565488
SmolLM2-360M,recency-frequency-hybrid,lru,16,4294967296,40983606.56,40983606.56,40983606.56,108915.95,13419.22,0.9968,0,7994751,33.647,0.3307,0.9288,0.9968,0.0032,0.6525,7994751
SmolLM2-360M,oracle,lru,16,4294967296,40983606.56,40983606.56,40983606.56,98565.70,13419.22,1.0000,0,0,11.981,1.0000,1.0000,1.0000,0.0000,0.0000,0
SmolLM2-360M,membrane-predictive,lru,16,4294967296,40983606.56,40983606.56,40983606.56,108711.67,13419.22,0.9956,0,7611247,18.043,0.5841,0.8796,0.9956,0.0044,0.6577,7611247
SmolLM2-360M,full-attention,lfu,16,4294967296,40983606.56,40983606.56,40983606.56,108950.00,13419.22,0.9975,0,8014362,36.500,0.3168,0.9652,0.9975,0.0025,0.6360,8014362
SmolLM2-360M,sliding-window,lfu,16,4294967296,40983606.56,40983606.56,40983606.56,108915.95,13419.22,0.9968,0,7994751,32.000,0.2973,0.7940,0.9968,0.0032,0.6525,7994751
SmolLM2-360M,recency+sinks,lfu,16,4294967296,40983606.56,40983606.56,40983606.56,108950.00,13419.22,0.9975,0,8014362,33.000,0.3166,0.8721,0.9975,0.0025,0.6360,8014362
SmolLM2-360M,topk-attention-blocks,lfu,16,4294967296,40983606.56,40983606.56,40983606.56,108677.62,13419.22,0.9948,0,7565488,12.132,0.8068,0.8169,0.9948,0.0052,0.6781,7565488
SmolLM2-360M,heavy-hitter-blocks,lfu,16,4294967296,40983606.56,40983606.56,40983606.56,108677.62,13419.22,0.9948,0,7565488,8.188,0.8080,0.5522,0.9948,0.0052,0.6781,7565488
SmolLM2-360M,recency-frequency-hybrid,lfu,16,4294967296,40983606.56,40983606.56,40983606.56,108915.95,13419.22,0.9968,0,7994751,33.647,0.3307,0.9288,0.9968,0.0032,0.6525,7994751
SmolLM2-360M,oracle,lfu,16,4294967296,40983606.56,40983606.56,40983606.56,98565.70,13419.22,1.0000,0,0,11.981,1.0000,1.0000,1.0000,0.0000,0.0000,0
SmolLM2-360M,membrane-predictive,lfu,16,4294967296,40983606.56,40983606.56,40983606.56,108711.67,13419.22,0.9956,0,7611247,18.043,0.5841,0.8796,0.9956,0.0044,0.6577,7611247
SmolLM2-360M,full-attention,attention-score-aware,16,4294967296,40983606.56,40983606.56,40983606.56,108950.00,13419.22,0.9975,0,8014362,36.500,0.3168,0.9652,0.9975,0.0025,0.6360,8014362
SmolLM2-360M,sliding-window,attention-score-aware,16,4294967296,40983606.56,40983606.56,40983606.56,108915.95,13419.22,0.9968,0,7994751,32.000,0.2973,0.7940,0.9968,0.0032,0.6525,7994751
SmolLM2-360M,recency+sinks,attention-score-aware,16,4294967296,40983606.56,40983606.56,40983606.56,108950.00,13419.22,0.9975,0,8014362,33.000,0.3166,0.8721,0.9975,0.0025,0.6360,8014362
SmolLM2-360M,topk-attention-blocks,attention-score-aware,16,4294967296,40983606.56,40983606.56,40983606.56,108677.62,13419.22,0.9948,0,7565488,12.132,0.8068,0.8169,0.9948,0.0052,0.6781,7565488
SmolLM2-360M,heavy-hitter-blocks,attention-score-aware,16,4294967296,40983606.56,40983606.56,40983606.56,108677.62,13419.22,0.9948,0,7565488,8.188,0.8080,0.5522,0.9948,0.0052,0.6781,7565488
SmolLM2-360M,recency-frequency-hybrid,attention-score-aware,16,4294967296,40983606.56,40983606.56,40983606.56,108915.95,13419.22,0.9968,0,7994751,33.647,0.3307,0.9288,0.9968,0.0032,0.6525,7994751
SmolLM2-360M,oracle,attention-score-aware,16,4294967296,40983606.56,40983606.56,40983606.56,98565.70,13419.22,1.0000,0,0,11.981,1.0000,1.0000,1.0000,0.0000,0.0000,0
SmolLM2-360M,membrane-predictive,attention-score-aware,16,4294967296,40983606.56,40983606.56,40983606.56,108711.67,13419.22,0.9956,0,7611247,18.043,0.5841,0.8796,0.9956,0.0044,0.6577,7611247
SmolLM2-360M,full-attention,segmented-lru,16,4294967296,40983606.56,40983606.56,40983606.56,108950.00,13419.22,0.9975,0,8014362,36.500,0.3168,0.9652,0.9975,0.0025,0.6360,8014362
SmolLM2-360M,sliding-window,segmented-lru,16,4294967296,40983606.56,40983606.56,40983606.56,108915.95,13419.22,0.9968,0,7994751,32.000,0.2973,0.7940,0.9968,0.0032,0.6525,7994751
SmolLM2-360M,recency+sinks,segmented-lru,16,4294967296,40983606.56,40983606.56,40983606.56,108950.00,13419.22,0.9975,0,8014362,33.000,0.3166,0.8721,0.9975,0.0025,0.6360,8014362
SmolLM2-360M,topk-attention-blocks,segmented-lru,16,4294967296,40983606.56,40983606.56,40983606.56,108677.62,13419.22,0.9948,0,7565488,12.132,0.8068,0.8169,0.9948,0.0052,0.6781,7565488
SmolLM2-360M,heavy-hitter-blocks,segmented-lru,16,4294967296,40983606.56,40983606.56,40983606.56,108677.62,13419.22,0.9948,0,7565488,8.188,0.8080,0.5522,0.9948,0.0052,0.6781,7565488
SmolLM2-360M,recency-frequency-hybrid,segmented-lru,16,4294967296,40983606.56,40983606.56,40983606.56,108915.95,13419.22,0.9968,0,7994751,33.647,0.3307,0.9288,0.9968,0.0032,0.6525,7994751
SmolLM2-360M,oracle,segmented-lru,16,4294967296,40983606.56,40983606.56,40983606.56,98565.70,13419.22,1.0000,0,0,11.981,1.0000,1.0000,1.0000,0.0000,0.0000,0
SmolLM2-360M,membrane-predictive,segmented-lru,16,4294967296,40983606.56,40983606.56,40983606.56,108711.67,13419.22,0.9956,0,7611247,18.043,0.5841,0.8796,0.9956,0.0044,0.6577,7611247
SmolLM2-360M,full-attention,lru,16,8589934592,40983606.56,40983606.56,40983606.56,108950.00,13419.22,0.9975,0,8014362,36.500,0.3168,0.9652,0.9975,0.0025,0.6360,8014362
SmolLM2-360M,sliding-window,lru,16,8589934592,40983606.56,40983606.56,40983606.56,108915.95,13419.22,0.9968,0,7994751,32.000,0.2973,0.7940,0.9968,0.0032,0.6525,7994751
SmolLM2-360M,recency+sinks,lru,16,8589934592,40983606.56,40983606.56,40983606.56,108950.00,13419.22,0.9975,0,8014362,33.000,0.3166,0.8721,0.9975,0.0025,0.6360,8014362
SmolLM2-360M,topk-attention-blocks,lru,16,8589934592,40983606.56,40983606.56,40983606.56,108677.62,13419.22,0.9948,0,7565488,12.132,0.8068,0.8169,0.9948,0.0052,0.6781,7565488
SmolLM2-360M,heavy-hitter-blocks,lru,16,8589934592,40983606.56,40983606.56,40983606.56,108677.62,13419.22,0.9948,0,7565488,8.188,0.8080,0.5522,0.9948,0.0052,0.6781,7565488
SmolLM2-360M,recency-frequency-hybrid,lru,16,8589934592,40983606.56,40983606.56,40983606.56,108915.95,13419.22,0.9968,0,7994751,33.647,0.3307,0.9288,0.9968,0.0032,0.6525,7994751
SmolLM2-360M,oracle,lru,16,8589934592,40983606.56,40983606.56,40983606.56,98565.70,13419.22,1.0000,0,0,11.981,1.0000,1.0000,1.0000,0.0000,0.0000,0
SmolLM2-360M,membrane-predictive,lru,16,8589934592,40983606.56,40983606.56,40983606.56,108711.67,13419.22,0.9956,0,7611247,18.043,0.5841,0.8796,0.9956,0.0044,0.6577,7611247
SmolLM2-360M,full-attention,lfu,16,8589934592,40983606.56,40983606.56,40983606.56,108950.00,13419.22,0.9975,0,8014362,36.500,0.3168,0.9652,0.9975,0.0025,0.6360,8014362
SmolLM2-360M,sliding-window,lfu,16,8589934592,40983606.56,40983606.56,40983606.56,108915.95,13419.22,0.9968,0,7994751,32.000,0.2973,0.7940,0.9968,0.0032,0.6525,7994751
SmolLM2-360M,recency+sinks,lfu,16,8589934592,40983606.56,40983606.56,40983606.56,108950.00,13419.22,0.9975,0,8014362,33.000,0.3166,0.8721,0.9975,0.0025,0.6360,8014362
SmolLM2-360M,topk-attention-blocks,lfu,16,8589934592,40983606.56,40983606.56,40983606.56,108677.62,13419.22,0.9948,0,7565488,12.132,0.8068,0.8169,0.9948,0.0052,0.6781,7565488
SmolLM2-360M,heavy-hitter-blocks,lfu,16,8589934592,40983606.56,40983606.56,40983606.56,108677.62,13419.22,0.9948,0,7565488,8.188,0.8080,0.5522,0.9948,0.0052,0.6781,7565488
SmolLM2-360M,recency-frequency-hybrid,lfu,16,8589934592,40983606.56,40983606.56,40983606.56,108915.95,13419.22,0.9968,0,7994751,33.647,0.3307,0.9288,0.9968,0.0032,0.6525,7994751
SmolLM2-360M,oracle,lfu,16,8589934592,40983606.56,40983606.56,40983606.56,98565.70,13419.22,1.0000,0,0,11.981,1.0000,1.0000,1.0000,0.0000,0.0000,0
SmolLM2-360M,membrane-predictive,lfu,16,8589934592,40983606.56,40983606.56,40983606.56,108711.67,13419.22,0.9956,0,7611247,18.043,0.5841,0.8796,0.9956,0.0044,0.6577,7611247
SmolLM2-360M,full-attention,attention-score-aware,16,8589934592,40983606.56,40983606.56,40983606.56,108950.00,13419.22,0.9975,0,8014362,36.500,0.3168,0.9652,0.9975,0.0025,0.6360,8014362
SmolLM2-360M,sliding-window,attention-score-aware,16,8589934592,40983606.56,40983606.56,40983606.56,108915.95,13419.22,0.9968,0,7994751,32.000,0.2973,0.7940,0.9968,0.0032,0.6525,7994751
SmolLM2-360M,recency+sinks,attention-score-aware,16,8589934592,40983606.56,40983606.56,40983606.56,108950.00,13419.22,0.9975,0,8014362,33.000,0.3166,0.8721,0.9975,0.0025,0.6360,8014362
SmolLM2-360M,topk-attention-blocks,attention-score-aware,16,8589934592,40983606.56,40983606.56,40983606.56,108677.62,13419.22,0.9948,0,7565488,12.132,0.8068,0.8169,0.9948,0.0052,0.6781,7565488
SmolLM2-360M,heavy-hitter-blocks,attention-score-aware,16,8589934592,40983606.56,40983606.56,40983606.56,108677.62,13419.22,0.9948,0,7565488,8.188,0.8080,0.5522,0.9948,0.0052,0.6781,7565488
SmolLM2-360M,recency-frequency-hybrid,attention-score-aware,16,8589934592,40983606.56,40983606.56,40983606.56,108915.95,13419.22,0.9968,0,7994751,33.647,0.3307,0.9288,0.9968,0.0032,0.6525,7994751
SmolLM2-360M,oracle,attention-score-aware,16,8589934592,40983606.56,40983606.56,40983606.56,98565.70,13419.22,1.0000,0,0,11.981,1.0000,1.0000,1.0000,0.0000,0.0000,0
SmolLM2-360M,membrane-predictive,attention-score-aware,16,8589934592,40983606.56,40983606.56,40983606.56,108711.67,13419.22,0.9956,0,7611247,18.043,0.5841,0.8796,0.9956,0.0044,0.6577,7611247
SmolLM2-360M,full-attention,segmented-lru,16,8589934592,40983606.56,40983606.56,40983606.56,108950.00,13419.22,0.9975,0,8014362,36.500,0.3168,0.9652,0.9975,0.0025,0.6360,8014362
SmolLM2-360M,sliding-window,segmented-lru,16,8589934592,40983606.56,40983606.56,40983606.56,108915.95,13419.22,0.9968,0,7994751,32.000,0.2973,0.7940,0.9968,0.0032,0.6525,7994751
SmolLM2-360M,recency+sinks,segmented-lru,16,8589934592,40983606.56,40983606.56,40983606.56,108950.00,13419.22,0.9975,0,8014362,33.000,0.3166,0.8721,0.9975,0.0025,0.6360,8014362
SmolLM2-360M,topk-attention-blocks,segmented-lru,16,8589934592,40983606.56,40983606.56,40983606.56,108677.62,13419.22,0.9948,0,7565488,12.132,0.8068,0.8169,0.9948,0.0052,0.6781,7565488
SmolLM2-360M,heavy-hitter-blocks,segmented-lru,16,8589934592,40983606.56,40983606.56,40983606.56,108677.62,13419.22,0.9948,0,7565488,8.188,0.8080,0.5522,0.9948,0.0052,0.6781,7565488
SmolLM2-360M,recency-frequency-hybrid,segmented-lru,16,8589934592,40983606.56,40983606.56,40983606.56,108915.95,13419.22,0.9968,0,7994751,33.647,0.3307,0.9288,0.9968,0.0032,0.6525,7994751
SmolLM2-360M,oracle,segmented-lru,16,8589934592,40983606.56,40983606.56,40983606.56,98565.70,13419.22,1.0000,0,0,11.981,1.0000,1.0000,1.0000,0.0000,0.0000,0
SmolLM2-360M,membrane-predictive,segmented-lru,16,8589934592,40983606.56,40983606.56,40983606.56,108711.67,13419.22,0.9956,0,7611247,18.043,0.5841,0.8796,0.9956,0.0044,0.6577,7611247
SmolLM2-360M,full-attention,lru,32,67108864,40983606.56,40983606.56,40983606.56,108950.00,12518.79,1.0000,0,4588974,18.500,0.6042,1.0000,1.0000,0.0000,0.3291,4588974
SmolLM2-360M,sliding-window,lru,32,67108864,40983606.56,40983606.56,40983606.56,108950.00,12518.79,0.9993,0,4567184,16.000,0.6078,0.8700,0.9993,0.0007,0.3447,4567184
SmolLM2-360M,recency+sinks,lru,32,67108864,40983606.56,40983606.56,40983606.56,108950.00,12518.79,1.0000,0,4588974,17.000,0.6287,0.9562,1.0000,0.0000,0.3291,4588974
SmolLM2-360M,topk-attention-blocks,lru,32,67108864,40983606.56,40983606.56,40983606.56,108881.91,12518.79,0.9972,0,4192396,11.213,0.8759,0.8787,0.9972,0.0028,0.3758,4192396
SmolLM2-360M,heavy-hitter-blocks,lru,32,67108864,40983606.56,40983606.56,40983606.56,108881.91,12518.79,0.9972,0,4192396,8.062,0.8857,0.6389,0.9972,0.0028,0.3758,4192396
SmolLM2-360M,recency-frequency-hybrid,lru,32,67108864,40983606.56,40983606.56,40983606.56,108950.00,12518.79,0.9993,0,4567184,16.986,0.6293,0.9563,0.9993,0.0007,0.3447,4567184
SmolLM2-360M,oracle,lru,32,67108864,40983606.56,40983606.56,40983606.56,107792.41,12518.79,1.0000,0,0,11.177,1.0000,1.0000,1.0000,0.0000,0.0000,0
SmolLM2-360M,membrane-predictive,lru,32,67108864,40983606.56,40983606.56,40983606.56,108881.91,12518.79,0.9990,0,4401580,16.278,0.6719,0.9786,0.9990,0.0010,0.3394,4401580
SmolLM2-360M,full-attention,lfu,32,67108864,40983606.56,40983606.56,40983606.56,108950.00,12518.79,1.0000,0,4588974,18.500,0.6042,1.0000,1.0000,0.0000,0.3291,4588974
SmolLM2-360M,sliding-window,lfu,32,67108864,40983606.56,40983606.56,40983606.56,108950.00,12518.79,0.9993,0,4567184,16.000,0.6078,0.8700,0.9993,0.0007,0.3447,4567184
SmolLM2-360M,recency+sinks,lfu,32,67108864,40983606.56,40983606.56,40983606.56,108950.00,12518.79,1.0000,0,4588974,17.000,0.6287,0.9562,1.0000,0.0000,0.3291,4588974
SmolLM2-360M,topk-attention-blocks,lfu,32,67108864,40983606.56,40983606.56,40983606.56,108881.91,12518.79,0.9972,0,4192396,11.213,0.8759,0.8787,0.9972,0.0028,0.3758,4192396
SmolLM2-360M,heavy-hitter-blocks,lfu,32,67108864,40983606.56,40983606.56,40983606.56,108881.91,12518.79,0.9972,0,4192396,8.062,0.8857,0.6389,0.9972,0.0028,0.3758,4192396
SmolLM2-360M,recency-frequency-hybrid,lfu,32,67108864,40983606.56,40983606.56,40983606.56,108950.00,12518.79,0.9993,0,4567184,16.986,0.6293,0.9563,0.9993,0.0007,0.3447,4567184
SmolLM2-360M,oracle,lfu,32,67108864,40983606.56,40983606.56,40983606.56,107792.41,12518.79,1.0000,0,0,11.177,1.0000,1.0000,1.0000,0.0000,0.0000,0
SmolLM2-360M,membrane-predictive,lfu,32,67108864,40983606.56,40983606.56,40983606.56,108881.91,12518.79,0.9990,0,4401580,16.278,0.6719,0.9786,0.9990,0.0010,0.3394,4401580
SmolLM2-360M,full-attention,attention-score-aware,32,67108864,40983606.56,40983606.56,40983606.56,108950.00,12518.79,1.0000,0,4588974,18.500,0.6042,1.0000,1.0000,0.0000,0.3291,4588974
SmolLM2-360M,sliding-window,attention-score-aware,32,67108864,40983606.56,40983606.56,40983606.56,108950.00,12518.79,0.9993,0,4567184,16.000,0.6078,0.8700,0.9993,0.0007,0.3447,4567184
SmolLM2-360M,recency+sinks,attention-score-aware,32,67108864,40983606.56,40983606.56,40983606.56,108950.00,12518.79,1.0000,0,4588974,17.000,0.6287,0.9562,1.0000,0.0000,0.3291,4588974
SmolLM2-360M,topk-attention-blocks,attention-score-aware,32,67108864,40983606.56,40983606.56,40983606.56,108881.91,12518.79,0.9972,0,4192396,11.213,0.8759,0.8787,0.9972,0.0028,0.3758,4192396
SmolLM2-360M,heavy-hitter-blocks,attention-score-aware,32,67108864,40983606.56,40983606.56,40983606.56,108881.91,12518.79,0.9972,0,4192396,8.062,0.8857,0.6389,0.9972,0.0028,0.3758,4192396
SmolLM2-360M,recency-frequency-hybrid,attention-score-aware,32,67108864,40983606.56,40983606.56,40983606.56,108950.00,12518.79,0.9993,0,4567184,16.986,0.6293,0.9563,0.9993,0.0007,0.3447,4567184
SmolLM2-360M,oracle,attention-score-aware,32,67108864,40983606.56,40983606.56,40983606.56,107792.41,12518.79,1.0000,0,0,11.177,1.0000,1.0000,1.0000,0.0000,0.0000,0
SmolLM2-360M,membrane-predictive,attention-score-aware,32,67108864,40983606.56,40983606.56,40983606.56,108881.91,12518.79,0.9990,0,4401580,16.278,0.6719,0.9786,0.9990,0.0010,0.3394,4401580
SmolLM2-360M,full-attention,segmented-lru,32,67108864,40983606.56,40983606.56,40983606.56,108950.00,12518.79,1.0000,0,4588974,18.500,0.6042,1.0000,1.0000,0.0000,0.3291,4588974
SmolLM2-360M,sliding-window,segmented-lru,32,67108864,40983606.56,40983606.56,40983606.56,108950.00,12518.79,0.9993,0,4567184,16.000,0.6078,0.8700,0.9993,0.0007,0.3447,4567184
SmolLM2-360M,recency+sinks,segmented-lru,32,67108864,40983606.56,40983606.56,40983606.56,108950.00,12518.79,1.0000,0,4588974,17.000,0.6287,0.9562,1.0000,0.0000,0.3291,4588974
SmolLM2-360M,topk-attention-blocks,segmented-lru,32,67108864,40983606.56,40983606.56,40983606.56,108881.91,12518.79,0.9972,0,4192396,11.213,0.8759,0.8787,0.9972,0.0028,0.3758,4192396
SmolLM2-360M,heavy-hitter-blocks,segmented-lru,32,67108864,40983606.56,40983606.56,40983606.56,108881.91,12518.79,0.9972,0,4192396,8.062,0.8857,0.6389,0.9972,0.0028,0.3758,4192396
SmolLM2-360M,recency-frequency-hybrid,segmented-lru,32,67108864,40983606.56,40983606.56,40983606.56,108950.00,12518.79,0.9993,0,4567184,16.986,0.6293,0.9563,0.9993,0.0007,0.3447,4567184
SmolLM2-360M,oracle,segmented-lru,32,67108864,40983606.56,40983606.56,40983606.56,107792.41,12518.79,1.0000,0,0,11.177,1.0000,1.0000,1.0000,0.0000,0.0000,0
SmolLM2-360M,membrane-predictive,segmented-lru,32,67108864,40983606.56,40983606.56,40983606.56,108881.91,12518.79,0.9990,0,4401580,16.278,0.6719,0.9786,0.9990,0.0010,0.3394,4401580
SmolLM2-360M,full-attention,lru,32,268435456,40983606.56,40983606.56,40983606.56,108950.00,12518.79,1.0000,0,4588974,18.500,0.6042,1.0000,1.0000,0.0000,0.3291,4588974
SmolLM2-360M,sliding-window,lru,32,268435456,40983606.56,40983606.56,40983606.56,108950.00,12518.79,0.9993,0,4567184,16.000,0.6078,0.8700,0.9993,0.0007,0.3447,4567184
SmolLM2-360M,recency+sinks,lru,32,268435456,40983606.56,40983606.56,40983606.56,108950.00,12518.79,1.0000,0,4588974,17.000,0.6287,0.9562,1.0000,0.0000,0.3291,4588974
SmolLM2-360M,topk-attention-blocks,lru,32,268435456,40983606.56,40983606.56,40983606.56,108881.91,12518.79,0.9972,0,4192396,11.213,0.8759,0.8787,0.9972,0.0028,0.3758,4192396
SmolLM2-360M,heavy-hitter-blocks,lru,32,268435456,40983606.56,40983606.56,40983606.56,108881.91,12518.79,0.9972,0,4192396,8.062,0.8857,0.6389,0.9972,0.0028,0.3758,4192396
SmolLM2-360M,recency-frequency-hybrid,lru,32,268435456,40983606.56,40983606.56,40983606.56,108950.00,12518.79,0.9993,0,4567184,16.986,0.6293,0.9563,0.9993,0.0007,0.3447,4567184
SmolLM2-360M,oracle,lru,32,268435456,40983606.56,40983606.56,40983606.56,107792.41,12518.79,1.0000,0,0,11.177,1.0000,1.0000,1.0000,0.0000,0.0000,0
SmolLM2-360M,membrane-predictive,lru,32,268435456,40983606.56,40983606.56,40983606.56,108881.91,12518.79,0.9990,0,4401580,16.278,0.6719,0.9786,0.9990,0.0010,0.3394,4401580
SmolLM2-360M,full-attention,lfu,32,268435456,40983606.56,40983606.56,40983606.56,108950.00,12518.79,1.0000,0,4588974,18.500,0.6042,1.0000,1.0000,0.0000,0.3291,4588974
SmolLM2-360M,sliding-window,lfu,32,268435456,40983606.56,40983606.56,40983606.56,108950.00,12518.79,0.9993,0,4567184,16.000,0.6078,0.8700,0.9993,0.0007,0.3447,4567184
SmolLM2-360M,recency+sinks,lfu,32,268435456,40983606.56,40983606.56,40983606.56,108950.00,12518.79,1.0000,0,4588974,17.000,0.6287,0.9562,1.0000,0.0000,0.3291,4588974
SmolLM2-360M,topk-attention-blocks,lfu,32,268435456,40983606.56,40983606.56,40983606.56,108881.91,12518.79,0.9972,0,4192396,11.213,0.8759,0.8787,0.9972,0.0028,0.3758,4192396
SmolLM2-360M,heavy-hitter-blocks,lfu,32,268435456,40983606.56,40983606.56,40983606.56,108881.91,12518.79,0.9972,0,4192396,8.062,0.8857,0.6389,0.9972,0.0028,0.3758,4192396
SmolLM2-360M,recency-frequency-hybrid,lfu,32,268435456,40983606.56,40983606.56,40983606.56,108950.00,12518.79,0.9993,0,4567184,16.986,0.6293,0.9563,0.9993,0.0007,0.3447,4567184
SmolLM2-360M,oracle,lfu,32,268435456,40983606.56,40983606.56,40983606.56,107792.41,12518.79,1.0000,0,0,11.177,1.0000,1.0000,1.0000,0.0000,0.0000,0
SmolLM2-360M,membrane-predictive,lfu,32,268435456,40983606.56,40983606.56,40983606.56,108881.91,12518.79,0.9990,0,4401580,16.278,0.6719,0.9786,0.9990,0.0010,0.3394,4401580
SmolLM2-360M,full-attention,attention-score-aware,32,268435456,40983606.56,40983606.56,40983606.56,108950.00,12518.79,1.0000,0,4588974,18.500,0.6042,1.0000,1.0000,0.0000,0.3291,4588974
SmolLM2-360M,sliding-window,attention-score-aware,32,268435456,40983606.56,40983606.56,40983606.56,108950.00,12518.79,0.9993,0,4567184,16.000,0.6078,0.8700,0.9993,0.0007,0.3447,4567184
SmolLM2-360M,recency+sinks,attention-score-aware,32,268435456,40983606.56,40983606.56,40983606.56,108950.00,12518.79,1.0000,0,4588974,17.000,0.6287,0.9562,1.0000,0.0000,0.3291,4588974
SmolLM2-360M,topk-attention-blocks,attention-score-aware,32,268435456,40983606.56,40983606.56,40983606.56,108881.91,12518.79,0.9972,0,4192396,11.213,0.8759,0.8787,0.9972,0.0028,0.3758,4192396
SmolLM2-360M,heavy-hitter-blocks,attention-score-aware,32,268435456,40983606.56,40983606.56,40983606.56,108881.91,12518.79,0.9972,0,4192396,8.062,0.8857,0.6389,0.9972,0.0028,0.3758,4192396
SmolLM2-360M,recency-frequency-hybrid,attention-score-aware,32,268435456,40983606.56,40983606.56,40983606.56,108950.00,12518.79,0.9993,0,4567184,16.986,0.6293,0.9563,0.9993,0.0007,0.3447,4567184
SmolLM2-360M,oracle,attention-score-aware,32,268435456,40983606.56,40983606.56,40983606.56,107792.41,12518.79,1.0000,0,0,11.177,1.0000,1.0000,1.0000,0.0000,0.0000,0
SmolLM2-360M,membrane-predictive,attention-score-aware,32,268435456,40983606.56,40983606.56,40983606.56,108881.91,12518.79,0.9990,0,4401580,16.278,0.6719,0.9786,0.9990,0.0010,0.3394,4401580
SmolLM2-360M,full-attention,segmented-lru,32,268435456,40983606.56,40983606.56,40983606.56,108950.00,12518.79,1.0000,0,4588974,18.500,0.6042,1.0000,1.0000,0.0000,0.3291,4588974
SmolLM2-360M,sliding-window,segmented-lru,32,268435456,40983606.56,40983606.56,40983606.56,108950.00,12518.79,0.9993,0,4567184,16.000,0.6078,0.8700,0.9993,0.0007,0.3447,4567184
SmolLM2-360M,recency+sinks,segmented-lru,32,268435456,40983606.56,40983606.56,40983606.56,108950.00,12518.79,1.0000,0,4588974,17.000,0.6287,0.9562,1.0000,0.0000,0.3291,4588974
SmolLM2-360M,topk-attention-blocks,segmented-lru,32,268435456,40983606.56,40983606.56,40983606.56,108881.91,12518.79,0.9972,0,4192396,11.213,0.8759,0.8787,0.9972,0.0028,0.3758,4192396
SmolLM2-360M,heavy-hitter-blocks,segmented-lru,32,268435456,40983606.56,40983606.56,40983606.56,108881.91,12518.79,0.9972,0,4192396,8.062,0.8857,0.6389,0.9972,0.0028,0.3758,4192396
SmolLM2-360M,recency-frequency-hybrid,segmented-lru,32,268435456,40983606.56,40983606.56,40983606.56,108950.00,12518.79,0.9993,0,4567184,16.986,0.6293,0.9563,0.9993,0.0007,0.3447,4567184
SmolLM2-360M,oracle,segmented-lru,32,268435456,40983606.56,40983606.56,40983606.56,107792.41,12518.79,1.0000,0,0,11.177,1.0000,1.0000,1.0000,0.0000,0.0000,0
SmolLM2-360M,membrane-predictive,segmented-lru,32,268435456,40983606.56,40983606.56,40983606.56,108881.91,12518.79,0.9990,0,4401580,16.278,0.6719,0.9786,0.9990,0.0010,0.3394,4401580
SmolLM2-360M,full-attention,lru,32,1073741824,40983606.56,40983606.56,40983606.56,108950.00,12518.79,1.0000,0,4588974,18.500,0.6042,1.0000,1.0000,0.0000,0.3291,4588974
SmolLM2-360M,sliding-window,lru,32,1073741824,40983606.56,40983606.56,40983606.56,108950.00,12518.79,0.9993,0,4567184,16.000,0.6078,0.8700,0.9993,0.0007,0.3447,4567184
SmolLM2-360M,recency+sinks,lru,32,1073741824,40983606.56,40983606.56,40983606.56,108950.00,12518.79,1.0000,0,4588974,17.000,0.6287,0.9562,1.0000,0.0000,0.3291,4588974
SmolLM2-360M,topk-attention-blocks,lru,32,1073741824,40983606.56,40983606.56,40983606.56,108881.91,12518.79,0.9972,0,4192396,11.213,0.8759,0.8787,0.9972,0.0028,0.3758,4192396
SmolLM2-360M,heavy-hitter-blocks,lru,32,1073741824,40983606.56,40983606.56,40983606.56,108881.91,12518.79,0.9972,0,4192396,8.062,0.8857,0.6389,0.9972,0.0028,0.3758,4192396
SmolLM2-360M,recency-frequency-hybrid,lru,32,1073741824,40983606.56,40983606.56,40983606.56,108950.00,12518.79,0.9993,0,4567184,16.986,0.6293,0.9563,0.9993,0.0007,0.3447,4567184
SmolLM2-360M,oracle,lru,32,1073741824,40983606.56,40983606.56,40983606.56,107792.41,12518.79,1.0000,0,0,11.177,1.0000,1.0000,1.0000,0.0000,0.0000,0
SmolLM2-360M,membrane-predictive,lru,32,1073741824,40983606.56,40983606.56,40983606.56,108881.91,12518.79,0.9990,0,4401580,16.278,0.6719,0.9786,0.9990,0.0010,0.3394,4401580
SmolLM2-360M,full-attention,lfu,32,1073741824,40983606.56,40983606.56,40983606.56,108950.00,12518.79,1.0000,0,4588974,18.500,0.6042,1.0000,1.0000,0.0000,0.3291,4588974
SmolLM2-360M,sliding-window,lfu,32,1073741824,40983606.56,40983606.56,40983606.56,108950.00,12518.79,0.9993,0,4567184,16.000,0.6078,0.8700,0.9993,0.0007,0.3447,4567184
SmolLM2-360M,recency+sinks,lfu,32,1073741824,40983606.56,40983606.56,40983606.56,108950.00,12518.79,1.0000,0,4588974,17.000,0.6287,0.9562,1.0000,0.0000,0.3291,4588974
SmolLM2-360M,topk-attention-blocks,lfu,32,1073741824,40983606.56,40983606.56,40983606.56,108881.91,12518.79,0.9972,0,4192396,11.213,0.8759,0.8787,0.9972,0.0028,0.3758,4192396
SmolLM2-360M,heavy-hitter-blocks,lfu,32,1073741824,40983606.56,40983606.56,40983606.56,108881.91,12518.79,0.9972,0,4192396,8.062,0.8857,0.6389,0.9972,0.0028,0.3758,4192396
SmolLM2-360M,recency-frequency-hybrid,lfu,32,1073741824,40983606.56,40983606.56,40983606.56,108950.00,12518.79,0.9993,0,4567184,16.986,0.6293,0.9563,0.9993,0.0007,0.3447,4567184
SmolLM2-360M,oracle,lfu,32,1073741824,40983606.56,40983606.56,40983606.56,107792.41,12518.79,1.0000,0,0,11.177,1.0000,1.0000,1.0000,0.0000,0.0000,0
SmolLM2-360M,membrane-predictive,lfu,32,1073741824,40983606.56,40983606.56,40983606.56,108881.91,12518.79,0.9990,0,4401580,16.278,0.6719,0.9786,0.9990,0.0010,0.3394,4401580
SmolLM2-360M,full-attention,attention-score-aware,32,1073741824,40983606.56,40983606.56,40983606.56,108950.00,12518.79,1.0000,0,4588974,18.500,0.6042,1.0000,1.0000,0.0000,0.3291,4588974
SmolLM2-360M,sliding-window,attention-score-aware,32,1073741824,40983606.56,40983606.56,40983606.56,108950.00,12518.79,0.9993,0,4567184,16.000,0.6078,0.8700,0.9993,0.0007,0.3447,4567184
SmolLM2-360M,recency+sinks,attention-score-aware,32,1073741824,40983606.56,40983606.56,40983606.56,108950.00,12518.79,1.0000,0,4588974,17.000,0.6287,0.9562,1.0000,0.0000,0.3291,4588974
SmolLM2-360M,topk-attention-blocks,attention-score-aware,32,1073741824,40983606.56,40983606.56,40983606.56,108881.91,12518.79,0.9972,0,4192396,11.213,0.8759,0.8787,0.9972,0.0028,0.3758,4192396
SmolLM2-360M,heavy-hitter-blocks,attention-score-aware,32,1073741824,40983606.56,40983606.56,40983606.56,108881.91,12518.79,0.9972,0,4192396,8.062,0.8857,0.6389,0.9972,0.0028,0.3758,4192396
SmolLM2-360M,recency-frequency-hybrid,attention-score-aware,32,1073741824,40983606.56,40983606.56,40983606.56,108950.00,12518.79,0.9993,0,4567184,16.986,0.6293,0.9563,0.9993,0.0007,0.3447,4567184
SmolLM2-360M,oracle,attention-score-aware,32,1073741824,40983606.56,40983606.56,40983606.56,107792.41,12518.79,1.0000,0,0,11.177,1.0000,1.0000,1.0000,0.0000,0.0000,0
SmolLM2-360M,membrane-predictive,attention-score-aware,32,1073741824,40983606.56,40983606.56,40983606.56,108881.91,12518.79,0.9990,0,4401580,16.278,0.6719,0.9786,0.9990,0.0010,0.3394,4401580
SmolLM2-360M,full-attention,segmented-lru,32,1073741824,40983606.56,40983606.56,40983606.56,108950.00,12518.79,1.0000,0,4588974,18.500,0.6042,1.0000,1.0000,0.0000,0.3291,4588974
SmolLM2-360M,sliding-window,segmented-lru,32,1073741824,40983606.56,40983606.56,40983606.56,108950.00,12518.79,0.9993,0,4567184,16.000,0.6078,0.8700,0.9993,0.0007,0.3447,4567184
SmolLM2-360M,recency+sinks,segmented-lru,32,1073741824,40983606.56,40983606.56,40983606.56,108950.00,12518.79,1.0000,0,4588974,17.000,0.6287,0.9562,1.0000,0.0000,0.3291,4588974
SmolLM2-360M,topk-attention-blocks,segmented-lru,32,1073741824,40983606.56,40983606.56,40983606.56,108881.91,12518.79,0.9972,0,4192396,11.213,0.8759,0.8787,0.9972,0.0028,0.3758,4192396
SmolLM2-360M,heavy-hitter-blocks,segmented-lru,32,1073741824,40983606.56,40983606.56,40983606.56,108881.91,12518.79,0.9972,0,4192396,8.062,0.8857,0.6389,0.9972,0.0028,0.3758,4192396
SmolLM2-360M,recency-frequency-hybrid,segmented-lru,32,1073741824,40983606.56,40983606.56,40983606.56,108950.00,12518.79,0.9993,0,4567184,16.986,0.6293,0.9563,0.9993,0.0007,0.3447,4567184
SmolLM2-360M,oracle,segmented-lru,32,1073741824,40983606.56,40983606.56,40983606.56,107792.41,12518.79,1.0000,0,0,11.177,1.0000,1.0000,1.0000,0.0000,0.0000,0
SmolLM2-360M,membrane-predictive,segmented-lru,32,1073741824,40983606.56,40983606.56,40983606.56,108881.91,12518.79,0.9990,0,4401580,16.278,0.6719,0.9786,0.9990,0.0010,0.3394,4401580
SmolLM2-360M,full-attention,lru,32,4294967296,40983606.56,40983606.56,40983606.56,108950.00,12518.79,1.0000,0,4588974,18.500,0.6042,1.0000,1.0000,0.0000,0.3291,4588974
SmolLM2-360M,sliding-window,lru,32,4294967296,40983606.56,40983606.56,40983606.56,108950.00,12518.79,0.9993,0,4567184,16.000,0.6078,0.8700,0.9993,0.0007,0.3447,4567184
SmolLM2-360M,recency+sinks,lru,32,4294967296,40983606.56,40983606.56,40983606.56,108950.00,12518.79,1.0000,0,4588974,17.000,0.6287,0.9562,1.0000,0.0000,0.3291,4588974
SmolLM2-360M,topk-attention-blocks,lru,32,4294967296,40983606.56,40983606.56,40983606.56,108881.91,12518.79,0.9972,0,4192396,11.213,0.8759,0.8787,0.9972,0.0028,0.3758,4192396
SmolLM2-360M,heavy-hitter-blocks,lru,32,4294967296,40983606.56,40983606.56,40983606.56,108881.91,12518.79,0.9972,0,4192396,8.062,0.8857,0.6389,0.9972,0.0028,0.3758,4192396
SmolLM2-360M,recency-frequency-hybrid,lru,32,4294967296,40983606.56,40983606.56,40983606.56,108950.00,12518.79,0.9993,0,4567184,16.986,0.6293,0.9563,0.9993,0.0007,0.3447,4567184
SmolLM2-360M,oracle,lru,32,4294967296,40983606.56,40983606.56,40983606.56,107792.41,12518.79,1.0000,0,0,11.177,1.0000,1.0000,1.0000,0.0000,0.0000,0
SmolLM2-360M,membrane-predictive,lru,32,4294967296,40983606.56,40983606.56,40983606.56,108881.91,12518.79,0.9990,0,4401580,16.278,0.6719,0.9786,0.9990,0.0010,0.3394,4401580
SmolLM2-360M,full-attention,lfu,32,4294967296,40983606.56,40983606.56,40983606.56,108950.00,12518.79,1.0000,0,4588974,18.500,0.6042,1.0000,1.0000,0.0000,0.3291,4588974
SmolLM2-360M,sliding-window,lfu,32,4294967296,40983606.56,40983606.56,40983606.56,108950.00,12518.79,0.9993,0,4567184,16.000,0.6078,0.8700,0.9993,0.0007,0.3447,4567184
SmolLM2-360M,recency+sinks,lfu,32,4294967296,40983606.56,40983606.56,40983606.56,108950.00,12518.79,1.0000,0,4588974,17.000,0.6287,0.9562,1.0000,0.0000,0.3291,4588974
SmolLM2-360M,topk-attention-blocks,lfu,32,4294967296,40983606.56,40983606.56,40983606.56,108881.91,12518.79,0.9972,0,4192396,11.213,0.8759,0.8787,0.9972,0.0028,0.3758,4192396
SmolLM2-360M,heavy-hitter-blocks,lfu,32,4294967296,40983606.56,40983606.56,40983606.56,108881.91,12518.79,0.9972,0,4192396,8.062,0.8857,0.6389,0.9972,0.0028,0.3758,4192396
SmolLM2-360M,recency-frequency-hybrid,lfu,32,4294967296,40983606.56,40983606.56,40983606.56,108950.00,12518.79,0.9993,0,4567184,16.986,0.6293,0.9563,0.9993,0.0007,0.3447,4567184
SmolLM2-360M,oracle,lfu,32,4294967296,40983606.56,40983606.56,40983606.56,107792.41,12518.79,1.0000,0,0,11.177,1.0000,1.0000,1.0000,0.0000,0.0000,0
SmolLM2-360M,membrane-predictive,lfu,32,4294967296,40983606.56,40983606.56,40983606.56,108881.91,12518.79,0.9990,0,4401580,16.278,0.6719,0.9786,0.9990,0.0010,0.3394,4401580
SmolLM2-360M,full-attention,attention-score-aware,32,4294967296,40983606.56,40983606.56,40983606.56,108950.00,12518.79,1.0000,0,4588974,18.500,0.6042,1.0000,1.0000,0.0000,0.3291,4588974
SmolLM2-360M,sliding-window,attention-score-aware,32,4294967296,40983606.56,40983606.56,40983606.56,108950.00,12518.79,0.9993,0,4567184,16.000,0.6078,0.8700,0.9993,0.0007,0.3447,4567184
SmolLM2-360M,recency+sinks,attention-score-aware,32,4294967296,40983606.56,40983606.56,40983606.56,108950.00,12518.79,1.0000,0,4588974,17.000,0.6287,0.9562,1.0000,0.0000,0.3291,4588974
SmolLM2-360M,topk-attention-blocks,attention-score-aware,32,4294967296,40983606.56,40983606.56,40983606.56,108881.91,12518.79,0.9972,0,4192396,11.213,0.8759,0.8787,0.9972,0.0028,0.3758,4192396
SmolLM2-360M,heavy-hitter-blocks,attention-score-aware,32,4294967296,40983606.56,40983606.56,40983606.56,108881.91,12518.79,0.9972,0,4192396,8.062,0.8857,0.6389,0.9972,0.0028,0.3758,4192396
SmolLM2-360M,recency-frequency-hybrid,attention-score-aware,32,4294967296,40983606.56,40983606.56,40983606.56,108950.00,12518.79,0.9993,0,4567184,16.986,0.6293,0.9563,0.9993,0.0007,0.3447,4567184
SmolLM2-360M,oracle,attention-score-aware,32,4294967296,40983606.56,40983606.56,40983606.56,107792.41,12518.79,1.0000,0,0,11.177,1.0000,1.0000,1.0000,0.0000,0.0000,0
SmolLM2-360M,membrane-predictive,attention-score-aware,32,4294967296,40983606.56,40983606.56,40983606.56,108881.91,12518.79,0.9990,0,4401580,16.278,0.6719,0.9786,0.9990,0.0010,0.3394,4401580
SmolLM2-360M,full-attention,segmented-lru,32,4294967296,40983606.56,40983606.56,40983606.56,108950.00,12518.79,1.0000,0,4588974,18.500,0.6042,1.0000,1.0000,0.0000,0.3291,4588974
SmolLM2-360M,sliding-window,segmented-lru,32,4294967296,40983606.56,40983606.56,40983606.56,108950.00,12518.79,0.9993,0,4567184,16.000,0.6078,0.8700,0.9993,0.0007,0.3447,4567184
SmolLM2-360M,recency+sinks,segmented-lru,32,4294967296,40983606.56,40983606.56,40983606.56,108950.00,12518.79,1.0000,0,4588974,17.000,0.6287,0.9562,1.0000,0.0000,0.3291,4588974
SmolLM2-360M,topk-attention-blocks,segmented-lru,32,4294967296,40983606.56,40983606.56,40983606.56,108881.91,12518.79,0.9972,0,4192396,11.213,0.8759,0.8787,0.9972,0.0028,0.3758,4192396
SmolLM2-360M,heavy-hitter-blocks,segmented-lru,32,4294967296,40983606.56,40983606.56,40983606.56,108881.91,12518.79,0.9972,0,4192396,8.062,0.8857,0.6389,0.9972,0.0028,0.3758,4192396
SmolLM2-360M,recency-frequency-hybrid,segmented-lru,32,4294967296,40983606.56,40983606.56,40983606.56,108950.00,12518.79,0.9993,0,4567184,16.986,0.6293,0.9563,0.9993,0.0007,0.3447,4567184
SmolLM2-360M,oracle,segmented-lru,32,4294967296,40983606.56,40983606.56,40983606.56,107792.41,12518.79,1.0000,0,0,11.177,1.0000,1.0000,1.0000,0.0000,0.0000,0
SmolLM2-360M,membrane-predictive,segmented-lru,32,4294967296,40983606.56,40983606.56,40983606.56,108881.91,12518.79,0.9990,0,4401580,16.278,0.6719,0.9786,0.9990,0.0010,0.3394,4401580
SmolLM2-360M,full-attention,lru,32,8589934592,40983606.56,40983606.56,40983606.56,108950.00,12518.79,1.0000,0,4588974,18.500,0.6042,1.0000,1.0000,0.0000,0.3291,4588974
SmolLM2-360M,sliding-window,lru,32,8589934592,40983606.56,40983606.56,40983606.56,108950.00,12518.79,0.9993,0,4567184,16.000,0.6078,0.8700,0.9993,0.0007,0.3447,4567184
SmolLM2-360M,recency+sinks,lru,32,8589934592,40983606.56,40983606.56,40983606.56,108950.00,12518.79,1.0000,0,4588974,17.000,0.6287,0.9562,1.0000,0.0000,0.3291,4588974
SmolLM2-360M,topk-attention-blocks,lru,32,8589934592,40983606.56,40983606.56,40983606.56,108881.91,12518.79,0.9972,0,4192396,11.213,0.8759,0.8787,0.9972,0.0028,0.3758,4192396
SmolLM2-360M,heavy-hitter-blocks,lru,32,8589934592,40983606.56,40983606.56,40983606.56,108881.91,12518.79,0.9972,0,4192396,8.062,0.8857,0.6389,0.9972,0.0028,0.3758,4192396
SmolLM2-360M,recency-frequency-hybrid,lru,32,8589934592,40983606.56,40983606.56,40983606.56,108950.00,12518.79,0.9993,0,4567184,16.986,0.6293,0.9563,0.9993,0.0007,0.3447,4567184
SmolLM2-360M,oracle,lru,32,8589934592,40983606.56,40983606.56,40983606.56,107792.41,12518.79,1.0000,0,0,11.177,1.0000,1.0000,1.0000,0.0000,0.0000,0
SmolLM2-360M,membrane-predictive,lru,32,8589934592,40983606.56,40983606.56,40983606.56,108881.91,12518.79,0.9990,0,4401580,16.278,0.6719,0.9786,0.9990,0.0010,0.3394,4401580
SmolLM2-360M,full-attention,lfu,32,8589934592,40983606.56,40983606.56,40983606.56,108950.00,12518.79,1.0000,0,4588974,18.500,0.6042,1.0000,1.0000,0.0000,0.3291,4588974
SmolLM2-360M,sliding-window,lfu,32,8589934592,40983606.56,40983606.56,40983606.56,108950.00,12518.79,0.9993,0,4567184,16.000,0.6078,0.8700,0.9993,0.0007,0.3447,4567184
SmolLM2-360M,recency+sinks,lfu,32,8589934592,40983606.56,40983606.56,40983606.56,108950.00,12518.79,1.0000,0,4588974,17.000,0.6287,0.9562,1.0000,0.0000,0.3291,4588974
SmolLM2-360M,topk-attention-blocks,lfu,32,8589934592,40983606.56,40983606.56,40983606.56,108881.91,12518.79,0.9972,0,4192396,11.213,0.8759,0.8787,0.9972,0.0028,0.3758,4192396
SmolLM2-360M,heavy-hitter-blocks,lfu,32,8589934592,40983606.56,40983606.56,40983606.56,108881.91,12518.79,0.9972,0,4192396,8.062,0.8857,0.6389,0.9972,0.0028,0.3758,4192396
SmolLM2-360M,recency-frequency-hybrid,lfu,32,8589934592,40983606.56,40983606.56,40983606.56,108950.00,12518.79,0.9993,0,4567184,16.986,0.6293,0.9563,0.9993,0.0007,0.3447,4567184
SmolLM2-360M,oracle,lfu,32,8589934592,40983606.56,40983606.56,40983606.56,107792.41,12518.79,1.0000,0,0,11.177,1.0000,1.0000,1.0000,0.0000,0.0000,0
SmolLM2-360M,membrane-predictive,lfu,32,8589934592,40983606.56,40983606.56,40983606.56,108881.91,12518.79,0.9990,0,4401580,16.278,0.6719,0.9786,0.9990,0.0010,0.3394,4401580
SmolLM2-360M,full-attention,attention-score-aware,32,8589934592,40983606.56,40983606.56,40983606.56,108950.00,12518.79,1.0000,0,4588974,18.500,0.6042,1.0000,1.0000,0.0000,0.3291,4588974
SmolLM2-360M,sliding-window,attention-score-aware,32,8589934592,40983606.56,40983606.56,40983606.56,108950.00,12518.79,0.9993,0,4567184,16.000,0.6078,0.8700,0.9993,0.0007,0.3447,4567184
SmolLM2-360M,recency+sinks,attention-score-aware,32,8589934592,40983606.56,40983606.56,40983606.56,108950.00,12518.79,1.0000,0,4588974,17.000,0.6287,0.9562,1.0000,0.0000,0.3291,4588974
SmolLM2-360M,topk-attention-blocks,attention-score-aware,32,8589934592,40983606.56,40983606.56,40983606.56,108881.91,12518.79,0.9972,0,4192396,11.213,0.8759,0.8787,0.9972,0.0028,0.3758,4192396
SmolLM2-360M,heavy-hitter-blocks,attention-score-aware,32,8589934592,40983606.56,40983606.56,40983606.56,108881.91,12518.79,0.9972,0,4192396,8.062,0.8857,0.6389,0.9972,0.0028,0.3758,4192396
SmolLM2-360M,recency-frequency-hybrid,attention-score-aware,32,8589934592,40983606.56,40983606.56,40983606.56,108950.00,12518.79,0.9993,0,4567184,16.986,0.6293,0.9563,0.9993,0.0007,0.3447,4567184
SmolLM2-360M,oracle,attention-score-aware,32,8589934592,40983606.56,40983606.56,40983606.56,107792.41,12518.79,1.0000,0,0,11.177,1.0000,1.0000,1.0000,0.0000,0.0000,0
SmolLM2-360M,membrane-predictive,attention-score-aware,32,8589934592,40983606.56,40983606.56,40983606.56,108881.91,12518.79,0.9990,0,4401580,16.278,0.6719,0.9786,0.9990,0.0010,0.3394,4401580
SmolLM2-360M,full-attention,segmented-lru,32,8589934592,40983606.56,40983606.56,40983606.56,108950.00,12518.79,1.0000,0,4588974,18.500,0.6042,1.0000,1.0000,0.0000,0.3291,4588974
SmolLM2-360M,sliding-window,segmented-lru,32,8589934592,40983606.56,40983606.56,40983606.56,108950.00,12518.79,0.9993,0,4567184,16.000,0.6078,0.8700,0.9993,0.0007,0.3447,4567184
SmolLM2-360M,recency+sinks,segmented-lru,32,8589934592,40983606.56,40983606.56,40983606.56,108950.00,12518.79,1.0000,0,4588974,17.000,0.6287,0.9562,1.0000,0.0000,0.3291,4588974
SmolLM2-360M,topk-attention-blocks,segmented-lru,32,8589934592,40983606.56,40983606.56,40983606.56,108881.91,12518.79,0.9972,0,4192396,11.213,0.8759,0.8787,0.9972,0.0028,0.3758,4192396
SmolLM2-360M,heavy-hitter-blocks,segmented-lru,32,8589934592,40983606.56,40983606.56,40983606.56,108881.91,12518.79,0.9972,0,4192396,8.062,0.8857,0.6389,0.9972,0.0028,0.3758,4192396
SmolLM2-360M,recency-frequency-hybrid,segmented-lru,32,8589934592,40983606.56,40983606.56,40983606.56,108950.00,12518.79,0.9993,0,4567184,16.986,0.6293,0.9563,0.9993,0.0007,0.3447,4567184
SmolLM2-360M,oracle,segmented-lru,32,8589934592,40983606.56,40983606.56,40983606.56,107792.41,12518.79,1.0000,0,0,11.177,1.0000,1.0000,1.0000,0.0000,0.0000,0
SmolLM2-360M,membrane-predictive,segmented-lru,32,8589934592,40983606.56,40983606.56,40983606.56,108881.91,12518.79,0.9990,0,4401580,16.278,0.6719,0.9786,0.9990,0.0010,0.3394,4401580
SmolLM2-360M,full-attention,lru,64,67108864,40983606.56,40983606.56,40983606.56,108962.50,8421.44,1.0000,0,2658685,9.500,0.7915,1.0000,1.0000,0.0000,0.1906,2658685
SmolLM2-360M,sliding-window,lru,64,67108864,40983606.56,40983606.56,40983606.56,108962.50,8421.44,0.9990,0,2623817,8.000,0.7832,0.8333,0.9990,0.0010,0.2090,2623817
SmolLM2-360M,recency+sinks,lru,64,67108864,40983606.56,40983606.56,40983606.56,108962.50,8421.44,1.0000,0,2658685,9.000,0.8039,0.9622,1.0000,0.0000,0.1906,2658685
SmolLM2-360M,topk-attention-blocks,lru,64,67108864,40983606.56,40983606.56,40983606.56,108962.50,8421.44,0.9979,0,2318722,7.523,0.9300,0.9304,0.9979,0.0021,0.2078,2318722
SmolLM2-360M,heavy-hitter-blocks,lru,64,67108864,40983606.56,40983606.56,40983606.56,108962.50,8421.44,0.9979,0,2318722,7.967,0.8641,0.9156,0.9979,0.0021,0.2078,2318722
SmolLM2-360M,recency-frequency-hybrid,lru,64,67108864,40983606.56,40983606.56,40983606.56,108962.50,8421.44,0.9990,0,2623817,8.768,0.8011,0.9341,0.9990,0.0010,0.2090,2623817
SmolLM2-360M,oracle,lru,64,67108864,40983606.56,40983606.56,40983606.56,108621.99,8421.44,1.0000,0,0,7.519,1.0000,1.0000,1.0000,0.0000,0.0000,0
SmolLM2-360M,membrane-predictive,lru,64,67108864,40983606.56,40983606.56,40983606.56,108962.50,8421.44,0.9999,0,2606383,9.361,0.8017,0.9981,0.9999,0.0001,0.1881,2606383
SmolLM2-360M,full-attention,lfu,64,67108864,40983606.56,40983606.56,40983606.56,108962.50,8421.44,1.0000,0,2658685,9.500,0.7915,1.0000,1.0000,0.0000,0.1906,2658685
SmolLM2-360M,sliding-window,lfu,64,67108864,40983606.56,40983606.56,40983606.56,108962.50,8421.44,0.9990,0,2623817,8.000,0.7832,0.8333,0.9990,0.0010,0.2090,2623817
SmolLM2-360M,recency+sinks,lfu,64,67108864,40983606.56,40983606.56,40983606.56,108962.50,8421.44,1.0000,0,2658685,9.000,0.8039,0.9622,1.0000,0.0000,0.1906,2658685
SmolLM2-360M,topk-attention-blocks,lfu,64,67108864,40983606.56,40983606.56,40983606.56,108962.50,8421.44,0.9979,0,2318722,7.523,0.9300,0.9304,0.9979,0.0021,0.2078,2318722
SmolLM2-360M,heavy-hitter-blocks,lfu,64,67108864,40983606.56,40983606.56,40983606.56,108962.50,8421.44,0.9979,0,2318722,7.967,0.8641,0.9156,0.9979,0.0021,0.2078,2318722
SmolLM2-360M,recency-frequency-hybrid,lfu,64,67108864,40983606.56,40983606.56,40983606.56,108962.50,8421.44,0.9990,0,2623817,8.768,0.8011,0.9341,0.9990,0.0010,0.2090,2623817
SmolLM2-360M,oracle,lfu,64,67108864,40983606.56,40983606.56,40983606.56,108621.99,8421.44,1.0000,0,0,7.519,1.0000,1.0000,1.0000,0.0000,0.0000,0
SmolLM2-360M,membrane-predictive,lfu,64,67108864,40983606.56,40983606.56,40983606.56,108962.50,8421.44,0.9999,0,2606383,9.361,0.8017,0.9981,0.9999,0.0001,0.1881,2606383
SmolLM2-360M,full-attention,attention-score-aware,64,67108864,40983606.56,40983606.56,40983606.56,108962.50,8421.44,1.0000,0,2658685,9.500,0.7915,1.0000,1.0000,0.0000,0.1906,2658685
SmolLM2-360M,sliding-window,attention-score-aware,64,67108864,40983606.56,40983606.56,40983606.56,108962.50,8421.44,0.9990,0,2623817,8.000,0.7832,0.8333,0.9990,0.0010,0.2090,2623817
SmolLM2-360M,recency+sinks,attention-score-aware,64,67108864,40983606.56,40983606.56,40983606.56,108962.50,8421.44,1.0000,0,2658685,9.000,0.8039,0.9622,1.0000,0.0000,0.1906,2658685
SmolLM2-360M,topk-attention-blocks,attention-score-aware,64,67108864,40983606.56,40983606.56,40983606.56,108962.50,8421.44,0.9979,0,2318722,7.523,0.9300,0.9304,0.9979,0.0021,0.2078,2318722
SmolLM2-360M,heavy-hitter-blocks,attention-score-aware,64,67108864,40983606.56,40983606.56,40983606.56,108962.50,8421.44,0.9979,0,2318722,7.967,0.8641,0.9156,0.9979,0.0021,0.2078,2318722
SmolLM2-360M,recency-frequency-hybrid,attention-score-aware,64,67108864,40983606.56,40983606.56,40983606.56,108962.50,8421.44,0.9990,0,2623817,8.768,0.8011,0.9341,0.9990,0.0010,0.2090,2623817
SmolLM2-360M,oracle,attention-score-aware,64,67108864,40983606.56,40983606.56,40983606.56,108621.99,8421.44,1.0000,0,0,7.519,1.0000,1.0000,1.0000,0.0000,0.0000,0
SmolLM2-360M,membrane-predictive,attention-score-aware,64,67108864,40983606.56,40983606.56,40983606.56,108962.50,8421.44,0.9999,0,2606383,9.361,0.8017,0.9981,0.9999,0.0001,0.1881,2606383
SmolLM2-360M,full-attention,segmented-lru,64,67108864,40983606.56,40983606.56,40983606.56,108962.50,8421.44,1.0000,0,2658685,9.500,0.7915,1.0000,1.0000,0.0000,0.1906,2658685
SmolLM2-360M,sliding-window,segmented-lru,64,67108864,40983606.56,40983606.56,40983606.56,108962.50,8421.44,0.9990,0,2623817,8.000,0.7832,0.8333,0.9990,0.0010,0.2090,2623817
SmolLM2-360M,recency+sinks,segmented-lru,64,67108864,40983606.56,40983606.56,40983606.56,108962.50,8421.44,1.0000,0,2658685,9.000,0.8039,0.9622,1.0000,0.0000,0.1906,2658685
SmolLM2-360M,topk-attention-blocks,segmented-lru,64,67108864,40983606.56,40983606.56,40983606.56,108962.50,8421.44,0.9979,0,2318722,7.523,0.9300,0.9304,0.9979,0.0021,0.2078,2318722
SmolLM2-360M,heavy-hitter-blocks,segmented-lru,64,67108864,40983606.56,40983606.56,40983606.56,108962.50,8421.44,0.9979,0,2318722,7.967,0.8641,0.9156,0.9979,0.0021,0.2078,2318722
SmolLM2-360M,recency-frequency-hybrid,segmented-lru,64,67108864,40983606.56,40983606.56,40983606.56,108962.50,8421.44,0.9990,0,2623817,8.768,0.8011,0.9341,0.9990,0.0010,0.2090,2623817
SmolLM2-360M,oracle,segmented-lru,64,67108864,40983606.56,40983606.56,40983606.56,108621.99,8421.44,1.0000,0,0,7.519,1.0000,1.0000,1.0000,0.0000,0.0000,0
SmolLM2-360M,membrane-predictive,segmented-lru,64,67108864,40983606.56,40983606.56,40983606.56,108962.50,8421.44,0.9999,0,2606383,9.361,0.8017,0.9981,0.9999,0.0001,0.1881,2606383
SmolLM2-360M,full-attention,lru,64,268435456,40983606.56,40983606.56,40983606.56,108962.50,8421.44,1.0000,0,2658685,9.500,0.7915,1.0000,1.0000,0.0000,0.1906,2658685
SmolLM2-360M,sliding-window,lru,64,268435456,40983606.56,40983606.56,40983606.56,108962.50,8421.44,0.9990,0,2623817,8.000,0.7832,0.8333,0.9990,0.0010,0.2090,2623817
SmolLM2-360M,recency+sinks,lru,64,268435456,40983606.56,40983606.56,40983606.56,108962.50,8421.44,1.0000,0,2658685,9.000,0.8039,0.9622,1.0000,0.0000,0.1906,2658685
SmolLM2-360M,topk-attention-blocks,lru,64,268435456,40983606.56,40983606.56,40983606.56,108962.50,8421.44,0.9979,0,2318722,7.523,0.9300,0.9304,0.9979,0.0021,0.2078,2318722
SmolLM2-360M,heavy-hitter-blocks,lru,64,268435456,40983606.56,40983606.56,40983606.56,108962.50,8421.44,0.9979,0,2318722,7.967,0.8641,0.9156,0.9979,0.0021,0.2078,2318722
SmolLM2-360M,recency-frequency-hybrid,lru,64,268435456,40983606.56,40983606.56,40983606.56,108962.50,8421.44,0.9990,0,2623817,8.768,0.8011,0.9341,0.9990,0.0010,0.2090,2623817
SmolLM2-360M,oracle,lru,64,268435456,40983606.56,40983606.56,40983606.56,108621.99,8421.44,1.0000,0,0,7.519,1.0000,1.0000,1.0000,0.0000,0.0000,0
SmolLM2-360M,membrane-predictive,lru,64,268435456,40983606.56,40983606.56,40983606.56,108962.50,8421.44,0.9999,0,2606383,9.361,0.8017,0.9981,0.9999,0.0001,0.1881,2606383
SmolLM2-360M,full-attention,lfu,64,268435456,40983606.56,40983606.56,40983606.56,108962.50,8421.44,1.0000,0,2658685,9.500,0.7915,1.0000,1.0000,0.0000,0.1906,2658685
SmolLM2-360M,sliding-window,lfu,64,268435456,40983606.56,40983606.56,40983606.56,108962.50,8421.44,0.9990,0,2623817,8.000,0.7832,0.8333,0.9990,0.0010,0.2090,2623817
SmolLM2-360M,recency+sinks,lfu,64,268435456,40983606.56,40983606.56,40983606.56,108962.50,8421.44,1.0000,0,2658685,9.000,0.8039,0.9622,1.0000,0.0000,0.1906,2658685
SmolLM2-360M,topk-attention-blocks,lfu,64,268435456,40983606.56,40983606.56,40983606.56,108962.50,8421.44,0.9979,0,2318722,7.523,0.9300,0.9304,0.9979,0.0021,0.2078,2318722
SmolLM2-360M,heavy-hitter-blocks,lfu,64,268435456,40983606.56,40983606.56,40983606.56,108962.50,8421.44,0.9979,0,2318722,7.967,0.8641,0.9156,0.9979,0.0021,0.2078,2318722
SmolLM2-360M,recency-frequency-hybrid,lfu,64,268435456,40983606.56,40983606.56,40983606.56,108962.50,8421.44,0.9990,0,2623817,8.768,0.8011,0.9341,0.9990,0.0010,0.2090,2623817
SmolLM2-360M,oracle,lfu,64,268435456,40983606.56,40983606.56,40983606.56,108621.99,8421.44,1.0000,0,0,7.519,1.0000,1.0000,1.0000,0.0000,0.0000,0
SmolLM2-360M,membrane-predictive,lfu,64,268435456,40983606.56,40983606.56,40983606.56,108962.50,8421.44,0.9999,0,2606383,9.361,0.8017,0.9981,0.9999,0.0001,0.1881,2606383
SmolLM2-360M,full-attention,attention-score-aware,64,268435456,40983606.56,40983606.56,40983606.56,108962.50,8421.44,1.0000,0,2658685,9.500,0.7915,1.0000,1.0000,0.0000,0.1906,2658685
SmolLM2-360M,sliding-window,attention-score-aware,64,268435456,40983606.56,40983606.56,40983606.56,108962.50,8421.44,0.9990,0,2623817,8.000,0.7832,0.8333,0.9990,0.0010,0.2090,2623817
SmolLM2-360M,recency+sinks,attention-score-aware,64,268435456,40983606.56,40983606.56,40983606.56,108962.50,8421.44,1.0000,0,2658685,9.000,0.8039,0.9622,1.0000,0.0000,0.1906,2658685
SmolLM2-360M,topk-attention-blocks,attention-score-aware,64,268435456,40983606.56,40983606.56,40983606.56,108962.50,8421.44,0.9979,0,2318722,7.523,0.9300,0.9304,0.9979,0.0021,0.2078,2318722
SmolLM2-360M,heavy-hitter-blocks,attention-score-aware,64,268435456,40983606.56,40983606.56,40983606.56,108962.50,8421.44,0.9979,0,2318722,7.967,0.8641,0.9156,0.9979,0.0021,0.2078,2318722
SmolLM2-360M,recency-frequency-hybrid,attention-score-aware,64,268435456,40983606.56,40983606.56,40983606.56,108962.50,8421.44,0.9990,0,2623817,8.768,0.8011,0.9341,0.9990,0.0010,0.2090,2623817
SmolLM2-360M,oracle,attention-score-aware,64,268435456,40983606.56,40983606.56,40983606.56,108621.99,8421.44,1.0000,0,0,7.519,1.0000,1.0000,1.0000,0.0000,0.0000,0
SmolLM2-360M,membrane-predictive,attention-score-aware,64,268435456,40983606.56,40983606.56,40983606.56,108962.50,8421.44,0.9999,0,2606383,9.361,0.8017,0.9981,0.9999,0.0001,0.1881,2606383
SmolLM2-360M,full-attention,segmented-lru,64,268435456,40983606.56,40983606.56,40983606.56,108962.50,8421.44,1.0000,0,2658685,9.500,0.7915,1.0000,1.0000,0.0000,0.1906,2658685
SmolLM2-360M,sliding-window,segmented-lru,64,268435456,40983606.56,40983606.56,40983606.56,108962.50,8421.44,0.9990,0,2623817,8.000,0.7832,0.8333,0.9990,0.0010,0.2090,2623817
SmolLM2-360M,recency+sinks,segmented-lru,64,268435456,40983606.56,40983606.56,40983606.56,108962.50,8421.44,1.0000,0,2658685,9.000,0.8039,0.9622,1.0000,0.0000,0.1906,2658685
SmolLM2-360M,topk-attention-blocks,segmented-lru,64,268435456,40983606.56,40983606.56,40983606.56,108962.50,8421.44,0.9979,0,2318722,7.523,0.9300,0.9304,0.9979,0.0021,0.2078,2318722
SmolLM2-360M,heavy-hitter-blocks,segmented-lru,64,268435456,40983606.56,40983606.56,40983606.56,108962.50,8421.44,0.9979,0,2318722,7.967,0.8641,0.9156,0.9979,0.0021,0.2078,2318722
SmolLM2-360M,recency-frequency-hybrid,segmented-lru,64,268435456,40983606.56,40983606.56,40983606.56,108962.50,8421.44,0.9990,0,2623817,8.768,0.8011,0.9341,0.9990,0.0010,0.2090,2623817
SmolLM2-360M,oracle,segmented-lru,64,268435456,40983606.56,40983606.56,40983606.56,108621.99,8421.44,1.0000,0,0,7.519,1.0000,1.0000,1.0000,0.0000,0.0000,0
SmolLM2-360M,membrane-predictive,segmented-lru,64,268435456,40983606.56,40983606.56,40983606.56,108962.50,8421.44,0.9999,0,2606383,9.361,0.8017,0.9981,0.9999,0.0001,0.1881,2606383
SmolLM2-360M,full-attention,lru,64,1073741824,40983606.56,40983606.56,40983606.56,108962.50,8421.44,1.0000,0,2658685,9.500,0.7915,1.0000,1.0000,0.0000,0.1906,2658685
SmolLM2-360M,sliding-window,lru,64,1073741824,40983606.56,40983606.56,40983606.56,108962.50,8421.44,0.9990,0,2623817,8.000,0.7832,0.8333,0.9990,0.0010,0.2090,2623817
SmolLM2-360M,recency+sinks,lru,64,1073741824,40983606.56,40983606.56,40983606.56,108962.50,8421.44,1.0000,0,2658685,9.000,0.8039,0.9622,1.0000,0.0000,0.1906,2658685
SmolLM2-360M,topk-attention-blocks,lru,64,1073741824,40983606.56,40983606.56,40983606.56,108962.50,8421.44,0.9979,0,2318722,7.523,0.9300,0.9304,0.9979,0.0021,0.2078,2318722
SmolLM2-360M,heavy-hitter-blocks,lru,64,1073741824,40983606.56,40983606.56,40983606.56,108962.50,8421.44,0.9979,0,2318722,7.967,0.8641,0.9156,0.9979,0.0021,0.2078,2318722
SmolLM2-360M,recency-frequency-hybrid,lru,64,1073741824,40983606.56,40983606.56,40983606.56,108962.50,8421.44,0.9990,0,2623817,8.768,0.8011,0.9341,0.9990,0.0010,0.2090,2623817
SmolLM2-360M,oracle,lru,64,1073741824,40983606.56,40983606.56,40983606.56,108621.99,8421.44,1.0000,0,0,7.519,1.0000,1.0000,1.0000,0.0000,0.0000,0
SmolLM2-360M,membrane-predictive,lru,64,1073741824,40983606.56,40983606.56,40983606.56,108962.50,8421.44,0.9999,0,2606383,9.361,0.8017,0.9981,0.9999,0.0001,0.1881,2606383
SmolLM2-360M,full-attention,lfu,64,1073741824,40983606.56,40983606.56,40983606.56,108962.50,8421.44,1.0000,0,2658685,9.500,0.7915,1.0000,1.0000,0.0000,0.1906,2658685
SmolLM2-360M,sliding-window,lfu,64,1073741824,40983606.56,40983606.56,40983606.56,108962.50,8421.44,0.9990,0,2623817,8.000,0.7832,0.8333,0.9990,0.0010,0.2090,2623817
SmolLM2-360M,recency+sinks,lfu,64,1073741824,40983606.56,40983606.56,40983606.56,108962.50,8421.44,1.0000,0,2658685,9.000,0.8039,0.9622,1.0000,0.0000,0.1906,2658685
SmolLM2-360M,topk-attention-blocks,lfu,64,1073741824,40983606.56,40983606.56,40983606.56,108962.50,8421.44,0.9979,0,2318722,7.523,0.9300,0.9304,0.9979,0.0021,0.2078,2318722
SmolLM2-360M,heavy-hitter-blocks,lfu,64,1073741824,40983606.56,40983606.56,40983606.56,108962.50,8421.44,0.9979,0,2318722,7.967,0.8641,0.9156,0.9979,0.0021,0.2078,2318722
SmolLM2-360M,recency-frequency-hybrid,lfu,64,1073741824,40983606.56,40983606.56,40983606.56,108962.50,8421.44,0.9990,0,2623817,8.768,0.8011,0.9341,0.9990,0.0010,0.2090,2623817
SmolLM2-360M,oracle,lfu,64,1073741824,40983606.56,40983606.56,40983606.56,108621.99,8421.44,1.0000,0,0,7.519,1.0000,1.0000,1.0000,0.0000,0.0000,0
SmolLM2-360M,membrane-predictive,lfu,64,1073741824,40983606.56,40983606.56,40983606.56,108962.50,8421.44,0.9999,0,2606383,9.361,0.8017,0.9981,0.9999,0.0001,0.1881,2606383
SmolLM2-360M,full-attention,attention-score-aware,64,1073741824,40983606.56,40983606.56,40983606.56,108962.50,8421.44,1.0000,0,2658685,9.500,0.7915,1.0000,1.0000,0.0000,0.1906,2658685
SmolLM2-360M,sliding-window,attention-score-aware,64,1073741824,40983606.56,40983606.56,40983606.56,108962.50,8421.44,0.9990,0,2623817,8.000,0.7832,0.8333,0.9990,0.0010,0.2090,2623817
SmolLM2-360M,recency+sinks,attention-score-aware,64,1073741824,40983606.56,40983606.56,40983606.56,108962.50,8421.44,1.0000,0,2658685,9.000,0.8039,0.9622,1.0000,0.0000,0.1906,2658685
SmolLM2-360M,topk-attention-blocks,attention-score-aware,64,1073741824,40983606.56,40983606.56,40983606.56,108962.50,8421.44,0.9979,0,2318722,7.523,0.9300,0.9304,0.9979,0.0021,0.2078,2318722
SmolLM2-360M,heavy-hitter-blocks,attention-score-aware,64,1073741824,40983606.56,40983606.56,40983606.56,108962.50,8421.44,0.9979,0,2318722,7.967,0.8641,0.9156,0.9979,0.0021,0.2078,2318722
SmolLM2-360M,recency-frequency-hybrid,attention-score-aware,64,1073741824,40983606.56,40983606.56,40983606.56,108962.50,8421.44,0.9990,0,2623817,8.768,0.8011,0.9341,0.9990,0.0010,0.2090,2623817
SmolLM2-360M,oracle,attention-score-aware,64,1073741824,40983606.56,40983606.56,40983606.56,108621.99,8421.44,1.0000,0,0,7.519,1.0000,1.0000,1.0000,0.0000,0.0000,0
SmolLM2-360M,membrane-predictive,attention-score-aware,64,1073741824,40983606.56,40983606.56,40983606.56,108962.50,8421.44,0.9999,0,2606383,9.361,0.8017,0.9981,0.9999,0.0001,0.1881,2606383
SmolLM2-360M,full-attention,segmented-lru,64,1073741824,40983606.56,40983606.56,40983606.56,108962.50,8421.44,1.0000,0,2658685,9.500,0.7915,1.0000,1.0000,0.0000,0.1906,2658685
SmolLM2-360M,sliding-window,segmented-lru,64,1073741824,40983606.56,40983606.56,40983606.56,108962.50,8421.44,0.9990,0,2623817,8.000,0.7832,0.8333,0.9990,0.0010,0.2090,2623817
SmolLM2-360M,recency+sinks,segmented-lru,64,1073741824,40983606.56,40983606.56,40983606.56,108962.50,8421.44,1.0000,0,2658685,9.000,0.8039,0.9622,1.0000,0.0000,0.1906,2658685
SmolLM2-360M,topk-attention-blocks,segmented-lru,64,1073741824,40983606.56,40983606.56,40983606.56,108962.50,8421.44,0.9979,0,2318722,7.523,0.9300,0.9304,0.9979,0.0021,0.2078,2318722
SmolLM2-360M,heavy-hitter-blocks,segmented-lru,64,1073741824,40983606.56,40983606.56,40983606.56,108962.50,8421.44,0.9979,0,2318722,7.967,0.8641,0.9156,0.9979,0.0021,0.2078,2318722
SmolLM2-360M,recency-frequency-hybrid,segmented-lru,64,1073741824,40983606.56,40983606.56,40983606.56,108962.50,8421.44,0.9990,0,2623817,8.768,0.8011,0.9341,0.9990,0.0010,0.2090,2623817
SmolLM2-360M,oracle,segmented-lru,64,1073741824,40983606.56,40983606.56,40983606.56,108621.99,8421.44,1.0000,0,0,7.519,1.0000,1.0000,1.0000,0.0000,0.0000,0
SmolLM2-360M,membrane-predictive,segmented-lru,64,1073741824,40983606.56,40983606.56,40983606.56,108962.50,8421.44,0.9999,0,2606383,9.361,0.8017,0.9981,0.9999,0.0001,0.1881,2606383
SmolLM2-360M,full-attention,lru,64,4294967296,40983606.56,40983606.56,40983606.56,108962.50,8421.44,1.0000,0,2658685,9.500,0.7915,1.0000,1.0000,0.0000,0.1906,2658685
SmolLM2-360M,sliding-window,lru,64,4294967296,40983606.56,40983606.56,40983606.56,108962.50,8421.44,0.9990,0,2623817,8.000,0.7832,0.8333,0.9990,0.0010,0.2090,2623817
SmolLM2-360M,recency+sinks,lru,64,4294967296,40983606.56,40983606.56,40983606.56,108962.50,8421.44,1.0000,0,2658685,9.000,0.8039,0.9622,1.0000,0.0000,0.1906,2658685
SmolLM2-360M,topk-attention-blocks,lru,64,4294967296,40983606.56,40983606.56,40983606.56,108962.50,8421.44,0.9979,0,2318722,7.523,0.9300,0.9304,0.9979,0.0021,0.2078,2318722
SmolLM2-360M,heavy-hitter-blocks,lru,64,4294967296,40983606.56,40983606.56,40983606.56,108962.50,8421.44,0.9979,0,2318722,7.967,0.8641,0.9156,0.9979,0.0021,0.2078,2318722
SmolLM2-360M,recency-frequency-hybrid,lru,64,4294967296,40983606.56,40983606.56,40983606.56,108962.50,8421.44,0.9990,0,2623817,8.768,0.8011,0.9341,0.9990,0.0010,0.2090,2623817
SmolLM2-360M,oracle,lru,64,4294967296,40983606.56,40983606.56,40983606.56,108621.99,8421.44,1.0000,0,0,7.519,1.0000,1.0000,1.0000,0.0000,0.0000,0
SmolLM2-360M,membrane-predictive,lru,64,4294967296,40983606.56,40983606.56,40983606.56,108962.50,8421.44,0.9999,0,2606383,9.361,0.8017,0.9981,0.9999,0.0001,0.1881,2606383
SmolLM2-360M,full-attention,lfu,64,4294967296,40983606.56,40983606.56,40983606.56,108962.50,8421.44,1.0000,0,2658685,9.500,0.7915,1.0000,1.0000,0.0000,0.1906,2658685
SmolLM2-360M,sliding-window,lfu,64,4294967296,40983606.56,40983606.56,40983606.56,108962.50,8421.44,0.9990,0,2623817,8.000,0.7832,0.8333,0.9990,0.0010,0.2090,2623817
SmolLM2-360M,recency+sinks,lfu,64,4294967296,40983606.56,40983606.56,40983606.56,108962.50,8421.44,1.0000,0,2658685,9.000,0.8039,0.9622,1.0000,0.0000,0.1906,2658685
SmolLM2-360M,topk-attention-blocks,lfu,64,4294967296,40983606.56,40983606.56,40983606.56,108962.50,8421.44,0.9979,0,2318722,7.523,0.9300,0.9304,0.9979,0.0021,0.2078,2318722
SmolLM2-360M,heavy-hitter-blocks,lfu,64,4294967296,40983606.56,40983606.56,40983606.56,108962.50,8421.44,0.9979,0,2318722,7.967,0.8641,0.9156,0.9979,0.0021,0.2078,2318722
SmolLM2-360M,recency-frequency-hybrid,lfu,64,4294967296,40983606.56,40983606.56,40983606.56,108962.50,8421.44,0.9990,0,2623817,8.768,0.8011,0.9341,0.9990,0.0010,0.2090,2623817
SmolLM2-360M,oracle,lfu,64,4294967296,40983606.56,40983606.56,40983606.56,108621.99,8421.44,1.0000,0,0,7.519,1.0000,1.0000,1.0000,0.0000,0.0000,0
SmolLM2-360M,membrane-predictive,lfu,64,4294967296,40983606.56,40983606.56,40983606.56,108962.50,8421.44,0.9999,0,2606383,9.361,0.8017,0.9981,0.9999,0.0001,0.1881,2606383
SmolLM2-360M,full-attention,attention-score-aware,64,4294967296,40983606.56,40983606.56,40983606.56,108962.50,8421.44,1.0000,0,2658685,9.500,0.7915,1.0000,1.0000,0.0000,0.1906,2658685
SmolLM2-360M,sliding-window,attention-score-aware,64,4294967296,40983606.56,40983606.56,40983606.56,108962.50,8421.44,0.9990,0,2623817,8.000,0.7832,0.8333,0.9990,0.0010,0.2090,2623817
SmolLM2-360M,recency+sinks,attention-score-aware,64,4294967296,40983606.56,40983606.56,40983606.56,108962.50,8421.44,1.0000,0,2658685,9.000,0.8039,0.9622,1.0000,0.0000,0.1906,2658685
SmolLM2-360M,topk-attention-blocks,attention-score-aware,64,4294967296,40983606.56,40983606.56,40983606.56,108962.50,8421.44,0.9979,0,2318722,7.523,0.9300,0.9304,0.9979,0.0021,0.2078,2318722
SmolLM2-360M,heavy-hitter-blocks,attention-score-aware,64,4294967296,40983606.56,40983606.56,40983606.56,108962.50,8421.44,0.9979,0,2318722,7.967,0.8641,0.9156,0.9979,0.0021,0.2078,2318722
SmolLM2-360M,recency-frequency-hybrid,attention-score-aware,64,4294967296,40983606.56,40983606.56,40983606.56,108962.50,8421.44,0.9990,0,2623817,8.768,0.8011,0.9341,0.9990,0.0010,0.2090,2623817
SmolLM2-360M,oracle,attention-score-aware,64,4294967296,40983606.56,40983606.56,40983606.56,108621.99,8421.44,1.0000,0,0,7.519,1.0000,1.0000,1.0000,0.0000,0.0000,0
SmolLM2-360M,membrane-predictive,attention-score-aware,64,4294967296,40983606.56,40983606.56,40983606.56,108962.50,8421.44,0.9999,0,2606383,9.361,0.8017,0.9981,0.9999,0.0001,0.1881,2606383
SmolLM2-360M,full-attention,segmented-lru,64,4294967296,40983606.56,40983606.56,40983606.56,108962.50,8421.44,1.0000,0,2658685,9.500,0.7915,1.0000,1.0000,0.0000,0.1906,2658685
SmolLM2-360M,sliding-window,segmented-lru,64,4294967296,40983606.56,40983606.56,40983606.56,108962.50,8421.44,0.9990,0,2623817,8.000,0.7832,0.8333,0.9990,0.0010,0.2090,2623817
SmolLM2-360M,recency+sinks,segmented-lru,64,4294967296,40983606.56,40983606.56,40983606.56,108962.50,8421.44,1.0000,0,2658685,9.000,0.8039,0.9622,1.0000,0.0000,0.1906,2658685
SmolLM2-360M,topk-attention-blocks,segmented-lru,64,4294967296,40983606.56,40983606.56,40983606.56,108962.50,8421.44,0.9979,0,2318722,7.523,0.9300,0.9304,0.9979,0.0021,0.2078,2318722
SmolLM2-360M,heavy-hitter-blocks,segmented-lru,64,4294967296,40983606.56,40983606.56,40983606.56,108962.50,8421.44,0.9979,0,2318722,7.967,0.8641,0.9156,0.9979,0.0021,0.2078,2318722
SmolLM2-360M,recency-frequency-hybrid,segmented-lru,64,4294967296,40983606.56,40983606.56,40983606.56,108962.50,8421.44,0.9990,0,2623817,8.768,0.8011,0.9341,0.9990,0.0010,0.2090,2623817
SmolLM2-360M,oracle,segmented-lru,64,4294967296,40983606.56,40983606.56,40983606.56,108621.99,8421.44,1.0000,0,0,7.519,1.0000,1.0000,1.0000,0.0000,0.0000,0
SmolLM2-360M,membrane-predictive,segmented-lru,64,4294967296,40983606.56,40983606.56,40983606.56,108962.50,8421.44,0.9999,0,2606383,9.361,0.8017,0.9981,0.9999,0.0001,0.1881,2606383
SmolLM2-360M,full-attention,lru,64,8589934592,40983606.56,40983606.56,40983606.56,108962.50,8421.44,1.0000,0,2658685,9.500,0.7915,1.0000,1.0000,0.0000,0.1906,2658685
SmolLM2-360M,sliding-window,lru,64,8589934592,40983606.56,40983606.56,40983606.56,108962.50,8421.44,0.9990,0,2623817,8.000,0.7832,0.8333,0.9990,0.0010,0.2090,2623817
SmolLM2-360M,recency+sinks,lru,64,8589934592,40983606.56,40983606.56,40983606.56,108962.50,8421.44,1.0000,0,2658685,9.000,0.8039,0.9622,1.0000,0.0000,0.1906,2658685
SmolLM2-360M,topk-attention-blocks,lru,64,8589934592,40983606.56,40983606.56,40983606.56,108962.50,8421.44,0.9979,0,2318722,7.523,0.9300,0.9304,0.9979,0.0021,0.2078,2318722
SmolLM2-360M,heavy-hitter-blocks,lru,64,8589934592,40983606.56,40983606.56,40983606.56,108962.50,8421.44,0.9979,0,2318722,7.967,0.8641,0.9156,0.9979,0.0021,0.2078,2318722
SmolLM2-360M,recency-frequency-hybrid,lru,64,8589934592,40983606.56,40983606.56,40983606.56,108962.50,8421.44,0.9990,0,2623817,8.768,0.8011,0.9341,0.9990,0.0010,0.2090,2623817
SmolLM2-360M,oracle,lru,64,8589934592,40983606.56,40983606.56,40983606.56,108621.99,8421.44,1.0000,0,0,7.519,1.0000,1.0000,1.0000,0.0000,0.0000,0
SmolLM2-360M,membrane-predictive,lru,64,8589934592,40983606.56,40983606.56,40983606.56,108962.50,8421.44,0.9999,0,2606383,9.361,0.8017,0.9981,0.9999,0.0001,0.1881,2606383
SmolLM2-360M,full-attention,lfu,64,8589934592,40983606.56,40983606.56,40983606.56,108962.50,8421.44,1.0000,0,2658685,9.500,0.7915,1.0000,1.0000,0.0000,0.1906,2658685
SmolLM2-360M,sliding-window,lfu,64,8589934592,40983606.56,40983606.56,40983606.56,108962.50,8421.44,0.9990,0,2623817,8.000,0.7832,0.8333,0.9990,0.0010,0.2090,2623817
SmolLM2-360M,recency+sinks,lfu,64,8589934592,40983606.56,40983606.56,40983606.56,108962.50,8421.44,1.0000,0,2658685,9.000,0.8039,0.9622,1.0000,0.0000,0.1906,2658685
SmolLM2-360M,topk-attention-blocks,lfu,64,8589934592,40983606.56,40983606.56,40983606.56,108962.50,8421.44,0.9979,0,2318722,7.523,0.9300,0.9304,0.9979,0.0021,0.2078,2318722
SmolLM2-360M,heavy-hitter-blocks,lfu,64,8589934592,40983606.56,40983606.56,40983606.56,108962.50,8421.44,0.9979,0,2318722,7.967,0.8641,0.9156,0.9979,0.0021,0.2078,2318722
SmolLM2-360M,recency-frequency-hybrid,lfu,64,8589934592,40983606.56,40983606.56,40983606.56,108962.50,8421.44,0.9990,0,2623817,8.768,0.8011,0.9341,0.9990,0.0010,0.2090,2623817
SmolLM2-360M,oracle,lfu,64,8589934592,40983606.56,40983606.56,40983606.56,108621.99,8421.44,1.0000,0,0,7.519,1.0000,1.0000,1.0000,0.0000,0.0000,0
SmolLM2-360M,membrane-predictive,lfu,64,8589934592,40983606.56,40983606.56,40983606.56,108962.50,8421.44,0.9999,0,2606383,9.361,0.8017,0.9981,0.9999,0.0001,0.1881,2606383
SmolLM2-360M,full-attention,attention-score-aware,64,8589934592,40983606.56,40983606.56,40983606.56,108962.50,8421.44,1.0000,0,2658685,9.500,0.7915,1.0000,1.0000,0.0000,0.1906,2658685
SmolLM2-360M,sliding-window,attention-score-aware,64,8589934592,40983606.56,40983606.56,40983606.56,108962.50,8421.44,0.9990,0,2623817,8.000,0.7832,0.8333,0.9990,0.0010,0.2090,2623817
SmolLM2-360M,recency+sinks,attention-score-aware,64,8589934592,40983606.56,40983606.56,40983606.56,108962.50,8421.44,1.0000,0,2658685,9.000,0.8039,0.9622,1.0000,0.0000,0.1906,2658685
SmolLM2-360M,topk-attention-blocks,attention-score-aware,64,8589934592,40983606.56,40983606.56,40983606.56,108962.50,8421.44,0.9979,0,2318722,7.523,0.9300,0.9304,0.9979,0.0021,0.2078,2318722
SmolLM2-360M,heavy-hitter-blocks,attention-score-aware,64,8589934592,40983606.56,40983606.56,40983606.56,108962.50,8421.44,0.9979,0,2318722,7.967,0.8641,0.9156,0.9979,0.0021,0.2078,2318722
SmolLM2-360M,recency-frequency-hybrid,attention-score-aware,64,8589934592,40983606.56,40983606.56,40983606.56,108962.50,8421.44,0.9990,0,2623817,8.768,0.8011,0.9341,0.9990,0.0010,0.2090,2623817
SmolLM2-360M,oracle,attention-score-aware,64,8589934592,40983606.56,40983606.56,40983606.56,108621.99,8421.44,1.0000,0,0,7.519,1.0000,1.0000,1.0000,0.0000,0.0000,0
SmolLM2-360M,membrane-predictive,attention-score-aware,64,8589934592,40983606.56,40983606.56,40983606.56,108962.50,8421.44,0.9999,0,2606383,9.361,0.8017,0.9981,0.9999,0.0001,0.1881,2606383
SmolLM2-360M,full-attention,segmented-lru,64,8589934592,40983606.56,40983606.56,40983606.56,108962.50,8421.44,1.0000,0,2658685,9.500,0.7915,1.0000,1.0000,0.0000,0.1906,2658685
SmolLM2-360M,sliding-window,segmented-lru,64,8589934592,40983606.56,40983606.56,40983606.56,108962.50,8421.44,0.9990,0,2623817,8.000,0.7832,0.8333,0.9990,0.0010,0.2090,2623817
SmolLM2-360M,recency+sinks,segmented-lru,64,8589934592,40983606.56,40983606.56,40983606.56,108962.50,8421.44,1.0000,0,2658685,9.000,0.8039,0.9622,1.0000,0.0000,0.1906,2658685
SmolLM2-360M,topk-attention-blocks,segmented-lru,64,8589934592,40983606.56,40983606.56,40983606.56,108962.50,8421.44,0.9979,0,2318722,7.523,0.9300,0.9304,0.9979,0.0021,0.2078,2318722
SmolLM2-360M,heavy-hitter-blocks,segmented-lru,64,8589934592,40983606.56,40983606.56,40983606.56,108962.50,8421.44,0.9979,0,2318722,7.967,0.8641,0.9156,0.9979,0.0021,0.2078,2318722
SmolLM2-360M,recency-frequency-hybrid,segmented-lru,64,8589934592,40983606.56,40983606.56,40983606.56,108962.50,8421.44,0.9990,0,2623817,8.768,0.8011,0.9341,0.9990,0.0010,0.2090,2623817
SmolLM2-360M,oracle,segmented-lru,64,8589934592,40983606.56,40983606.56,40983606.56,108621.99,8421.44,1.0000,0,0,7.519,1.0000,1.0000,1.0000,0.0000,0.0000,0
SmolLM2-360M,membrane-predictive,segmented-lru,64,8589934592,40983606.56,40983606.56,40983606.56,108962.50,8421.44,0.9999,0,2606383,9.361,0.8017,0.9981,0.9999,0.0001,0.1881,2606383
SmolLM2-360M,full-attention,lru,128,67108864,40983606.56,40983606.56,40983606.56,108962.50,5279.48,1.0000,0,1133210,5.000,0.9428,1.0000,1.0000,0.0000,0.0813,1133210
SmolLM2-360M,sliding-window,lru,128,67108864,40983606.56,40983606.56,40983606.56,108962.50,5279.48,0.9983,0,1098342,4.000,0.9329,0.7916,0.9983,0.0017,0.0984,1098342
SmolLM2-360M,recency+sinks,lru,128,67108864,40983606.56,40983606.56,40983606.56,108962.50,5279.48,1.0000,0,1133210,5.000,0.9428,1.0000,1.0000,0.0000,0.0813,1133210
SmolLM2-360M,topk-attention-blocks,lru,128,67108864,40983606.56,40983606.56,40983606.56,108962.50,5279.48,0.9983,0,1098342,4.709,0.9766,0.9757,0.9983,0.0017,0.0984,1098342
SmolLM2-360M,heavy-hitter-blocks,lru,128,67108864,40983606.56,40983606.56,40983606.56,108962.50,5279.48,0.9983,0,1098342,4.970,0.9463,0.9977,0.9983,0.0017,0.0984,1098342
SmolLM2-360M,recency-frequency-hybrid,lru,128,67108864,40983606.56,40983606.56,40983606.56,108962.50,5279.48,0.9983,0,1098342,4.771,0.9431,0.9545,0.9983,0.0017,0.0984,1098342
SmolLM2-360M,oracle,lru,128,67108864,40983606.56,40983606.56,40983606.56,108962.50,5279.48,1.0000,0,0,4.714,1.0000,1.0000,1.0000,0.0000,0.0000,0
SmolLM2-360M,membrane-predictive,lru,128,67108864,40983606.56,40983606.56,40983606.56,108962.50,5279.48,1.0000,0,1133210,4.999,0.9430,1.0000,1.0000,0.0000,0.0813,1133210
SmolLM2-360M,full-attention,lfu,128,67108864,40983606.56,40983606.56,40983606.56,108962.50,5279.48,1.0000,0,1133210,5.000,0.9428,1.0000,1.0000,0.0000,0.0813,1133210
SmolLM2-360M,sliding-window,lfu,128,67108864,40983606.56,40983606.56,40983606.56,108962.50,5279.48,0.9983,0,1098342,4.000,0.9329,0.7916,0.9983,0.0017,0.0984,1098342
SmolLM2-360M,recency+sinks,lfu,128,67108864,40983606.56,40983606.56,40983606.56,108962.50,5279.48,1.0000,0,1133210,5.000,0.9428,1.0000,1.0000,0.0000,0.0813,1133210
SmolLM2-360M,topk-attention-blocks,lfu,128,67108864,40983606.56,40983606.56,40983606.56,108962.50,5279.48,0.9983,0,1098342,4.709,0.9766,0.9757,0.9983,0.0017,0.0984,1098342
SmolLM2-360M,heavy-hitter-blocks,lfu,128,67108864,40983606.56,40983606.56,40983606.56,108962.50,5279.48,0.9983,0,1098342,4.970,0.9463,0.9977,0.9983,0.0017,0.0984,1098342
SmolLM2-360M,recency-frequency-hybrid,lfu,128,67108864,40983606.56,40983606.56,40983606.56,108962.50,5279.48,0.9983,0,1098342,4.771,0.9431,0.9545,0.9983,0.0017,0.0984,1098342
SmolLM2-360M,oracle,lfu,128,67108864,40983606.56,40983606.56,40983606.56,108962.50,5279.48,1.0000,0,0,4.714,1.0000,1.0000,1.0000,0.0000,0.0000,0
SmolLM2-360M,membrane-predictive,lfu,128,67108864,40983606.56,40983606.56,40983606.56,108962.50,5279.48,1.0000,0,1133210,4.999,0.9430,1.0000,1.0000,0.0000,0.0813,1133210
SmolLM2-360M,full-attention,attention-score-aware,128,67108864,40983606.56,40983606.56,40983606.56,108962.50,5279.48,1.0000,0,1133210,5.000,0.9428,1.0000,1.0000,0.0000,0.0813,1133210
SmolLM2-360M,sliding-window,attention-score-aware,128,67108864,40983606.56,40983606.56,40983606.56,108962.50,5279.48,0.9983,0,1098342,4.000,0.9329,0.7916,0.9983,0.0017,0.0984,1098342
SmolLM2-360M,recency+sinks,attention-score-aware,128,67108864,40983606.56,40983606.56,40983606.56,108962.50,5279.48,1.0000,0,1133210,5.000,0.9428,1.0000,1.0000,0.0000,0.0813,1133210
SmolLM2-360M,topk-attention-blocks,attention-score-aware,128,67108864,40983606.56,40983606.56,40983606.56,108962.50,5279.48,0.9983,0,1098342,4.709,0.9766,0.9757,0.9983,0.0017,0.0984,1098342
SmolLM2-360M,heavy-hitter-blocks,attention-score-aware,128,67108864,40983606.56,40983606.56,40983606.56,108962.50,5279.48,0.9983,0,1098342,4.970,0.9463,0.9977,0.9983,0.0017,0.0984,1098342
SmolLM2-360M,recency-frequency-hybrid,attention-score-aware,128,67108864,40983606.56,40983606.56,40983606.56,108962.50,5279.48,0.9983,0,1098342,4.771,0.9431,0.9545,0.9983,0.0017,0.0984,1098342
SmolLM2-360M,oracle,attention-score-aware,128,67108864,40983606.56,40983606.56,40983606.56,108962.50,5279.48,1.0000,0,0,4.714,1.0000,1.0000,1.0000,0.0000,0.0000,0
SmolLM2-360M,membrane-predictive,attention-score-aware,128,67108864,40983606.56,40983606.56,40983606.56,108962.50,5279.48,1.0000,0,1133210,4.999,0.9430,1.0000,1.0000,0.0000,0.0813,1133210
SmolLM2-360M,full-attention,segmented-lru,128,67108864,40983606.56,40983606.56,40983606.56,108962.50,5279.48,1.0000,0,1133210,5.000,0.9428,1.0000,1.0000,0.0000,0.0813,1133210
SmolLM2-360M,sliding-window,segmented-lru,128,67108864,40983606.56,40983606.56,40983606.56,108962.50,5279.48,0.9983,0,1098342,4.000,0.9329,0.7916,0.9983,0.0017,0.0984,1098342
SmolLM2-360M,recency+sinks,segmented-lru,128,67108864,40983606.56,40983606.56,40983606.56,108962.50,5279.48,1.0000,0,1133210,5.000,0.9428,1.0000,1.0000,0.0000,0.0813,1133210
SmolLM2-360M,topk-attention-blocks,segmented-lru,128,67108864,40983606.56,40983606.56,40983606.56,108962.50,5279.48,0.9983,0,1098342,4.709,0.9766,0.9757,0.9983,0.0017,0.0984,1098342
SmolLM2-360M,heavy-hitter-blocks,segmented-lru,128,67108864,40983606.56,40983606.56,40983606.56,108962.50,5279.48,0.9983,0,1098342,4.970,0.9463,0.9977,0.9983,0.0017,0.0984,1098342
SmolLM2-360M,recency-frequency-hybrid,segmented-lru,128,67108864,40983606.56,40983606.56,40983606.56,108962.50,5279.48,0.9983,0,1098342,4.771,0.9431,0.9545,0.9983,0.0017,0.0984,1098342
SmolLM2-360M,oracle,segmented-lru,128,67108864,40983606.56,40983606.56,40983606.56,108962.50,5279.48,1.0000,0,0,4.714,1.0000,1.0000,1.0000,0.0000,0.0000,0
SmolLM2-360M,membrane-predictive,segmented-lru,128,67108864,40983606.56,40983606.56,40983606.56,108962.50,5279.48,1.0000,0,1133210,4.999,0.9430,1.0000,1.0000,0.0000,0.0813,1133210
SmolLM2-360M,full-attention,lru,128,268435456,40983606.56,40983606.56,40983606.56,108962.50,5279.48,1.0000,0,1133210,5.000,0.9428,1.0000,1.0000,0.0000,0.0813,1133210
SmolLM2-360M,sliding-window,lru,128,268435456,40983606.56,40983606.56,40983606.56,108962.50,5279.48,0.9983,0,1098342,4.000,0.9329,0.7916,0.9983,0.0017,0.0984,1098342
SmolLM2-360M,recency+sinks,lru,128,268435456,40983606.56,40983606.56,40983606.56,108962.50,5279.48,1.0000,0,1133210,5.000,0.9428,1.0000,1.0000,0.0000,0.0813,1133210
SmolLM2-360M,topk-attention-blocks,lru,128,268435456,40983606.56,40983606.56,40983606.56,108962.50,5279.48,0.9983,0,1098342,4.709,0.9766,0.9757,0.9983,0.0017,0.0984,1098342
SmolLM2-360M,heavy-hitter-blocks,lru,128,268435456,40983606.56,40983606.56,40983606.56,108962.50,5279.48,0.9983,0,1098342,4.970,0.9463,0.9977,0.9983,0.0017,0.0984,1098342
SmolLM2-360M,recency-frequency-hybrid,lru,128,268435456,40983606.56,40983606.56,40983606.56,108962.50,5279.48,0.9983,0,1098342,4.771,0.9431,0.9545,0.9983,0.0017,0.0984,1098342
SmolLM2-360M,oracle,lru,128,268435456,40983606.56,40983606.56,40983606.56,108962.50,5279.48,1.0000,0,0,4.714,1.0000,1.0000,1.0000,0.0000,0.0000,0
SmolLM2-360M,membrane-predictive,lru,128,268435456,40983606.56,40983606.56,40983606.56,108962.50,5279.48,1.0000,0,1133210,4.999,0.9430,1.0000,1.0000,0.0000,0.0813,1133210
SmolLM2-360M,full-attention,lfu,128,268435456,40983606.56,40983606.56,40983606.56,108962.50,5279.48,1.0000,0,1133210,5.000,0.9428,1.0000,1.0000,0.0000,0.0813,1133210
SmolLM2-360M,sliding-window,lfu,128,268435456,40983606.56,40983606.56,40983606.56,108962.50,5279.48,0.9983,0,1098342,4.000,0.9329,0.7916,0.9983,0.0017,0.0984,1098342
SmolLM2-360M,recency+sinks,lfu,128,268435456,40983606.56,40983606.56,40983606.56,108962.50,5279.48,1.0000,0,1133210,5.000,0.9428,1.0000,1.0000,0.0000,0.0813,1133210
SmolLM2-360M,topk-attention-blocks,lfu,128,268435456,40983606.56,40983606.56,40983606.56,108962.50,5279.48,0.9983,0,1098342,4.709,0.9766,0.9757,0.9983,0.0017,0.0984,1098342
SmolLM2-360M,heavy-hitter-blocks,lfu,128,268435456,40983606.56,40983606.56,40983606.56,108962.50,5279.48,0.9983,0,1098342,4.970,0.9463,0.9977,0.9983,0.0017,0.0984,1098342
SmolLM2-360M,recency-frequency-hybrid,lfu,128,268435456,40983606.56,40983606.56,40983606.56,108962.50,5279.48,0.9983,0,1098342,4.771,0.9431,0.9545,0.9983,0.0017,0.0984,1098342
SmolLM2-360M,oracle,lfu,128,268435456,40983606.56,40983606.56,40983606.56,108962.50,5279.48,1.0000,0,0,4.714,1.0000,1.0000,1.0000,0.0000,0.0000,0
SmolLM2-360M,membrane-predictive,lfu,128,268435456,40983606.56,40983606.56,40983606.56,108962.50,5279.48,1.0000,0,1133210,4.999,0.9430,1.0000,1.0000,0.0000,0.0813,1133210
SmolLM2-360M,full-attention,attention-score-aware,128,268435456,40983606.56,40983606.56,40983606.56,108962.50,5279.48,1.0000,0,1133210,5.000,0.9428,1.0000,1.0000,0.0000,0.0813,1133210
SmolLM2-360M,sliding-window,attention-score-aware,128,268435456,40983606.56,40983606.56,40983606.56,108962.50,5279.48,0.9983,0,1098342,4.000,0.9329,0.7916,0.9983,0.0017,0.0984,1098342
SmolLM2-360M,recency+sinks,attention-score-aware,128,268435456,40983606.56,40983606.56,40983606.56,108962.50,5279.48,1.0000,0,1133210,5.000,0.9428,1.0000,1.0000,0.0000,0.0813,1133210
SmolLM2-360M,topk-attention-blocks,attention-score-aware,128,268435456,40983606.56,40983606.56,40983606.56,108962.50,5279.48,0.9983,0,1098342,4.709,0.9766,0.9757,0.9983,0.0017,0.0984,1098342
SmolLM2-360M,heavy-hitter-blocks,attention-score-aware,128,268435456,40983606.56,40983606.56,40983606.56,108962.50,5279.48,0.9983,0,1098342,4.970,0.9463,0.9977,0.9983,0.0017,0.0984,1098342
SmolLM2-360M,recency-frequency-hybrid,attention-score-aware,128,268435456,40983606.56,40983606.56,40983606.56,108962.50,5279.48,0.9983,0,1098342,4.771,0.9431,0.9545,0.9983,0.0017,0.0984,1098342
SmolLM2-360M,oracle,attention-score-aware,128,268435456,40983606.56,40983606.56,40983606.56,108962.50,5279.48,1.0000,0,0,4.714,1.0000,1.0000,1.0000,0.0000,0.0000,0
SmolLM2-360M,membrane-predictive,attention-score-aware,128,268435456,40983606.56,40983606.56,40983606.56,108962.50,5279.48,1.0000,0,1133210,4.999,0.9430,1.0000,1.0000,0.0000,0.0813,1133210
SmolLM2-360M,full-attention,segmented-lru,128,268435456,40983606.56,40983606.56,40983606.56,108962.50,5279.48,1.0000,0,1133210,5.000,0.9428,1.0000,1.0000,0.0000,0.0813,1133210
SmolLM2-360M,sliding-window,segmented-lru,128,268435456,40983606.56,40983606.56,40983606.56,108962.50,5279.48,0.9983,0,1098342,4.000,0.9329,0.7916,0.9983,0.0017,0.0984,1098342
SmolLM2-360M,recency+sinks,segmented-lru,128,268435456,40983606.56,40983606.56,40983606.56,108962.50,5279.48,1.0000,0,1133210,5.000,0.9428,1.0000,1.0000,0.0000,0.0813,1133210
SmolLM2-360M,topk-attention-blocks,segmented-lru,128,268435456,40983606.56,40983606.56,40983606.56,108962.50,5279.48,0.9983,0,1098342,4.709,0.9766,0.9757,0.9983,0.0017,0.0984,1098342
SmolLM2-360M,heavy-hitter-blocks,segmented-lru,128,268435456,40983606.56,40983606.56,40983606.56,108962.50,5279.48,0.9983,0,1098342,4.970,0.9463,0.9977,0.9983,0.0017,0.0984,1098342
SmolLM2-360M,recency-frequency-hybrid,segmented-lru,128,268435456,40983606.56,40983606.56,40983606.56,108962.50,5279.48,0.9983,0,1098342,4.771,0.9431,0.9545,0.9983,0.0017,0.0984,1098342
SmolLM2-360M,oracle,segmented-lru,128,268435456,40983606.56,40983606.56,40983606.56,108962.50,5279.48,1.0000,0,0,4.714,1.0000,1.0000,1.0000,0.0000,0.0000,0
SmolLM2-360M,membrane-predictive,segmented-lru,128,268435456,40983606.56,40983606.56,40983606.56,108962.50,5279.48,1.0000,0,1133210,4.999,0.9430,1.0000,1.0000,0.0000,0.0813,1133210
SmolLM2-360M,full-attention,lru,128,1073741824,40983606.56,40983606.56,40983606.56,108962.50,5279.48,1.0000,0,1133210,5.000,0.9428,1.0000,1.0000,0.0000,0.0813,1133210
SmolLM2-360M,sliding-window,lru,128,1073741824,40983606.56,40983606.56,40983606.56,108962.50,5279.48,0.9983,0,1098342,4.000,0.9329,0.7916,0.9983,0.0017,0.0984,1098342
SmolLM2-360M,recency+sinks,lru,128,1073741824,40983606.56,40983606.56,40983606.56,108962.50,5279.48,1.0000,0,1133210,5.000,0.9428,1.0000,1.0000,0.0000,0.0813,1133210
SmolLM2-360M,topk-attention-blocks,lru,128,1073741824,40983606.56,40983606.56,40983606.56,108962.50,5279.48,0.9983,0,1098342,4.709,0.9766,0.9757,0.9983,0.0017,0.0984,1098342
SmolLM2-360M,heavy-hitter-blocks,lru,128,1073741824,40983606.56,40983606.56,40983606.56,108962.50,5279.48,0.9983,0,1098342,4.970,0.9463,0.9977,0.9983,0.0017,0.0984,1098342
SmolLM2-360M,recency-frequency-hybrid,lru,128,1073741824,40983606.56,40983606.56,40983606.56,108962.50,5279.48,0.9983,0,1098342,4.771,0.9431,0.9545,0.9983,0.0017,0.0984,1098342
SmolLM2-360M,oracle,lru,128,1073741824,40983606.56,40983606.56,40983606.56,108962.50,5279.48,1.0000,0,0,4.714,1.0000,1.0000,1.0000,0.0000,0.0000,0
SmolLM2-360M,membrane-predictive,lru,128,1073741824,40983606.56,40983606.56,40983606.56,108962.50,5279.48,1.0000,0,1133210,4.999,0.9430,1.0000,1.0000,0.0000,0.0813,1133210
SmolLM2-360M,full-attention,lfu,128,1073741824,40983606.56,40983606.56,40983606.56,108962.50,5279.48,1.0000,0,1133210,5.000,0.9428,1.0000,1.0000,0.0000,0.0813,1133210
SmolLM2-360M,sliding-window,lfu,128,1073741824,40983606.56,40983606.56,40983606.56,108962.50,5279.48,0.9983,0,1098342,4.000,0.9329,0.7916,0.9983,0.0017,0.0984,1098342
SmolLM2-360M,recency+sinks,lfu,128,1073741824,40983606.56,40983606.56,40983606.56,108962.50,5279.48,1.0000,0,1133210,5.000,0.9428,1.0000,1.0000,0.0000,0.0813,1133210
SmolLM2-360M,topk-attention-blocks,lfu,128,1073741824,40983606.56,40983606.56,40983606.56,108962.50,5279.48,0.9983,0,1098342,4.709,0.9766,0.9757,0.9983,0.0017,0.0984,1098342
SmolLM2-360M,heavy-hitter-blocks,lfu,128,1073741824,40983606.56,40983606.56,40983606.56,108962.50,5279.48,0.9983,0,1098342,4.970,0.9463,0.9977,0.9983,0.0017,0.0984,1098342
SmolLM2-360M,recency-frequency-hybrid,lfu,128,1073741824,40983606.56,40983606.56,40983606.56,108962.50,5279.48,0.9983,0,1098342,4.771,0.9431,0.9545,0.9983,0.0017,0.0984,1098342
SmolLM2-360M,oracle,lfu,128,1073741824,40983606.56,40983606.56,40983606.56,108962.50,5279.48,1.0000,0,0,4.714,1.0000,1.0000,1.0000,0.0000,0.0000,0
SmolLM2-360M,membrane-predictive,lfu,128,1073741824,40983606.56,40983606.56,40983606.56,108962.50,5279.48,1.0000,0,1133210,4.999,0.9430,1.0000,1.0000,0.0000,0.0813,1133210
SmolLM2-360M,full-attention,attention-score-aware,128,1073741824,40983606.56,40983606.56,40983606.56,108962.50,5279.48,1.0000,0,1133210,5.000,0.9428,1.0000,1.0000,0.0000,0.0813,1133210
SmolLM2-360M,sliding-window,attention-score-aware,128,1073741824,40983606.56,40983606.56,40983606.56,108962.50,5279.48,0.9983,0,1098342,4.000,0.9329,0.7916,0.9983,0.0017,0.0984,1098342
SmolLM2-360M,recency+sinks,attention-score-aware,128,1073741824,40983606.56,40983606.56,40983606.56,108962.50,5279.48,1.0000,0,1133210,5.000,0.9428,1.0000,1.0000,0.0000,0.0813,1133210
SmolLM2-360M,topk-attention-blocks,attention-score-aware,128,1073741824,40983606.56,40983606.56,40983606.56,108962.50,5279.48,0.9983,0,1098342,4.709,0.9766,0.9757,0.9983,0.0017,0.0984,1098342
SmolLM2-360M,heavy-hitter-blocks,attention-score-aware,128,1073741824,40983606.56,40983606.56,40983606.56,108962.50,5279.48,0.9983,0,1098342,4.970,0.9463,0.9977,0.9983,0.0017,0.0984,1098342
SmolLM2-360M,recency-frequency-hybrid,attention-score-aware,128,1073741824,40983606.56,40983606.56,40983606.56,108962.50,5279.48,0.9983,0,1098342,4.771,0.9431,0.9545,0.9983,0.0017,0.0984,1098342
SmolLM2-360M,oracle,attention-score-aware,128,1073741824,40983606.56,40983606.56,40983606.56,108962.50,5279.48,1.0000,0,0,4.714,1.0000,1.0000,1.0000,0.0000,0.0000,0
SmolLM2-360M,membrane-predictive,attention-score-aware,128,1073741824,40983606.56,40983606.56,40983606.56,108962.50,5279.48,1.0000,0,1133210,4.999,0.9430,1.0000,1.0000,0.0000,0.0813,1133210
SmolLM2-360M,full-attention,segmented-lru,128,1073741824,40983606.56,40983606.56,40983606.56,108962.50,5279.48,1.0000,0,1133210,5.000,0.9428,1.0000,1.0000,0.0000,0.0813,1133210
SmolLM2-360M,sliding-window,segmented-lru,128,1073741824,40983606.56,40983606.56,40983606.56,108962.50,5279.48,0.9983,0,1098342,4.000,0.9329,0.7916,0.9983,0.0017,0.0984,1098342
SmolLM2-360M,recency+sinks,segmented-lru,128,1073741824,40983606.56,40983606.56,40983606.56,108962.50,5279.48,1.0000,0,1133210,5.000,0.9428,1.0000,1.0000,0.0000,0.0813,1133210
SmolLM2-360M,topk-attention-blocks,segmented-lru,128,1073741824,40983606.56,40983606.56,40983606.56,108962.50,5279.48,0.9983,0,1098342,4.709,0.9766,0.9757,0.9983,0.0017,0.0984,1098342
SmolLM2-360M,heavy-hitter-blocks,segmented-lru,128,1073741824,40983606.56,40983606.56,40983606.56,108962.50,5279.48,0.9983,0,1098342,4.970,0.9463,0.9977,0.9983,0.0017,0.0984,1098342
SmolLM2-360M,recency-frequency-hybrid,segmented-lru,128,1073741824,40983606.56,40983606.56,40983606.56,108962.50,5279.48,0.9983,0,1098342,4.771,0.9431,0.9545,0.9983,0.0017,0.0984,1098342
SmolLM2-360M,oracle,segmented-lru,128,1073741824,40983606.56,40983606.56,40983606.56,108962.50,5279.48,1.0000,0,0,4.714,1.0000,1.0000,1.0000,0.0000,0.0000,0
SmolLM2-360M,membrane-predictive,segmented-lru,128,1073741824,40983606.56,40983606.56,40983606.56,108962.50,5279.48,1.0000,0,1133210,4.999,0.9430,1.0000,1.0000,0.0000,0.0813,1133210
SmolLM2-360M,full-attention,lru,128,4294967296,40983606.56,40983606.56,40983606.56,108962.50,5279.48,1.0000,0,1133210,5.000,0.9428,1.0000,1.0000,0.0000,0.0813,1133210
SmolLM2-360M,sliding-window,lru,128,4294967296,40983606.56,40983606.56,40983606.56,108962.50,5279.48,0.9983,0,1098342,4.000,0.9329,0.7916,0.9983,0.0017,0.0984,1098342
SmolLM2-360M,recency+sinks,lru,128,4294967296,40983606.56,40983606.56,40983606.56,108962.50,5279.48,1.0000,0,1133210,5.000,0.9428,1.0000,1.0000,0.0000,0.0813,1133210
SmolLM2-360M,topk-attention-blocks,lru,128,4294967296,40983606.56,40983606.56,40983606.56,108962.50,5279.48,0.9983,0,1098342,4.709,0.9766,0.9757,0.9983,0.0017,0.0984,1098342
SmolLM2-360M,heavy-hitter-blocks,lru,128,4294967296,40983606.56,40983606.56,40983606.56,108962.50,5279.48,0.9983,0,1098342,4.970,0.9463,0.9977,0.9983,0.0017,0.0984,1098342
SmolLM2-360M,recency-frequency-hybrid,lru,128,4294967296,40983606.56,40983606.56,40983606.56,108962.50,5279.48,0.9983,0,1098342,4.771,0.9431,0.9545,0.9983,0.0017,0.0984,1098342
SmolLM2-360M,oracle,lru,128,4294967296,40983606.56,40983606.56,40983606.56,108962.50,5279.48,1.0000,0,0,4.714,1.0000,1.0000,1.0000,0.0000,0.0000,0
SmolLM2-360M,membrane-predictive,lru,128,4294967296,40983606.56,40983606.56,40983606.56,108962.50,5279.48,1.0000,0,1133210,4.999,0.9430,1.0000,1.0000,0.0000,0.0813,1133210
SmolLM2-360M,full-attention,lfu,128,4294967296,40983606.56,40983606.56,40983606.56,108962.50,5279.48,1.0000,0,1133210,5.000,0.9428,1.0000,1.0000,0.0000,0.0813,1133210
SmolLM2-360M,sliding-window,lfu,128,4294967296,40983606.56,40983606.56,40983606.56,108962.50,5279.48,0.9983,0,1098342,4.000,0.9329,0.7916,0.9983,0.0017,0.0984,1098342
SmolLM2-360M,recency+sinks,lfu,128,4294967296,40983606.56,40983606.56,40983606.56,108962.50,5279.48,1.0000,0,1133210,5.000,0.9428,1.0000,1.0000,0.0000,0.0813,1133210
SmolLM2-360M,topk-attention-blocks,lfu,128,4294967296,40983606.56,40983606.56,40983606.56,108962.50,5279.48,0.9983,0,1098342,4.709,0.9766,0.9757,0.9983,0.0017,0.0984,1098342
SmolLM2-360M,heavy-hitter-blocks,lfu,128,4294967296,40983606.56,40983606.56,40983606.56,108962.50,5279.48,0.9983,0,1098342,4.970,0.9463,0.9977,0.9983,0.0017,0.0984,1098342
SmolLM2-360M,recency-frequency-hybrid,lfu,128,4294967296,40983606.56,40983606.56,40983606.56,108962.50,5279.48,0.9983,0,1098342,4.771,0.9431,0.9545,0.9983,0.0017,0.0984,1098342
SmolLM2-360M,oracle,lfu,128,4294967296,40983606.56,40983606.56,40983606.56,108962.50,5279.48,1.0000,0,0,4.714,1.0000,1.0000,1.0000,0.0000,0.0000,0
SmolLM2-360M,membrane-predictive,lfu,128,4294967296,40983606.56,40983606.56,40983606.56,108962.50,5279.48,1.0000,0,1133210,4.999,0.9430,1.0000,1.0000,0.0000,0.0813,1133210
SmolLM2-360M,full-attention,attention-score-aware,128,4294967296,40983606.56,40983606.56,40983606.56,108962.50,5279.48,1.0000,0,1133210,5.000,0.9428,1.0000,1.0000,0.0000,0.0813,1133210
SmolLM2-360M,sliding-window,attention-score-aware,128,4294967296,40983606.56,40983606.56,40983606.56,108962.50,5279.48,0.9983,0,1098342,4.000,0.9329,0.7916,0.9983,0.0017,0.0984,1098342
SmolLM2-360M,recency+sinks,attention-score-aware,128,4294967296,40983606.56,40983606.56,40983606.56,108962.50,5279.48,1.0000,0,1133210,5.000,0.9428,1.0000,1.0000,0.0000,0.0813,1133210
SmolLM2-360M,topk-attention-blocks,attention-score-aware,128,4294967296,40983606.56,40983606.56,40983606.56,108962.50,5279.48,0.9983,0,1098342,4.709,0.9766,0.9757,0.9983,0.0017,0.0984,1098342
SmolLM2-360M,heavy-hitter-blocks,attention-score-aware,128,4294967296,40983606.56,40983606.56,40983606.56,108962.50,5279.48,0.9983,0,1098342,4.970,0.9463,0.9977,0.9983,0.0017,0.0984,1098342
SmolLM2-360M,recency-frequency-hybrid,attention-score-aware,128,4294967296,40983606.56,40983606.56,40983606.56,108962.50,5279.48,0.9983,0,1098342,4.771,0.9431,0.9545,0.9983,0.0017,0.0984,1098342
SmolLM2-360M,oracle,attention-score-aware,128,4294967296,40983606.56,40983606.56,40983606.56,108962.50,5279.48,1.0000,0,0,4.714,1.0000,1.0000,1.0000,0.0000,0.0000,0
SmolLM2-360M,membrane-predictive,attention-score-aware,128,4294967296,40983606.56,40983606.56,40983606.56,108962.50,5279.48,1.0000,0,1133210,4.999,0.9430,1.0000,1.0000,0.0000,0.0813,1133210
SmolLM2-360M,full-attention,segmented-lru,128,4294967296,40983606.56,40983606.56,40983606.56,108962.50,5279.48,1.0000,0,1133210,5.000,0.9428,1.0000,1.0000,0.0000,0.0813,1133210
SmolLM2-360M,sliding-window,segmented-lru,128,4294967296,40983606.56,40983606.56,40983606.56,108962.50,5279.48,0.9983,0,1098342,4.000,0.9329,0.7916,0.9983,0.0017,0.0984,1098342
SmolLM2-360M,recency+sinks,segmented-lru,128,4294967296,40983606.56,40983606.56,40983606.56,108962.50,5279.48,1.0000,0,1133210,5.000,0.9428,1.0000,1.0000,0.0000,0.0813,1133210
SmolLM2-360M,topk-attention-blocks,segmented-lru,128,4294967296,40983606.56,40983606.56,40983606.56,108962.50,5279.48,0.9983,0,1098342,4.709,0.9766,0.9757,0.9983,0.0017,0.0984,1098342
SmolLM2-360M,heavy-hitter-blocks,segmented-lru,128,4294967296,40983606.56,40983606.56,40983606.56,108962.50,5279.48,0.9983,0,1098342,4.970,0.9463,0.9977,0.9983,0.0017,0.0984,1098342
SmolLM2-360M,recency-frequency-hybrid,segmented-lru,128,4294967296,40983606.56,40983606.56,40983606.56,108962.50,5279.48,0.9983,0,1098342,4.771,0.9431,0.9545,0.9983,0.0017,0.0984,1098342
SmolLM2-360M,oracle,segmented-lru,128,4294967296,40983606.56,40983606.56,40983606.56,108962.50,5279.48,1.0000,0,0,4.714,1.0000,1.0000,1.0000,0.0000,0.0000,0
SmolLM2-360M,membrane-predictive,segmented-lru,128,4294967296,40983606.56,40983606.56,40983606.56,108962.50,5279.48,1.0000,0,1133210,4.999,0.9430,1.0000,1.0000,0.0000,0.0813,1133210
SmolLM2-360M,full-attention,lru,128,8589934592,40983606.56,40983606.56,40983606.56,108962.50,5279.48,1.0000,0,1133210,5.000,0.9428,1.0000,1.0000,0.0000,0.0813,1133210
SmolLM2-360M,sliding-window,lru,128,8589934592,40983606.56,40983606.56,40983606.56,108962.50,5279.48,0.9983,0,1098342,4.000,0.9329,0.7916,0.9983,0.0017,0.0984,1098342
SmolLM2-360M,recency+sinks,lru,128,8589934592,40983606.56,40983606.56,40983606.56,108962.50,5279.48,1.0000,0,1133210,5.000,0.9428,1.0000,1.0000,0.0000,0.0813,1133210
SmolLM2-360M,topk-attention-blocks,lru,128,8589934592,40983606.56,40983606.56,40983606.56,108962.50,5279.48,0.9983,0,1098342,4.709,0.9766,0.9757,0.9983,0.0017,0.0984,1098342
SmolLM2-360M,heavy-hitter-blocks,lru,128,8589934592,40983606.56,40983606.56,40983606.56,108962.50,5279.48,0.9983,0,1098342,4.970,0.9463,0.9977,0.9983,0.0017,0.0984,1098342
SmolLM2-360M,recency-frequency-hybrid,lru,128,8589934592,40983606.56,40983606.56,40983606.56,108962.50,5279.48,0.9983,0,1098342,4.771,0.9431,0.9545,0.9983,0.0017,0.0984,1098342
SmolLM2-360M,oracle,lru,128,8589934592,40983606.56,40983606.56,40983606.56,108962.50,5279.48,1.0000,0,0,4.714,1.0000,1.0000,1.0000,0.0000,0.0000,0
SmolLM2-360M,membrane-predictive,lru,128,8589934592,40983606.56,40983606.56,40983606.56,108962.50,5279.48,1.0000,0,1133210,4.999,0.9430,1.0000,1.0000,0.0000,0.0813,1133210
SmolLM2-360M,full-attention,lfu,128,8589934592,40983606.56,40983606.56,40983606.56,108962.50,5279.48,1.0000,0,1133210,5.000,0.9428,1.0000,1.0000,0.0000,0.0813,1133210
SmolLM2-360M,sliding-window,lfu,128,8589934592,40983606.56,40983606.56,40983606.56,108962.50,5279.48,0.9983,0,1098342,4.000,0.9329,0.7916,0.9983,0.0017,0.0984,1098342
SmolLM2-360M,recency+sinks,lfu,128,8589934592,40983606.56,40983606.56,40983606.56,108962.50,5279.48,1.0000,0,1133210,5.000,0.9428,1.0000,1.0000,0.0000,0.0813,1133210
SmolLM2-360M,topk-attention-blocks,lfu,128,8589934592,40983606.56,40983606.56,40983606.56,108962.50,5279.48,0.9983,0,1098342,4.709,0.9766,0.9757,0.9983,0.0017,0.0984,1098342
SmolLM2-360M,heavy-hitter-blocks,lfu,128,8589934592,40983606.56,40983606.56,40983606.56,108962.50,5279.48,0.9983,0,1098342,4.970,0.9463,0.9977,0.9983,0.0017,0.0984,1098342
SmolLM2-360M,recency-frequency-hybrid,lfu,128,8589934592,40983606.56,40983606.56,40983606.56,108962.50,5279.48,0.9983,0,1098342,4.771,0.9431,0.9545,0.9983,0.0017,0.0984,1098342
SmolLM2-360M,oracle,lfu,128,8589934592,40983606.56,40983606.56,40983606.56,108962.50,5279.48,1.0000,0,0,4.714,1.0000,1.0000,1.0000,0.0000,0.0000,0
SmolLM2-360M,membrane-predictive,lfu,128,8589934592,40983606.56,40983606.56,40983606.56,108962.50,5279.48,1.0000,0,1133210,4.999,0.9430,1.0000,1.0000,0.0000,0.0813,1133210
SmolLM2-360M,full-attention,attention-score-aware,128,8589934592,40983606.56,40983606.56,40983606.56,108962.50,5279.48,1.0000,0,1133210,5.000,0.9428,1.0000,1.0000,0.0000,0.0813,1133210
SmolLM2-360M,sliding-window,attention-score-aware,128,8589934592,40983606.56,40983606.56,40983606.56,108962.50,5279.48,0.9983,0,1098342,4.000,0.9329,0.7916,0.9983,0.0017,0.0984,1098342
SmolLM2-360M,recency+sinks,attention-score-aware,128,8589934592,40983606.56,40983606.56,40983606.56,108962.50,5279.48,1.0000,0,1133210,5.000,0.9428,1.0000,1.0000,0.0000,0.0813,1133210
SmolLM2-360M,topk-attention-blocks,attention-score-aware,128,8589934592,40983606.56,40983606.56,40983606.56,108962.50,5279.48,0.9983,0,1098342,4.709,0.9766,0.9757,0.9983,0.0017,0.0984,1098342
SmolLM2-360M,heavy-hitter-blocks,attention-score-aware,128,8589934592,40983606.56,40983606.56,40983606.56,108962.50,5279.48,0.9983,0,1098342,4.970,0.9463,0.9977,0.9983,0.0017,0.0984,1098342
SmolLM2-360M,recency-frequency-hybrid,attention-score-aware,128,8589934592,40983606.56,40983606.56,40983606.56,108962.50,5279.48,0.9983,0,1098342,4.771,0.9431,0.9545,0.9983,0.0017,0.0984,1098342
SmolLM2-360M,oracle,attention-score-aware,128,8589934592,40983606.56,40983606.56,40983606.56,108962.50,5279.48,1.0000,0,0,4.714,1.0000,1.0000,1.0000,0.0000,0.0000,0
SmolLM2-360M,membrane-predictive,attention-score-aware,128,8589934592,40983606.56,40983606.56,40983606.56,108962.50,5279.48,1.0000,0,1133210,4.999,0.9430,1.0000,1.0000,0.0000,0.0813,1133210
SmolLM2-360M,full-attention,segmented-lru,128,8589934592,40983606.56,40983606.56,40983606.56,108962.50,5279.48,1.0000,0,1133210,5.000,0.9428,1.0000,1.0000,0.0000,0.0813,1133210
SmolLM2-360M,sliding-window,segmented-lru,128,8589934592,40983606.56,40983606.56,40983606.56,108962.50,5279.48,0.9983,0,1098342,4.000,0.9329,0.7916,0.9983,0.0017,0.0984,1098342
SmolLM2-360M,recency+sinks,segmented-lru,128,8589934592,40983606.56,40983606.56,40983606.56,108962.50,5279.48,1.0000,0,1133210,5.000,0.9428,1.0000,1.0000,0.0000,0.0813,1133210
SmolLM2-360M,topk-attention-blocks,segmented-lru,128,8589934592,40983606.56,40983606.56,40983606.56,108962.50,5279.48,0.9983,0,1098342,4.709,0.9766,0.9757,0.9983,0.0017,0.0984,1098342
SmolLM2-360M,heavy-hitter-blocks,segmented-lru,128,8589934592,40983606.56,40983606.56,40983606.56,108962.50,5279.48,0.9983,0,1098342,4.970,0.9463,0.9977,0.9983,0.0017,0.0984,1098342
SmolLM2-360M,recency-frequency-hybrid,segmented-lru,128,8589934592,40983606.56,40983606.56,40983606.56,108962.50,5279.48,0.9983,0,1098342,4.771,0.9431,0.9545,0.9983,0.0017,0.0984,1098342
SmolLM2-360M,oracle,segmented-lru,128,8589934592,40983606.56,40983606.56,40983606.56,108962.50,5279.48,1.0000,0,0,4.714,1.0000,1.0000,1.0000,0.0000,0.0000,0
SmolLM2-360M,membrane-predictive,segmented-lru,128,8589934592,40983606.56,40983606.56,40983606.56,108962.50,5279.48,1.0000,0,1133210,4.999,0.9430,1.0000,1.0000,0.0000,0.0813,1133210
SmolLM2-360M,full-attention,lru,256,67108864,40983606.56,40983606.56,40983606.56,130758.75,3301.59,1.0000,0,1150677,3.000,0.9826,1.0000,1.0000,0.0000,0.0688,1150677
SmolLM2-360M,sliding-window,lru,256,67108864,40983606.56,40983606.56,40983606.56,130758.75,3301.59,0.9973,0,1115808,2.000,0.9755,0.6619,0.9973,0.0027,0.1000,1115808
SmolLM2-360M,recency+sinks,lru,256,67108864,40983606.56,40983606.56,40983606.56,130758.75,3301.59,1.0000,0,1150677,3.000,0.9826,1.0000,1.0000,0.0000,0.0688,1150677
SmolLM2-360M,topk-attention-blocks,lru,256,67108864,40983606.56,40983606.56,40983606.56,130758.75,3301.59,0.9973,0,1115808,2.940,0.9935,0.9910,0.9973,0.0027,0.1000,1115808
SmolLM2-360M,heavy-hitter-blocks,lru,256,67108864,40983606.56,40983606.56,40983606.56,130758.75,3301.59,0.9973,0,1115808,2.982,0.9853,0.9968,0.9973,0.0027,0.1000,1115808
SmolLM2-360M,recency-frequency-hybrid,lru,256,67108864,40983606.56,40983606.56,40983606.56,130758.75,3301.59,0.9973,0,1115808,2.992,0.9826,0.9973,0.9973,0.0027,0.1000,1115808
SmolLM2-360M,oracle,lru,256,67108864,40983606.56,40983606.56,40983606.56,130758.75,3301.59,1.0000,0,0,2.948,1.0000,1.0000,1.0000,0.0000,0.0000,0
SmolLM2-360M,membrane-predictive,lru,256,67108864,40983606.56,40983606.56,40983606.56,130758.75,3301.59,1.0000,0,1150677,3.000,0.9827,1.0000,1.0000,0.0000,0.0688,1150677
SmolLM2-360M,full-attention,lfu,256,67108864,40983606.56,40983606.56,40983606.56,130758.75,3301.59,1.0000,0,1150677,3.000,0.9826,1.0000,1.0000,0.0000,0.0688,1150677
SmolLM2-360M,sliding-window,lfu,256,67108864,40983606.56,40983606.56,40983606.56,130758.75,3301.59,0.9973,0,1115808,2.000,0.9755,0.6619,0.9973,0.0027,0.1000,1115808
SmolLM2-360M,recency+sinks,lfu,256,67108864,40983606.56,40983606.56,40983606.56,130758.75,3301.59,1.0000,0,1150677,3.000,0.9826,1.0000,1.0000,0.0000,0.0688,1150677
SmolLM2-360M,topk-attention-blocks,lfu,256,67108864,40983606.56,40983606.56,40983606.56,130758.75,3301.59,0.9973,0,1115808,2.940,0.9935,0.9910,0.9973,0.0027,0.1000,1115808
SmolLM2-360M,heavy-hitter-blocks,lfu,256,67108864,40983606.56,40983606.56,40983606.56,130758.75,3301.59,0.9973,0,1115808,2.982,0.9853,0.9968,0.9973,0.0027,0.1000,1115808
SmolLM2-360M,recency-frequency-hybrid,lfu,256,67108864,40983606.56,40983606.56,40983606.56,130758.75,3301.59,0.9973,0,1115808,2.992,0.9826,0.9973,0.9973,0.0027,0.1000,1115808
SmolLM2-360M,oracle,lfu,256,67108864,40983606.56,40983606.56,40983606.56,130758.75,3301.59,1.0000,0,0,2.948,1.0000,1.0000,1.0000,0.0000,0.0000,0
SmolLM2-360M,membrane-predictive,lfu,256,67108864,40983606.56,40983606.56,40983606.56,130758.75,3301.59,1.0000,0,1150677,3.000,0.9827,1.0000,1.0000,0.0000,0.0688,1150677
SmolLM2-360M,full-attention,attention-score-aware,256,67108864,40983606.56,40983606.56,40983606.56,130758.75,3301.59,1.0000,0,1150677,3.000,0.9826,1.0000,1.0000,0.0000,0.0688,1150677
SmolLM2-360M,sliding-window,attention-score-aware,256,67108864,40983606.56,40983606.56,40983606.56,130758.75,3301.59,0.9973,0,1115808,2.000,0.9755,0.6619,0.9973,0.0027,0.1000,1115808
SmolLM2-360M,recency+sinks,attention-score-aware,256,67108864,40983606.56,40983606.56,40983606.56,130758.75,3301.59,1.0000,0,1150677,3.000,0.9826,1.0000,1.0000,0.0000,0.0688,1150677
SmolLM2-360M,topk-attention-blocks,attention-score-aware,256,67108864,40983606.56,40983606.56,40983606.56,130758.75,3301.59,0.9973,0,1115808,2.940,0.9935,0.9910,0.9973,0.0027,0.1000,1115808
SmolLM2-360M,heavy-hitter-blocks,attention-score-aware,256,67108864,40983606.56,40983606.56,40983606.56,130758.75,3301.59,0.9973,0,1115808,2.982,0.9853,0.9968,0.9973,0.0027,0.1000,1115808
SmolLM2-360M,recency-frequency-hybrid,attention-score-aware,256,67108864,40983606.56,40983606.56,40983606.56,130758.75,3301.59,0.9973,0,1115808,2.992,0.9826,0.9973,0.9973,0.0027,0.1000,1115808
SmolLM2-360M,oracle,attention-score-aware,256,67108864,40983606.56,40983606.56,40983606.56,130758.75,3301.59,1.0000,0,0,2.948,1.0000,1.0000,1.0000,0.0000,0.0000,0
SmolLM2-360M,membrane-predictive,attention-score-aware,256,67108864,40983606.56,40983606.56,40983606.56,130758.75,3301.59,1.0000,0,1150677,3.000,0.9827,1.0000,1.0000,0.0000,0.0688,1150677
SmolLM2-360M,full-attention,segmented-lru,256,67108864,40983606.56,40983606.56,40983606.56,130758.75,3301.59,1.0000,0,1150677,3.000,0.9826,1.0000,1.0000,0.0000,0.0688,1150677
SmolLM2-360M,sliding-window,segmented-lru,256,67108864,40983606.56,40983606.56,40983606.56,130758.75,3301.59,0.9973,0,1115808,2.000,0.9755,0.6619,0.9973,0.0027,0.1000,1115808
SmolLM2-360M,recency+sinks,segmented-lru,256,67108864,40983606.56,40983606.56,40983606.56,130758.75,3301.59,1.0000,0,1150677,3.000,0.9826,1.0000,1.0000,0.0000,0.0688,1150677
SmolLM2-360M,topk-attention-blocks,segmented-lru,256,67108864,40983606.56,40983606.56,40983606.56,130758.75,3301.59,0.9973,0,1115808,2.940,0.9935,0.9910,0.9973,0.0027,0.1000,1115808
SmolLM2-360M,heavy-hitter-blocks,segmented-lru,256,67108864,40983606.56,40983606.56,40983606.56,130758.75,3301.59,0.9973,0,1115808,2.982,0.9853,0.9968,0.9973,0.0027,0.1000,1115808
SmolLM2-360M,recency-frequency-hybrid,segmented-lru,256,67108864,40983606.56,40983606.56,40983606.56,130758.75,3301.59,0.9973,0,1115808,2.992,0.9826,0.9973,0.9973,0.0027,0.1000,1115808
SmolLM2-360M,oracle,segmented-lru,256,67108864,40983606.56,40983606.56,40983606.56,130758.75,3301.59,1.0000,0,0,2.948,1.0000,1.0000,1.0000,0.0000,0.0000,0
SmolLM2-360M,membrane-predictive,segmented-lru,256,67108864,40983606.56,40983606.56,40983606.56,130758.75,3301.59,1.0000,0,1150677,3.000,0.9827,1.0000,1.0000,0.0000,0.0688,1150677
SmolLM2-360M,full-attention,lru,256,268435456,40983606.56,40983606.56,40983606.56,130758.75,3301.59,1.0000,0,1150677,3.000,0.9826,1.0000,1.0000,0.0000,0.0688,1150677
SmolLM2-360M,sliding-window,lru,256,268435456,40983606.56,40983606.56,40983606.56,130758.75,3301.59,0.9973,0,1115808,2.000,0.9755,0.6619,0.9973,0.0027,0.1000,1115808
SmolLM2-360M,recency+sinks,lru,256,268435456,40983606.56,40983606.56,40983606.56,130758.75,3301.59,1.0000,0,1150677,3.000,0.9826,1.0000,1.0000,0.0000,0.0688,1150677
SmolLM2-360M,topk-attention-blocks,lru,256,268435456,40983606.56,40983606.56,40983606.56,130758.75,3301.59,0.9973,0,1115808,2.940,0.9935,0.9910,0.9973,0.0027,0.1000,1115808
SmolLM2-360M,heavy-hitter-blocks,lru,256,268435456,40983606.56,40983606.56,40983606.56,130758.75,3301.59,0.9973,0,1115808,2.982,0.9853,0.9968,0.9973,0.0027,0.1000,1115808
SmolLM2-360M,recency-frequency-hybrid,lru,256,268435456,40983606.56,40983606.56,40983606.56,130758.75,3301.59,0.9973,0,1115808,2.992,0.9826,0.9973,0.9973,0.0027,0.1000,1115808
SmolLM2-360M,oracle,lru,256,268435456,40983606.56,40983606.56,40983606.56,130758.75,3301.59,1.0000,0,0,2.948,1.0000,1.0000,1.0000,0.0000,0.0000,0
SmolLM2-360M,membrane-predictive,lru,256,268435456,40983606.56,40983606.56,40983606.56,130758.75,3301.59,1.0000,0,1150677,3.000,0.9827,1.0000,1.0000,0.0000,0.0688,1150677
SmolLM2-360M,full-attention,lfu,256,268435456,40983606.56,40983606.56,40983606.56,130758.75,3301.59,1.0000,0,1150677,3.000,0.9826,1.0000,1.0000,0.0000,0.0688,1150677
SmolLM2-360M,sliding-window,lfu,256,268435456,40983606.56,40983606.56,40983606.56,130758.75,3301.59,0.9973,0,1115808,2.000,0.9755,0.6619,0.9973,0.0027,0.1000,1115808
SmolLM2-360M,recency+sinks,lfu,256,268435456,40983606.56,40983606.56,40983606.56,130758.75,3301.59,1.0000,0,1150677,3.000,0.9826,1.0000,1.0000,0.0000,0.0688,1150677
SmolLM2-360M,topk-attention-blocks,lfu,256,268435456,40983606.56,40983606.56,40983606.56,130758.75,3301.59,0.9973,0,1115808,2.940,0.9935,0.9910,0.9973,0.0027,0.1000,1115808
SmolLM2-360M,heavy-hitter-blocks,lfu,256,268435456,40983606.56,40983606.56,40983606.56,130758.75,3301.59,0.9973,0,1115808,2.982,0.9853,0.9968,0.9973,0.0027,0.1000,1115808
SmolLM2-360M,recency-frequency-hybrid,lfu,256,268435456,40983606.56,40983606.56,40983606.56,130758.75,3301.59,0.9973,0,1115808,2.992,0.9826,0.9973,0.9973,0.0027,0.1000,1115808
SmolLM2-360M,oracle,lfu,256,268435456,40983606.56,40983606.56,40983606.56,130758.75,3301.59,1.0000,0,0,2.948,1.0000,1.0000,1.0000,0.0000,0.0000,0
SmolLM2-360M,membrane-predictive,lfu,256,268435456,40983606.56,40983606.56,40983606.56,130758.75,3301.59,1.0000,0,1150677,3.000,0.9827,1.0000,1.0000,0.0000,0.0688,1150677
SmolLM2-360M,full-attention,attention-score-aware,256,268435456,40983606.56,40983606.56,40983606.56,130758.75,3301.59,1.0000,0,1150677,3.000,0.9826,1.0000,1.0000,0.0000,0.0688,1150677
SmolLM2-360M,sliding-window,attention-score-aware,256,268435456,40983606.56,40983606.56,40983606.56,130758.75,3301.59,0.9973,0,1115808,2.000,0.9755,0.6619,0.9973,0.0027,0.1000,1115808
SmolLM2-360M,recency+sinks,attention-score-aware,256,268435456,40983606.56,40983606.56,40983606.56,130758.75,3301.59,1.0000,0,1150677,3.000,0.9826,1.0000,1.0000,0.0000,0.0688,1150677
SmolLM2-360M,topk-attention-blocks,attention-score-aware,256,268435456,40983606.56,40983606.56,40983606.56,130758.75,3301.59,0.9973,0,1115808,2.940,0.9935,0.9910,0.9973,0.0027,0.1000,1115808
SmolLM2-360M,heavy-hitter-blocks,attention-score-aware,256,268435456,40983606.56,40983606.56,40983606.56,130758.75,3301.59,0.9973,0,1115808,2.982,0.9853,0.9968,0.9973,0.0027,0.1000,1115808
SmolLM2-360M,recency-frequency-hybrid,attention-score-aware,256,268435456,40983606.56,40983606.56,40983606.56,130758.75,3301.59,0.9973,0,1115808,2.992,0.9826,0.9973,0.9973,0.0027,0.1000,1115808
SmolLM2-360M,oracle,attention-score-aware,256,268435456,40983606.56,40983606.56,40983606.56,130758.75,3301.59,1.0000,0,0,2.948,1.0000,1.0000,1.0000,0.0000,0.0000,0
SmolLM2-360M,membrane-predictive,attention-score-aware,256,268435456,40983606.56,40983606.56,40983606.56,130758.75,3301.59,1.0000,0,1150677,3.000,0.9827,1.0000,1.0000,0.0000,0.0688,1150677
SmolLM2-360M,full-attention,segmented-lru,256,268435456,40983606.56,40983606.56,40983606.56,130758.75,3301.59,1.0000,0,1150677,3.000,0.9826,1.0000,1.0000,0.0000,0.0688,1150677
SmolLM2-360M,sliding-window,segmented-lru,256,268435456,40983606.56,40983606.56,40983606.56,130758.75,3301.59,0.9973,0,1115808,2.000,0.9755,0.6619,0.9973,0.0027,0.1000,1115808
SmolLM2-360M,recency+sinks,segmented-lru,256,268435456,40983606.56,40983606.56,40983606.56,130758.75,3301.59,1.0000,0,1150677,3.000,0.9826,1.0000,1.0000,0.0000,0.0688,1150677
SmolLM2-360M,topk-attention-blocks,segmented-lru,256,268435456,40983606.56,40983606.56,40983606.56,130758.75,3301.59,0.9973,0,1115808,2.940,0.9935,0.9910,0.9973,0.0027,0.1000,1115808
SmolLM2-360M,heavy-hitter-blocks,segmented-lru,256,268435456,40983606.56,40983606.56,40983606.56,130758.75,3301.59,0.9973,0,1115808,2.982,0.9853,0.9968,0.9973,0.0027,0.1000,1115808
SmolLM2-360M,recency-frequency-hybrid,segmented-lru,256,268435456,40983606.56,40983606.56,40983606.56,130758.75,3301.59,0.9973,0,1115808,2.992,0.9826,0.9973,0.9973,0.0027,0.1000,1115808
SmolLM2-360M,oracle,segmented-lru,256,268435456,40983606.56,40983606.56,40983606.56,130758.75,3301.59,1.0000,0,0,2.948,1.0000,1.0000,1.0000,0.0000,0.0000,0
SmolLM2-360M,membrane-predictive,segmented-lru,256,268435456,40983606.56,40983606.56,40983606.56,130758.75,3301.59,1.0000,0,1150677,3.000,0.9827,1.0000,1.0000,0.0000,0.0688,1150677
SmolLM2-360M,full-attention,lru,256,1073741824,40983606.56,40983606.56,40983606.56,130758.75,3301.59,1.0000,0,1150677,3.000,0.9826,1.0000,1.0000,0.0000,0.0688,1150677
SmolLM2-360M,sliding-window,lru,256,1073741824,40983606.56,40983606.56,40983606.56,130758.75,3301.59,0.9973,0,1115808,2.000,0.9755,0.6619,0.9973,0.0027,0.1000,1115808
SmolLM2-360M,recency+sinks,lru,256,1073741824,40983606.56,40983606.56,40983606.56,130758.75,3301.59,1.0000,0,1150677,3.000,0.9826,1.0000,1.0000,0.0000,0.0688,1150677
SmolLM2-360M,topk-attention-blocks,lru,256,1073741824,40983606.56,40983606.56,40983606.56,130758.75,3301.59,0.9973,0,1115808,2.940,0.9935,0.9910,0.9973,0.0027,0.1000,1115808
SmolLM2-360M,heavy-hitter-blocks,lru,256,1073741824,40983606.56,40983606.56,40983606.56,130758.75,3301.59,0.9973,0,1115808,2.982,0.9853,0.9968,0.9973,0.0027,0.1000,1115808
SmolLM2-360M,recency-frequency-hybrid,lru,256,1073741824,40983606.56,40983606.56,40983606.56,130758.75,3301.59,0.9973,0,1115808,2.992,0.9826,0.9973,0.9973,0.0027,0.1000,1115808
SmolLM2-360M,oracle,lru,256,1073741824,40983606.56,40983606.56,40983606.56,130758.75,3301.59,1.0000,0,0,2.948,1.0000,1.0000,1.0000,0.0000,0.0000,0
SmolLM2-360M,membrane-predictive,lru,256,1073741824,40983606.56,40983606.56,40983606.56,130758.75,3301.59,1.0000,0,1150677,3.000,0.9827,1.0000,1.0000,0.0000,0.0688,1150677
SmolLM2-360M,full-attention,lfu,256,1073741824,40983606.56,40983606.56,40983606.56,130758.75,3301.59,1.0000,0,1150677,3.000,0.9826,1.0000,1.0000,0.0000,0.0688,1150677
SmolLM2-360M,sliding-window,lfu,256,1073741824,40983606.56,40983606.56,40983606.56,130758.75,3301.59,0.9973,0,1115808,2.000,0.9755,0.6619,0.9973,0.0027,0.1000,1115808
SmolLM2-360M,recency+sinks,lfu,256,1073741824,40983606.56,40983606.56,40983606.56,130758.75,3301.59,1.0000,0,1150677,3.000,0.9826,1.0000,1.0000,0.0000,0.0688,1150677
SmolLM2-360M,topk-attention-blocks,lfu,256,1073741824,40983606.56,40983606.56,40983606.56,130758.75,3301.59,0.9973,0,1115808,2.940,0.9935,0.9910,0.9973,0.0027,0.1000,1115808
SmolLM2-360M,heavy-hitter-blocks,lfu,256,1073741824,40983606.56,40983606.56,40983606.56,130758.75,3301.59,0.9973,0,1115808,2.982,0.9853,0.9968,0.9973,0.0027,0.1000,1115808
SmolLM2-360M,recency-frequency-hybrid,lfu,256,1073741824,40983606.56,40983606.56,40983606.56,130758.75,3301.59,0.9973,0,1115808,2.992,0.9826,0.9973,0.9973,0.0027,0.1000,1115808
SmolLM2-360M,oracle,lfu,256,1073741824,40983606.56,40983606.56,40983606.56,130758.75,3301.59,1.0000,0,0,2.948,1.0000,1.0000,1.0000,0.0000,0.0000,0
SmolLM2-360M,membrane-predictive,lfu,256,1073741824,40983606.56,40983606.56,40983606.56,130758.75,3301.59,1.0000,0,1150677,3.000,0.9827,1.0000,1.0000,0.0000,0.0688,1150677
SmolLM2-360M,full-attention,attention-score-aware,256,1073741824,40983606.56,40983606.56,40983606.56,130758.75,3301.59,1.0000,0,1150677,3.000,0.9826,1.0000,1.0000,0.0000,0.0688,1150677
SmolLM2-360M,sliding-window,attention-score-aware,256,1073741824,40983606.56,40983606.56,40983606.56,130758.75,3301.59,0.9973,0,1115808,2.000,0.9755,0.6619,0.9973,0.0027,0.1000,1115808
SmolLM2-360M,recency+sinks,attention-score-aware,256,1073741824,40983606.56,40983606.56,40983606.56,130758.75,3301.59,1.0000,0,1150677,3.000,0.9826,1.0000,1.0000,0.0000,0.0688,1150677
SmolLM2-360M,topk-attention-blocks,attention-score-aware,256,1073741824,40983606.56,40983606.56,40983606.56,130758.75,3301.59,0.9973,0,1115808,2.940,0.9935,0.9910,0.9973,0.0027,0.1000,1115808
SmolLM2-360M,heavy-hitter-blocks,attention-score-aware,256,1073741824,40983606.56,40983606.56,40983606.56,130758.75,3301.59,0.9973,0,1115808,2.982,0.9853,0.9968,0.9973,0.0027,0.1000,1115808
SmolLM2-360M,recency-frequency-hybrid,attention-score-aware,256,1073741824,40983606.56,40983606.56,40983606.56,130758.75,3301.59,0.9973,0,1115808,2.992,0.9826,0.9973,0.9973,0.0027,0.1000,1115808
SmolLM2-360M,oracle,attention-score-aware,256,1073741824,40983606.56,40983606.56,40983606.56,130758.75,3301.59,1.0000,0,0,2.948,1.0000,1.0000,1.0000,0.0000,0.0000,0
SmolLM2-360M,membrane-predictive,attention-score-aware,256,1073741824,40983606.56,40983606.56,40983606.56,130758.75,3301.59,1.0000,0,1150677,3.000,0.9827,1.0000,1.0000,0.0000,0.0688,1150677
SmolLM2-360M,full-attention,segmented-lru,256,1073741824,40983606.56,40983606.56,40983606.56,130758.75,3301.59,1.0000,0,1150677,3.000,0.9826,1.0000,1.0000,0.0000,0.0688,1150677
SmolLM2-360M,sliding-window,segmented-lru,256,1073741824,40983606.56,40983606.56,40983606.56,130758.75,3301.59,0.9973,0,1115808,2.000,0.9755,0.6619,0.9973,0.0027,0.1000,1115808
SmolLM2-360M,recency+sinks,segmented-lru,256,1073741824,40983606.56,40983606.56,40983606.56,130758.75,3301.59,1.0000,0,1150677,3.000,0.9826,1.0000,1.0000,0.0000,0.0688,1150677
SmolLM2-360M,topk-attention-blocks,segmented-lru,256,1073741824,40983606.56,40983606.56,40983606.56,130758.75,3301.59,0.9973,0,1115808,2.940,0.9935,0.9910,0.9973,0.0027,0.1000,1115808
SmolLM2-360M,heavy-hitter-blocks,segmented-lru,256,1073741824,40983606.56,40983606.56,40983606.56,130758.75,3301.59,0.9973,0,1115808,2.982,0.9853,0.9968,0.9973,0.0027,0.1000,1115808
SmolLM2-360M,recency-frequency-hybrid,segmented-lru,256,1073741824,40983606.56,40983606.56,40983606.56,130758.75,3301.59,0.9973,0,1115808,2.992,0.9826,0.9973,0.9973,0.0027,0.1000,1115808
SmolLM2-360M,oracle,segmented-lru,256,1073741824,40983606.56,40983606.56,40983606.56,130758.75,3301.59,1.0000,0,0,2.948,1.0000,1.0000,1.0000,0.0000,0.0000,0
SmolLM2-360M,membrane-predictive,segmented-lru,256,1073741824,40983606.56,40983606.56,40983606.56,130758.75,3301.59,1.0000,0,1150677,3.000,0.9827,1.0000,1.0000,0.0000,0.0688,1150677
SmolLM2-360M,full-attention,lru,256,4294967296,40983606.56,40983606.56,40983606.56,130758.75,3301.59,1.0000,0,1150677,3.000,0.9826,1.0000,1.0000,0.0000,0.0688,1150677
SmolLM2-360M,sliding-window,lru,256,4294967296,40983606.56,40983606.56,40983606.56,130758.75,3301.59,0.9973,0,1115808,2.000,0.9755,0.6619,0.9973,0.0027,0.1000,1115808
SmolLM2-360M,recency+sinks,lru,256,4294967296,40983606.56,40983606.56,40983606.56,130758.75,3301.59,1.0000,0,1150677,3.000,0.9826,1.0000,1.0000,0.0000,0.0688,1150677
SmolLM2-360M,topk-attention-blocks,lru,256,4294967296,40983606.56,40983606.56,40983606.56,130758.75,3301.59,0.9973,0,1115808,2.940,0.9935,0.9910,0.9973,0.0027,0.1000,1115808
SmolLM2-360M,heavy-hitter-blocks,lru,256,4294967296,40983606.56,40983606.56,40983606.56,130758.75,3301.59,0.9973,0,1115808,2.982,0.9853,0.9968,0.9973,0.0027,0.1000,1115808
SmolLM2-360M,recency-frequency-hybrid,lru,256,4294967296,40983606.56,40983606.56,40983606.56,130758.75,3301.59,0.9973,0,1115808,2.992,0.9826,0.9973,0.9973,0.0027,0.1000,1115808
SmolLM2-360M,oracle,lru,256,4294967296,40983606.56,40983606.56,40983606.56,130758.75,3301.59,1.0000,0,0,2.948,1.0000,1.0000,1.0000,0.0000,0.0000,0
SmolLM2-360M,membrane-predictive,lru,256,4294967296,40983606.56,40983606.56,40983606.56,130758.75,3301.59,1.0000,0,1150677,3.000,0.9827,1.0000,1.0000,0.0000,0.0688,1150677
SmolLM2-360M,full-attention,lfu,256,4294967296,40983606.56,40983606.56,40983606.56,130758.75,3301.59,1.0000,0,1150677,3.000,0.9826,1.0000,1.0000,0.0000,0.0688,1150677
SmolLM2-360M,sliding-window,lfu,256,4294967296,40983606.56,40983606.56,40983606.56,130758.75,3301.59,0.9973,0,1115808,2.000,0.9755,0.6619,0.9973,0.0027,0.1000,1115808
SmolLM2-360M,recency+sinks,lfu,256,4294967296,40983606.56,40983606.56,40983606.56,130758.75,3301.59,1.0000,0,1150677,3.000,0.9826,1.0000,1.0000,0.0000,0.0688,1150677
SmolLM2-360M,topk-attention-blocks,lfu,256,4294967296,40983606.56,40983606.56,40983606.56,130758.75,3301.59,0.9973,0,1115808,2.940,0.9935,0.9910,0.9973,0.0027,0.1000,1115808
SmolLM2-360M,heavy-hitter-blocks,lfu,256,4294967296,40983606.56,40983606.56,40983606.56,130758.75,3301.59,0.9973,0,1115808,2.982,0.9853,0.9968,0.9973,0.0027,0.1000,1115808
SmolLM2-360M,recency-frequency-hybrid,lfu,256,4294967296,40983606.56,40983606.56,40983606.56,130758.75,3301.59,0.9973,0,1115808,2.992,0.9826,0.9973,0.9973,0.0027,0.1000,1115808
SmolLM2-360M,oracle,lfu,256,4294967296,40983606.56,40983606.56,40983606.56,130758.75,3301.59,1.0000,0,0,2.948,1.0000,1.0000,1.0000,0.0000,0.0000,0
SmolLM2-360M,membrane-predictive,lfu,256,4294967296,40983606.56,40983606.56,40983606.56,130758.75,3301.59,1.0000,0,1150677,3.000,0.9827,1.0000,1.0000,0.0000,0.0688,1150677
SmolLM2-360M,full-attention,attention-score-aware,256,4294967296,40983606.56,40983606.56,40983606.56,130758.75,3301.59,1.0000,0,1150677,3.000,0.9826,1.0000,1.0000,0.0000,0.0688,1150677
SmolLM2-360M,sliding-window,attention-score-aware,256,4294967296,40983606.56,40983606.56,40983606.56,130758.75,3301.59,0.9973,0,1115808,2.000,0.9755,0.6619,0.9973,0.0027,0.1000,1115808
SmolLM2-360M,recency+sinks,attention-score-aware,256,4294967296,40983606.56,40983606.56,40983606.56,130758.75,3301.59,1.0000,0,1150677,3.000,0.9826,1.0000,1.0000,0.0000,0.0688,1150677
SmolLM2-360M,topk-attention-blocks,attention-score-aware,256,4294967296,40983606.56,40983606.56,40983606.56,130758.75,3301.59,0.9973,0,1115808,2.940,0.9935,0.9910,0.9973,0.0027,0.1000,1115808
SmolLM2-360M,heavy-hitter-blocks,attention-score-aware,256,4294967296,40983606.56,40983606.56,40983606.56,130758.75,3301.59,0.9973,0,1115808,2.982,0.9853,0.9968,0.9973,0.0027,0.1000,1115808
SmolLM2-360M,recency-frequency-hybrid,attention-score-aware,256,4294967296,40983606.56,40983606.56,40983606.56,130758.75,3301.59,0.9973,0,1115808,2.992,0.9826,0.9973,0.9973,0.0027,0.1000,1115808
SmolLM2-360M,oracle,attention-score-aware,256,4294967296,40983606.56,40983606.56,40983606.56,130758.75,3301.59,1.0000,0,0,2.948,1.0000,1.0000,1.0000,0.0000,0.0000,0
SmolLM2-360M,membrane-predictive,attention-score-aware,256,4294967296,40983606.56,40983606.56,40983606.56,130758.75,3301.59,1.0000,0,1150677,3.000,0.9827,1.0000,1.0000,0.0000,0.0688,1150677
SmolLM2-360M,full-attention,segmented-lru,256,4294967296,40983606.56,40983606.56,40983606.56,130758.75,3301.59,1.0000,0,1150677,3.000,0.9826,1.0000,1.0000,0.0000,0.0688,1150677
SmolLM2-360M,sliding-window,segmented-lru,256,4294967296,40983606.56,40983606.56,40983606.56,130758.75,3301.59,0.9973,0,1115808,2.000,0.9755,0.6619,0.9973,0.0027,0.1000,1115808
SmolLM2-360M,recency+sinks,segmented-lru,256,4294967296,40983606.56,40983606.56,40983606.56,130758.75,3301.59,1.0000,0,1150677,3.000,0.9826,1.0000,1.0000,0.0000,0.0688,1150677
SmolLM2-360M,topk-attention-blocks,segmented-lru,256,4294967296,40983606.56,40983606.56,40983606.56,130758.75,3301.59,0.9973,0,1115808,2.940,0.9935,0.9910,0.9973,0.0027,0.1000,1115808
SmolLM2-360M,heavy-hitter-blocks,segmented-lru,256,4294967296,40983606.56,40983606.56,40983606.56,130758.75,3301.59,0.9973,0,1115808,2.982,0.9853,0.9968,0.9973,0.0027,0.1000,1115808
SmolLM2-360M,recency-frequency-hybrid,segmented-lru,256,4294967296,40983606.56,40983606.56,40983606.56,130758.75,3301.59,0.9973,0,1115808,2.992,0.9826,0.9973,0.9973,0.0027,0.1000,1115808
SmolLM2-360M,oracle,segmented-lru,256,4294967296,40983606.56,40983606.56,40983606.56,130758.75,3301.59,1.0000,0,0,2.948,1.0000,1.0000,1.0000,0.0000,0.0000,0
SmolLM2-360M,membrane-predictive,segmented-lru,256,4294967296,40983606.56,40983606.56,40983606.56,130758.75,3301.59,1.0000,0,1150677,3.000,0.9827,1.0000,1.0000,0.0000,0.0688,1150677
SmolLM2-360M,full-attention,lru,256,8589934592,40983606.56,40983606.56,40983606.56,130758.75,3301.59,1.0000,0,1150677,3.000,0.9826,1.0000,1.0000,0.0000,0.0688,1150677
SmolLM2-360M,sliding-window,lru,256,8589934592,40983606.56,40983606.56,40983606.56,130758.75,3301.59,0.9973,0,1115808,2.000,0.9755,0.6619,0.9973,0.0027,0.1000,1115808
SmolLM2-360M,recency+sinks,lru,256,8589934592,40983606.56,40983606.56,40983606.56,130758.75,3301.59,1.0000,0,1150677,3.000,0.9826,1.0000,1.0000,0.0000,0.0688,1150677
SmolLM2-360M,topk-attention-blocks,lru,256,8589934592,40983606.56,40983606.56,40983606.56,130758.75,3301.59,0.9973,0,1115808,2.940,0.9935,0.9910,0.9973,0.0027,0.1000,1115808
SmolLM2-360M,heavy-hitter-blocks,lru,256,8589934592,40983606.56,40983606.56,40983606.56,130758.75,3301.59,0.9973,0,1115808,2.982,0.9853,0.9968,0.9973,0.0027,0.1000,1115808
SmolLM2-360M,recency-frequency-hybrid,lru,256,8589934592,40983606.56,40983606.56,40983606.56,130758.75,3301.59,0.9973,0,1115808,2.992,0.9826,0.9973,0.9973,0.0027,0.1000,1115808
SmolLM2-360M,oracle,lru,256,8589934592,40983606.56,40983606.56,40983606.56,130758.75,3301.59,1.0000,0,0,2.948,1.0000,1.0000,1.0000,0.0000,0.0000,0
SmolLM2-360M,membrane-predictive,lru,256,8589934592,40983606.56,40983606.56,40983606.56,130758.75,3301.59,1.0000,0,1150677,3.000,0.9827,1.0000,1.0000,0.0000,0.0688,1150677
SmolLM2-360M,full-attention,lfu,256,8589934592,40983606.56,40983606.56,40983606.56,130758.75,3301.59,1.0000,0,1150677,3.000,0.9826,1.0000,1.0000,0.0000,0.0688,1150677
SmolLM2-360M,sliding-window,lfu,256,8589934592,40983606.56,40983606.56,40983606.56,130758.75,3301.59,0.9973,0,1115808,2.000,0.9755,0.6619,0.9973,0.0027,0.1000,1115808
SmolLM2-360M,recency+sinks,lfu,256,8589934592,40983606.56,40983606.56,40983606.56,130758.75,3301.59,1.0000,0,1150677,3.000,0.9826,1.0000,1.0000,0.0000,0.0688,1150677
SmolLM2-360M,topk-attention-blocks,lfu,256,8589934592,40983606.56,40983606.56,40983606.56,130758.75,3301.59,0.9973,0,1115808,2.940,0.9935,0.9910,0.9973,0.0027,0.1000,1115808
SmolLM2-360M,heavy-hitter-blocks,lfu,256,8589934592,40983606.56,40983606.56,40983606.56,130758.75,3301.59,0.9973,0,1115808,2.982,0.9853,0.9968,0.9973,0.0027,0.1000,1115808
SmolLM2-360M,recency-frequency-hybrid,lfu,256,8589934592,40983606.56,40983606.56,40983606.56,130758.75,3301.59,0.9973,0,1115808,2.992,0.9826,0.9973,0.9973,0.0027,0.1000,1115808
SmolLM2-360M,oracle,lfu,256,8589934592,40983606.56,40983606.56,40983606.56,130758.75,3301.59,1.0000,0,0,2.948,1.0000,1.0000,1.0000,0.0000,0.0000,0
SmolLM2-360M,membrane-predictive,lfu,256,8589934592,40983606.56,40983606.56,40983606.56,130758.75,3301.59,1.0000,0,1150677,3.000,0.9827,1.0000,1.0000,0.0000,0.0688,1150677
SmolLM2-360M,full-attention,attention-score-aware,256,8589934592,40983606.56,40983606.56,40983606.56,130758.75,3301.59,1.0000,0,1150677,3.000,0.9826,1.0000,1.0000,0.0000,0.0688,1150677
SmolLM2-360M,sliding-window,attention-score-aware,256,8589934592,40983606.56,40983606.56,40983606.56,130758.75,3301.59,0.9973,0,1115808,2.000,0.9755,0.6619,0.9973,0.0027,0.1000,1115808
SmolLM2-360M,recency+sinks,attention-score-aware,256,8589934592,40983606.56,40983606.56,40983606.56,130758.75,3301.59,1.0000,0,1150677,3.000,0.9826,1.0000,1.0000,0.0000,0.0688,1150677
SmolLM2-360M,topk-attention-blocks,attention-score-aware,256,8589934592,40983606.56,40983606.56,40983606.56,130758.75,3301.59,0.9973,0,1115808,2.940,0.9935,0.9910,0.9973,0.0027,0.1000,1115808
SmolLM2-360M,heavy-hitter-blocks,attention-score-aware,256,8589934592,40983606.56,40983606.56,40983606.56,130758.75,3301.59,0.9973,0,1115808,2.982,0.9853,0.9968,0.9973,0.0027,0.1000,1115808
SmolLM2-360M,recency-frequency-hybrid,attention-score-aware,256,8589934592,40983606.56,40983606.56,40983606.56,130758.75,3301.59,0.9973,0,1115808,2.992,0.9826,0.9973,0.9973,0.0027,0.1000,1115808
SmolLM2-360M,oracle,attention-score-aware,256,8589934592,40983606.56,40983606.56,40983606.56,130758.75,3301.59,1.0000,0,0,2.948,1.0000,1.0000,1.0000,0.0000,0.0000,0
SmolLM2-360M,membrane-predictive,attention-score-aware,256,8589934592,40983606.56,40983606.56,40983606.56,130758.75,3301.59,1.0000,0,1150677,3.000,0.9827,1.0000,1.0000,0.0000,0.0688,1150677
SmolLM2-360M,full-attention,segmented-lru,256,8589934592,40983606.56,40983606.56,40983606.56,130758.75,3301.59,1.0000,0,1150677,3.000,0.9826,1.0000,1.0000,0.0000,0.0688,1150677
SmolLM2-360M,sliding-window,segmented-lru,256,8589934592,40983606.56,40983606.56,40983606.56,130758.75,3301.59,0.9973,0,1115808,2.000,0.9755,0.6619,0.9973,0.0027,0.1000,1115808
SmolLM2-360M,recency+sinks,segmented-lru,256,8589934592,40983606.56,40983606.56,40983606.56,130758.75,3301.59,1.0000,0,1150677,3.000,0.9826,1.0000,1.0000,0.0000,0.0688,1150677
SmolLM2-360M,topk-attention-blocks,segmented-lru,256,8589934592,40983606.56,40983606.56,40983606.56,130758.75,3301.59,0.9973,0,1115808,2.940,0.9935,0.9910,0.9973,0.0027,0.1000,1115808
SmolLM2-360M,heavy-hitter-blocks,segmented-lru,256,8589934592,40983606.56,40983606.56,40983606.56,130758.75,3301.59,0.9973,0,1115808,2.982,0.9853,0.9968,0.9973,0.0027,0.1000,1115808
SmolLM2-360M,recency-frequency-hybrid,segmented-lru,256,8589934592,40983606.56,40983606.56,40983606.56,130758.75,3301.59,0.9973,0,1115808,2.992,0.9826,0.9973,0.9973,0.0027,0.1000,1115808
SmolLM2-360M,oracle,segmented-lru,256,8589934592,40983606.56,40983606.56,40983606.56,130758.75,3301.59,1.0000,0,0,2.948,1.0000,1.0000,1.0000,0.0000,0.0000,0
SmolLM2-360M,membrane-predictive,segmented-lru,256,8589934592,40983606.56,40983606.56,40983606.56,130758.75,3301.59,1.0000,0,1150677,3.000,0.9827,1.0000,1.0000,0.0000,0.0688,1150677
